InvoiceNo,InvoiceDate,CustomerID,Country,ProductID,ProductDescription,Quantity,UnitPrice,TotalAmount
INV378786,2024-10-18,CUST0115,Usa,P1009,Backpack,1,43.63,43.63
INV689706,2024-05-24,CUST0346,Canada,P1011,Table Lamp,3,26.53,79.59
INV685450,2024-12-15,CUST0153,India,P1012,Gaming Headset,1,55.27,55.27
INV819141,2023-01-02,CUST0021,Brazil,P1015,Winter Jacket,4,119.9,479.6
INV995110,2024-06-07,CUST0675,Canada,P1011,Table Lamp,3,28.76,86.28
INV833897,2024-04-02,CUST0631,France,P1015,Winter Jacket,2,120.61,241.22
INV684481,2023-10-06,CUST0751,Canada,P1015,Winter Jacket,3,119.29,357.87
INV312391,2024-12-13,CUST0570,Brazil,P1014,Running Shoes,2,68.24,136.48
INV635654,2023-11-29,CUST0546,Australia,P1012,Gaming Headset,5,57.11,285.55
INV361305,2024-09-01,CUST0634,Usa,P1006,Coffee Mug,3,8.12,24.36
INV649225,2024-03-06,CUST0722,Usa,P1013,Sticky Notes Pack,1,4.41,4.41
INV274132,2023-03-09,CUST0457,Uk,P1008,Water Bottle,5,11.23,56.15
INV109564,2024-11-20,CUST0351,Australia,P1006,Coffee Mug,5,8.11,40.55
INV377825,2024-09-10,CUST0333,Canada,P1013,Sticky Notes Pack,3,4.43,13.29
INV501092,2024-03-26,CUST0454,Canada,P1004,Desk Lamp,5,22.0,110.0
INV459059,2023-01-01,CUST0004,India,P1015,Winter Jacket,4,120.84,483.36
INV684041,2023-07-04,CUST0431,Germany,P1015,Winter Jacket,3,114.39,343.17
INV363014,2024-01-04,CUST0011,Usa,P1002,Bluetooth Speaker,3,34.2,102.6
INV457656,2024-02-26,CUST0628,Usa,P1012,Gaming Headset,4,54.61,218.44
INV927729,2024-04-24,CUST0136,Canada,P1012,Gaming Headset,1,53.27,53.27
INV331879,2023-01-01,CUST0153,India,P1001,Wireless Mouse,5,16.44,82.2
INV792687,2024-05-14,CUST0109,Australia,P1001,Wireless Mouse,2,15.63,31.26
INV585187,2023-01-01,CUST0136,Canada,P1002,Bluetooth Speaker,5,34.21,171.05
INV148622,2024-06-21,CUST0479,Germany,P1012,Gaming Headset,3,55.83,167.49
INV261144,2024-08-12,CUST0240,France,P1002,Bluetooth Speaker,1,36.09,36.09
INV319555,2024-04-12,CUST0373,Brazil,P1001,Wireless Mouse,2,16.11,32.22
INV572152,2024-11-15,CUST0319,Brazil,P1012,Gaming Headset,5,56.45,282.25
INV185775,2024-12-13,CUST0657,Uk,P1015,Winter Jacket,5,123.86,619.3
INV685980,2024-06-15,CUST0362,Brazil,P1009,Backpack,5,44.78,223.9
INV116668,2024-10-30,CUST0462,France,P1013,Sticky Notes Pack,4,4.39,17.56
INV263823,2024-12-14,CUST0321,Germany,P1007,Yoga Mat,3,19.86,59.58
INV203542,2024-12-20,CUST0083,Canada,P1002,Bluetooth Speaker,4,35.59,142.36
INV629309,2024-02-18,CUST0667,Usa,P1011,Table Lamp,3,27.73,83.19
INV863243,2024-12-28,CUST0745,France,P1013,Sticky Notes Pack,4,4.12,16.48
INV823947,2024-08-09,CUST0564,Australia,P1003,Notebook Set,2,6.97,13.94
INV690257,2024-10-13,CUST0392,Germany,P1001,Wireless Mouse,2,16.55,33.1
INV772867,2024-12-01,CUST0382,Germany,P1004,Desk Lamp,4,21.84,87.36
INV772706,2023-01-01,CUST0791,Germany,P1011,Table Lamp,2,27.03,54.06
INV834967,2023-02-27,CUST0596,Australia,P1007,Yoga Mat,2,20.44,40.88
INV828833,2024-07-30,CUST0021,Brazil,P1007,Yoga Mat,4,20.24,80.96
INV967475,2023-06-08,CUST0745,France,P1011,Table Lamp,1,28.51,28.51
INV948139,2024-04-26,CUST0149,Brazil,P1003,Notebook Set,4,7.0,28.0
INV516546,2024-07-14,CUST0535,France,P1005,Office Chair,5,89.88,449.4
INV569649,2023-10-08,CUST0367,Usa,P1009,Backpack,5,43.44,217.2
INV552568,2024-07-03,CUST0678,Germany,P1010,Phone Case,2,10.22,20.44
INV804595,2023-01-01,CUST0351,Australia,P1001,Wireless Mouse,2,16.39,32.78
INV886546,2024-05-16,CUST0735,Brazil,P1013,Sticky Notes Pack,4,4.26,17.04
INV250357,2024-07-27,CUST0153,India,P1005,Office Chair,3,86.93,260.79
INV492266,2024-07-21,CUST0001,Germany,P1009,Backpack,1,45.25,45.25
INV993987,2023-11-06,CUST0517,Brazil,P1002,Bluetooth Speaker,4,33.79,135.16
INV261395,2023-01-01,CUST0349,France,P1007,Yoga Mat,1,19.6,19.6
INV478692,2024-10-01,CUST0616,Canada,P1014,Running Shoes,3,65.63,196.89
INV363619,2024-08-27,CUST0669,India,P1004,Desk Lamp,2,22.5,45.0
INV844141,2024-03-25,CUST0346,Canada,P1012,Gaming Headset,4,55.57,222.28
INV311579,2023-12-20,CUST0487,France,P1009,Backpack,2,44.93,89.86
INV647228,2024-10-18,CUST0037,Germany,P1008,Water Bottle,5,11.75,58.75
INV558471,2024-12-25,CUST0771,Brazil,P1013,Sticky Notes Pack,1,4.36,4.36
INV714461,2024-12-12,CUST0002,Australia,P1007,Yoga Mat,4,20.1,80.4
INV854531,2024-11-05,CUST0430,Australia,P1007,Yoga Mat,1,19.46,19.46
INV319459,2024-07-24,CUST0579,Brazil,P1014,Running Shoes,5,64.34,321.7
INV690487,2024-10-11,CUST0358,Germany,P1011,Table Lamp,1,27.74,27.74
INV483603,2024-12-12,CUST0091,Brazil,P1005,Office Chair,1,92.95,92.95
INV976494,2023-12-09,CUST0507,Brazil,P1013,Sticky Notes Pack,4,4.3,17.2
INV494760,2024-11-21,CUST0080,Uk,P1012,Gaming Headset,2,53.18,106.36
INV998472,2024-11-20,CUST0709,France,P1007,Yoga Mat,3,19.65,58.95
INV480264,2024-08-26,CUST0231,France,P1015,Winter Jacket,1,122.58,122.58
INV246266,2024-04-07,CUST0666,Canada,P1003,Notebook Set,4,6.96,27.84
INV902228,2024-09-14,CUST0546,Australia,P1008,Water Bottle,3,11.95,35.85
INV734424,2024-12-29,CUST0244,Uk,P1004,Desk Lamp,4,22.45,89.8
INV267544,2023-11-19,CUST0552,Germany,P1011,Table Lamp,1,27.42,27.42
INV957761,2023-11-02,CUST0293,India,P1015,Winter Jacket,2,114.61,229.22
INV647690,2024-01-14,CUST0103,India,P1003,Notebook Set,3,6.49,19.47
INV199701,2023-01-01,CUST0333,Canada,P1013,Sticky Notes Pack,4,4.07,16.28
INV109502,2024-03-09,CUST0538,France,P1008,Water Bottle,2,11.71,23.42
INV189407,2024-07-01,CUST0406,France,P1012,Gaming Headset,1,55.75,55.75
INV844182,2024-09-04,CUST0596,Australia,P1007,Yoga Mat,2,19.78,39.56
INV635873,2024-08-20,CUST0511,India,P1012,Gaming Headset,4,52.54,210.16
INV103797,2024-09-18,CUST0034,Canada,P1010,Phone Case,4,10.24,40.96
INV860748,2024-09-15,CUST0542,Australia,P1003,Notebook Set,5,6.58,32.9
INV274132,2023-03-09,CUST0457,Uk,P1005,Office Chair,4,90.01,360.04
INV344862,2023-01-01,CUST0453,Uk,P1010,Phone Case,2,10.49,20.98
INV236988,2023-11-18,CUST0688,Usa,P1002,Bluetooth Speaker,1,34.49,34.49
INV193817,2024-07-19,CUST0675,Canada,P1008,Water Bottle,4,11.79,47.16
INV577570,2023-12-30,CUST0310,Usa,P1004,Desk Lamp,2,21.62,43.24
INV162968,2023-11-14,CUST0478,France,P1010,Phone Case,1,10.22,10.22
INV568263,2024-12-10,CUST0029,Uk,P1003,Notebook Set,5,6.96,34.8
INV455298,2024-08-10,CUST0221,France,P1012,Gaming Headset,1,54.74,54.74
INV879416,2024-10-25,CUST0264,France,P1009,Backpack,5,43.17,215.85
INV340965,2024-08-22,CUST0231,France,P1004,Desk Lamp,1,22.32,22.32
INV292599,2024-05-02,CUST0192,Canada,P1007,Yoga Mat,4,20.61,82.44
INV655582,2023-01-01,CUST0499,France,P1008,Water Bottle,4,11.64,46.56
INV739719,2023-01-01,CUST0350,France,P1008,Water Bottle,1,11.1,11.1
INV409798,2024-12-12,CUST0342,Germany,P1006,Coffee Mug,2,8.56,17.12
INV645311,2024-11-19,CUST0692,Canada,P1012,Gaming Headset,1,52.39,52.39
INV162289,2024-02-22,CUST0758,Uk,P1012,Gaming Headset,3,52.7,158.1
INV253743,2023-01-01,CUST0694,Germany,P1010,Phone Case,3,9.86,29.58
INV929771,2024-10-31,CUST0078,Uk,P1013,Sticky Notes Pack,1,4.08,4.08
INV502838,2023-01-01,CUST0622,France,P1012,Gaming Headset,4,53.6,214.4
INV482532,2023-05-09,CUST0357,Canada,P1005,Office Chair,2,86.28,172.56
INV879035,2024-06-14,CUST0745,France,P1014,Running Shoes,4,65.93,263.72
INV247309,2024-08-28,CUST0479,Germany,P1009,Backpack,3,46.18,138.54
INV912284,2024-05-02,CUST0258,Uk,P1014,Running Shoes,1,68.01,68.01
INV316167,2024-04-20,CUST0240,France,P1009,Backpack,2,46.73,93.46
INV337165,2024-08-08,CUST0666,Canada,P1004,Desk Lamp,3,22.06,66.18
INV812032,2024-07-20,CUST0177,France,P1002,Bluetooth Speaker,3,33.4,100.2
INV248934,2023-12-31,CUST0655,Uk,P1011,Table Lamp,1,28.67,28.67
INV687969,2023-01-01,CUST0117,Germany,P1006,Coffee Mug,3,8.42,25.26
INV754516,2024-09-18,CUST0225,Germany,P1012,Gaming Headset,5,57.29,286.45
INV847167,2024-01-14,CUST0106,Australia,P1005,Office Chair,3,92.27,276.81
INV803678,2024-12-01,CUST0555,India,P1006,Coffee Mug,3,8.56,25.68
INV121707,2024-11-24,CUST0621,Usa,P1015,Winter Jacket,2,121.48,242.96
INV264066,2024-06-02,CUST0149,Brazil,P1008,Water Bottle,5,11.72,58.6
INV458801,2024-08-17,CUST0644,Germany,P1009,Backpack,5,43.03,215.15
INV304214,2024-10-15,CUST0691,Germany,P1013,Sticky Notes Pack,5,4.11,20.55
INV162249,2024-12-23,CUST0693,France,P1001,Wireless Mouse,2,15.29,30.58
INV238354,2024-06-02,CUST0114,Brazil,P1005,Office Chair,5,87.93,439.65
INV483014,2023-10-03,CUST0169,Brazil,P1005,Office Chair,2,90.23,180.46
INV381552,2024-11-22,CUST0170,Uk,P1015,Winter Jacket,5,122.67,613.35
INV236521,2024-11-09,CUST0331,Uk,P1012,Gaming Headset,5,53.15,265.75
INV698866,2023-05-02,CUST0198,Uk,P1001,Wireless Mouse,3,15.29,45.87
INV260978,2024-11-19,CUST0186,India,P1014,Running Shoes,4,63.85,255.4
INV988640,2024-10-18,CUST0774,India,P1007,Yoga Mat,2,20.19,40.38
INV360888,2024-07-29,CUST0193,Uk,P1011,Table Lamp,3,28.37,85.11
INV936773,2024-04-08,CUST0051,Germany,P1003,Notebook Set,3,6.6,19.8
INV461030,2023-09-20,CUST0518,Germany,P1013,Sticky Notes Pack,2,4.09,8.18
INV479198,2024-11-09,CUST0343,Usa,P1002,Bluetooth Speaker,1,34.15,34.15
INV851343,2024-10-27,CUST0082,Australia,P1008,Water Bottle,1,11.86,11.86
INV665037,2023-01-01,CUST0176,Usa,P1011,Table Lamp,3,26.15,78.45
INV926862,2023-03-24,CUST0389,Uk,P1012,Gaming Headset,5,54.17,270.85
INV422709,2023-11-07,CUST0555,India,P1011,Table Lamp,4,26.7,106.8
INV915953,2024-05-29,CUST0349,France,P1008,Water Bottle,2,11.17,22.34
INV525493,2024-10-07,CUST0238,Germany,P1013,Sticky Notes Pack,4,4.38,17.52
INV246609,2024-11-05,CUST0170,Uk,P1009,Backpack,5,46.45,232.25
INV266421,2024-06-29,CUST0021,Brazil,P1010,Phone Case,3,10.21,30.63
INV371093,2023-09-05,CUST0378,India,P1010,Phone Case,2,9.75,19.5
INV567958,2024-10-08,CUST0005,Brazil,P1005,Office Chair,5,89.22,446.1
INV563848,2024-11-29,CUST0349,France,P1008,Water Bottle,5,12.02,60.1
INV675202,2024-12-26,CUST0208,Usa,P1008,Water Bottle,1,11.17,11.17
INV555136,2024-10-11,CUST0026,Canada,P1001,Wireless Mouse,3,15.98,47.94
INV652679,2023-12-08,CUST0435,India,P1008,Water Bottle,2,11.91,23.82
INV911924,2024-01-14,CUST0491,Australia,P1004,Desk Lamp,4,22.87,91.48
INV939459,2024-10-05,CUST0599,Usa,P1015,Winter Jacket,1,123.63,123.63
INV145248,2024-10-13,CUST0512,Canada,P1012,Gaming Headset,1,53.58,53.58
INV546623,2023-03-08,CUST0355,France,P1001,Wireless Mouse,3,15.55,46.65
INV245460,2024-12-20,CUST0093,France,P1001,Wireless Mouse,3,16.39,49.17
INV333667,2024-10-22,CUST0666,Canada,P1013,Sticky Notes Pack,3,4.08,12.24
INV536419,2024-12-20,CUST0636,Australia,P1015,Winter Jacket,4,116.96,467.84
INV892226,2024-08-23,CUST0260,Canada,P1006,Coffee Mug,4,8.59,34.36
INV443061,2023-01-01,CUST0212,India,P1002,Bluetooth Speaker,1,35.63,35.63
INV963118,2024-04-21,CUST0266,Australia,P1005,Office Chair,1,86.63,86.63
INV506086,2024-12-13,CUST0170,Uk,P1002,Bluetooth Speaker,4,35.83,143.32
INV640717,2024-03-07,CUST0622,France,P1014,Running Shoes,5,63.17,315.85
INV701637,2024-01-08,CUST0400,Uk,P1008,Water Bottle,1,11.71,11.71
INV511306,2023-03-10,CUST0637,France,P1013,Sticky Notes Pack,1,4.27,4.27
INV489066,2023-01-01,CUST0301,Australia,P1001,Wireless Mouse,1,15.35,15.35
INV385693,2024-02-12,CUST0615,Germany,P1001,Wireless Mouse,2,16.74,33.48
INV663511,2024-11-20,CUST0143,Germany,P1010,Phone Case,1,10.43,10.43
INV184426,2024-07-03,CUST0541,Usa,P1006,Coffee Mug,1,8.41,8.41
INV581296,2024-09-08,CUST0396,Usa,P1005,Office Chair,2,85.68,171.36
INV760519,2024-10-23,CUST0597,France,P1013,Sticky Notes Pack,5,4.45,22.25
INV915013,2024-12-28,CUST0331,Uk,P1015,Winter Jacket,3,115.28,345.84
INV908463,2024-10-01,CUST0465,India,P1011,Table Lamp,4,26.78,107.12
INV416738,2024-07-07,CUST0683,Canada,P1011,Table Lamp,3,27.92,83.76
INV517651,2024-07-08,CUST0310,Usa,P1010,Phone Case,5,10.44,52.2
INV995782,2024-08-24,CUST0331,Uk,P1010,Phone Case,4,9.82,39.28
INV257290,2023-01-01,CUST0570,Brazil,P1014,Running Shoes,1,63.72,63.72
INV586018,2023-01-01,CUST0665,India,P1014,Running Shoes,3,64.5,193.5
INV729861,2023-01-01,CUST0652,Uk,P1008,Water Bottle,4,12.07,48.28
INV267753,2024-03-05,CUST0067,Uk,P1010,Phone Case,1,10.24,10.24
INV121930,2024-07-26,CUST0121,Canada,P1009,Backpack,1,46.35,46.35
INV453633,2024-11-05,CUST0666,Canada,P1002,Bluetooth Speaker,2,35.8,71.6
INV311013,2024-08-04,CUST0437,France,P1015,Winter Jacket,1,125.5,125.5
INV890032,2024-09-20,CUST0310,Usa,P1009,Backpack,4,46.32,185.28
INV749673,2024-02-09,CUST0546,Australia,P1010,Phone Case,3,9.74,29.22
INV138344,2024-11-29,CUST0721,Brazil,P1013,Sticky Notes Pack,2,4.19,8.38
INV903894,2024-10-26,CUST0554,Uk,P1011,Table Lamp,3,26.19,78.57
INV792103,2024-08-28,CUST0446,Canada,P1008,Water Bottle,4,11.24,44.96
INV408349,2024-03-09,CUST0140,Australia,P1003,Notebook Set,4,6.71,26.84
INV354884,2023-12-18,CUST0703,Canada,P1015,Winter Jacket,1,124.16,124.16
INV695942,2023-01-01,CUST0001,Germany,P1003,Notebook Set,3,7.07,21.21
INV106863,2024-09-14,CUST0259,Usa,P1013,Sticky Notes Pack,5,4.45,22.25
INV359710,2023-08-27,CUST0389,Uk,P1004,Desk Lamp,2,22.12,44.24
INV239764,2024-04-01,CUST0304,France,P1009,Backpack,5,45.9,229.5
INV448226,2024-12-03,CUST0478,France,P1009,Backpack,5,44.39,221.95
INV655251,2024-05-22,CUST0409,Brazil,P1015,Winter Jacket,5,116.31,581.55
INV419161,2024-10-09,CUST0486,Usa,P1009,Backpack,4,44.4,177.6
INV877240,2024-09-30,CUST0657,Uk,P1008,Water Bottle,3,11.01,33.03
INV714492,2024-05-08,CUST0265,India,P1012,Gaming Headset,1,55.06,55.06
INV916498,2024-05-03,CUST0103,India,P1011,Table Lamp,2,27.25,54.5
INV355363,2024-08-31,CUST0761,Brazil,P1002,Bluetooth Speaker,2,33.49,66.98
INV793771,2024-12-23,CUST0767,India,P1013,Sticky Notes Pack,3,4.27,12.81
INV865192,2024-03-30,CUST0225,Germany,P1006,Coffee Mug,3,8.36,25.08
INV969208,2024-08-16,CUST0265,India,P1001,Wireless Mouse,5,16.5,82.5
INV104326,2024-07-19,CUST0689,Usa,P1002,Bluetooth Speaker,2,34.3,68.6
INV402676,2024-07-27,CUST0725,Uk,P1013,Sticky Notes Pack,4,4.2,16.8
INV199808,2024-11-16,CUST0732,Germany,P1014,Running Shoes,3,67.64,202.92
INV115738,2024-10-10,CUST0440,Brazil,P1008,Water Bottle,3,11.21,33.63
INV748152,2024-12-15,CUST0439,France,P1001,Wireless Mouse,5,15.59,77.95
INV272056,2023-10-28,CUST0003,Australia,P1007,Yoga Mat,4,20.68,82.72
INV258474,2024-08-06,CUST0462,France,P1011,Table Lamp,5,26.51,132.55
INV643233,2024-08-12,CUST0315,Germany,P1001,Wireless Mouse,1,15.54,15.54
INV422071,2024-08-16,CUST0580,France,P1011,Table Lamp,5,28.76,143.8
INV553274,2023-08-08,CUST0580,France,P1010,Phone Case,4,9.91,39.64
INV227976,2023-06-22,CUST0436,Brazil,P1009,Backpack,4,44.42,177.68
INV399808,2024-12-14,CUST0489,Brazil,P1002,Bluetooth Speaker,4,33.01,132.04
INV738929,2023-05-01,CUST0541,Usa,P1010,Phone Case,5,9.69,48.45
INV546623,2023-03-08,CUST0355,France,P1013,Sticky Notes Pack,4,4.26,17.04
INV207186,2023-01-01,CUST0692,Canada,P1008,Water Bottle,5,11.88,59.4
INV173885,2024-04-21,CUST0454,Canada,P1010,Phone Case,2,9.93,19.86
INV311025,2024-07-21,CUST0345,France,P1002,Bluetooth Speaker,3,34.9,104.7
INV229514,2024-12-15,CUST0536,France,P1001,Wireless Mouse,2,16.63,33.26
INV130621,2024-09-04,CUST0376,Canada,P1012,Gaming Headset,3,54.96,164.88
INV840625,2023-11-04,CUST0724,Brazil,P1005,Office Chair,4,91.35,365.4
INV260978,2024-11-19,CUST0186,India,P1002,Bluetooth Speaker,3,33.49,100.47
INV971486,2024-10-08,CUST0175,Canada,P1015,Winter Jacket,3,118.99,356.97
INV772572,2024-10-09,CUST0498,Brazil,P1012,Gaming Headset,2,55.05,110.1
INV874941,2024-12-15,CUST0587,Canada,P1001,Wireless Mouse,2,16.36,32.72
INV315749,2024-02-15,CUST0761,Brazil,P1015,Winter Jacket,4,114.17,456.68
INV553178,2024-06-22,CUST0472,Brazil,P1010,Phone Case,4,10.19,40.76
INV220251,2024-07-16,CUST0052,Australia,P1008,Water Bottle,1,11.6,11.6
INV690487,2024-10-11,CUST0358,Germany,P1013,Sticky Notes Pack,2,4.37,8.74
INV814340,2024-12-04,CUST0567,Uk,P1003,Notebook Set,3,7.01,21.03
INV518096,2024-03-04,CUST0298,Canada,P1008,Water Bottle,2,11.65,23.3
INV608249,2023-01-01,CUST0006,France,P1010,Phone Case,1,9.91,9.91
INV488199,2024-09-27,CUST0406,France,P1010,Phone Case,3,9.5,28.5
INV753872,2024-08-18,CUST0024,Brazil,P1011,Table Lamp,3,27.24,81.72
INV359155,2024-03-24,CUST0036,Brazil,P1009,Backpack,2,44.35,88.7
INV455977,2024-02-28,CUST0580,France,P1015,Winter Jacket,4,115.54,462.16
INV174457,2024-12-22,CUST0394,Canada,P1015,Winter Jacket,4,114.81,459.24
INV244162,2024-10-21,CUST0214,Australia,P1014,Running Shoes,5,68.08,340.4
INV656212,2024-01-12,CUST0103,India,P1006,Coffee Mug,1,8.62,8.62
INV278824,2024-09-20,CUST0397,Australia,P1008,Water Bottle,3,11.26,33.78
INV750482,2024-01-29,CUST0665,India,P1015,Winter Jacket,1,122.12,122.12
INV106863,2024-09-14,CUST0259,Usa,P1006,Coffee Mug,1,8.35,8.35
INV488079,2024-12-25,CUST0655,Uk,P1007,Yoga Mat,1,20.33,20.33
INV437528,2024-03-24,CUST0087,Australia,P1003,Notebook Set,5,6.65,33.25
INV289995,2024-03-31,CUST0056,Australia,P1014,Running Shoes,4,65.53,262.12
INV857061,2024-06-18,CUST0288,Brazil,P1011,Table Lamp,1,27.35,27.35
INV692146,2024-07-15,CUST0493,Canada,P1004,Desk Lamp,3,21.75,65.25
INV633970,2024-08-08,CUST0580,France,P1003,Notebook Set,1,7.08,7.08
INV898378,2024-05-14,CUST0059,Australia,P1011,Table Lamp,3,26.53,79.59
INV165302,2023-01-01,CUST0289,France,P1007,Yoga Mat,5,20.5,102.5
INV806626,2024-11-12,CUST0136,Canada,P1001,Wireless Mouse,3,16.07,48.21
INV919131,2024-09-22,CUST0611,India,P1015,Winter Jacket,4,120.87,483.48
INV514668,2023-01-01,CUST0358,Germany,P1015,Winter Jacket,1,125.77,125.77
INV169994,2024-12-12,CUST0623,India,P1008,Water Bottle,3,11.04,33.12
INV941261,2024-08-11,CUST0701,Australia,P1003,Notebook Set,3,7.06,21.18
INV529014,2024-12-16,CUST0076,India,P1011,Table Lamp,4,26.87,107.48
INV878680,2024-08-01,CUST0086,France,P1010,Phone Case,5,10.16,50.8
INV307245,2024-03-01,CUST0758,Uk,P1006,Coffee Mug,1,8.6,8.6
INV561595,2024-02-03,CUST0614,Brazil,P1012,Gaming Headset,2,55.24,110.48
INV919606,2024-07-22,CUST0120,France,P1004,Desk Lamp,5,22.68,113.4
INV326110,2024-08-31,CUST0155,India,P1003,Notebook Set,1,7.09,7.09
INV342775,2024-07-05,CUST0678,Germany,P1011,Table Lamp,5,27.39,136.95
INV406924,2023-01-01,CUST0665,India,P1011,Table Lamp,4,27.73,110.92
INV227642,2024-08-06,CUST0406,France,P1001,Wireless Mouse,4,16.08,64.32
INV831470,2024-07-07,CUST0248,Australia,P1002,Bluetooth Speaker,4,34.5,138.0
INV952762,2024-08-08,CUST0159,France,P1005,Office Chair,3,91.78,275.34
INV985684,2024-01-16,CUST0699,Germany,P1010,Phone Case,5,9.58,47.9
INV632840,2023-02-25,CUST0667,Usa,P1005,Office Chair,5,94.07,470.35
INV173586,2024-12-21,CUST0761,Brazil,P1002,Bluetooth Speaker,5,34.17,170.85
INV572939,2024-07-12,CUST0245,Germany,P1002,Bluetooth Speaker,1,36.18,36.18
INV747704,2024-05-22,CUST0371,Australia,P1010,Phone Case,2,9.71,19.42
INV803910,2023-06-27,CUST0591,India,P1003,Notebook Set,1,6.54,6.54
INV512063,2024-06-14,CUST0155,India,P1012,Gaming Headset,1,53.54,53.54
INV852735,2024-06-15,CUST0250,Uk,P1006,Coffee Mug,5,8.34,41.7
INV919402,2024-08-20,CUST0436,Brazil,P1007,Yoga Mat,1,20.44,20.44
INV889121,2023-01-01,CUST0153,India,P1013,Sticky Notes Pack,2,4.08,8.16
INV191307,2024-12-17,CUST0550,Australia,P1014,Running Shoes,5,67.43,337.15
INV809124,2024-06-15,CUST0628,Usa,P1004,Desk Lamp,4,21.89,87.56
INV659823,2024-04-07,CUST0169,Brazil,P1002,Bluetooth Speaker,2,34.71,69.42
INV589708,2024-08-02,CUST0600,France,P1014,Running Shoes,1,67.66,67.66
INV309886,2023-01-01,CUST0153,India,P1008,Water Bottle,5,11.83,59.15
INV988871,2024-05-25,CUST0588,France,P1012,Gaming Headset,5,57.33,286.65
INV358945,2024-01-23,CUST0592,Canada,P1010,Phone Case,1,9.77,9.77
INV358474,2024-10-25,CUST0778,Uk,P1014,Running Shoes,2,68.22,136.44
INV905190,2024-08-29,CUST0686,Canada,P1014,Running Shoes,5,66.46,332.3
INV146258,2024-11-20,CUST0090,Canada,P1005,Office Chair,2,91.78,183.56
INV942318,2024-01-13,CUST0026,Canada,P1007,Yoga Mat,2,19.28,38.56
INV872895,2023-01-01,CUST0004,India,P1013,Sticky Notes Pack,3,4.07,12.21
INV365089,2024-12-28,CUST0620,Uk,P1014,Running Shoes,5,65.54,327.7
INV838316,2024-10-25,CUST0590,Brazil,P1014,Running Shoes,2,63.06,126.12
INV759314,2024-11-29,CUST0192,Canada,P1010,Phone Case,2,10.22,20.44
INV253666,2024-08-25,CUST0632,France,P1005,Office Chair,1,91.51,91.51
INV151440,2024-05-07,CUST0373,Brazil,P1011,Table Lamp,1,26.48,26.48
INV276226,2023-09-24,CUST0684,Usa,P1014,Running Shoes,4,63.24,252.96
INV806457,2023-10-19,CUST0431,Germany,P1012,Gaming Headset,1,56.07,56.07
INV616356,2024-08-15,CUST0683,Canada,P1011,Table Lamp,5,27.17,135.85
INV126098,2023-12-06,CUST0596,Australia,P1012,Gaming Headset,2,55.04,110.08
INV119809,2024-08-14,CUST0264,France,P1006,Coffee Mug,4,8.29,33.16
INV673963,2024-10-13,CUST0392,Germany,P1005,Office Chair,2,87.43,174.86
INV860312,2023-01-01,CUST0622,France,P1011,Table Lamp,1,28.43,28.43
INV695578,2024-03-16,CUST0266,Australia,P1010,Phone Case,2,9.71,19.42
INV207003,2024-10-17,CUST0256,France,P1006,Coffee Mug,2,8.3,16.6
INV609642,2024-06-30,CUST0436,Brazil,P1002,Bluetooth Speaker,1,33.19,33.19
INV510101,2024-08-17,CUST0345,France,P1012,Gaming Headset,1,56.2,56.2
INV801182,2024-05-28,CUST0675,Canada,P1014,Running Shoes,5,68.13,340.65
INV457795,2024-05-10,CUST0281,Canada,P1005,Office Chair,3,88.18,264.54
INV673497,2024-11-11,CUST0491,Australia,P1006,Coffee Mug,3,8.31,24.93
INV390009,2023-09-18,CUST0705,Australia,P1012,Gaming Headset,4,54.86,219.44
INV749265,2023-08-20,CUST0425,Brazil,P1014,Running Shoes,2,63.42,126.84
INV675584,2024-06-16,CUST0098,Australia,P1009,Backpack,2,43.88,87.76
INV792549,2024-11-17,CUST0073,Canada,P1007,Yoga Mat,1,20.42,20.42
INV414167,2023-08-05,CUST0555,India,P1010,Phone Case,4,9.53,38.12
INV187106,2024-12-06,CUST0631,France,P1008,Water Bottle,4,11.59,46.36
INV191480,2023-01-01,CUST0590,Brazil,P1006,Coffee Mug,4,8.39,33.56
INV211780,2023-01-01,CUST0176,Usa,P1001,Wireless Mouse,3,16.75,50.25
INV765281,2024-08-09,CUST0548,Brazil,P1009,Backpack,3,45.77,137.31
INV479078,2024-06-11,CUST0434,Usa,P1002,Bluetooth Speaker,5,35.78,178.9
INV691898,2024-08-11,CUST0055,Brazil,P1008,Water Bottle,3,11.38,34.14
INV638325,2024-03-25,CUST0665,India,P1006,Coffee Mug,4,8.05,32.2
INV932775,2024-11-10,CUST0647,Germany,P1010,Phone Case,2,9.94,19.88
INV407702,2024-06-08,CUST0771,Brazil,P1002,Bluetooth Speaker,2,34.79,69.58
INV975335,2023-09-28,CUST0113,Germany,P1009,Backpack,2,44.98,89.96
INV250357,2024-07-27,CUST0153,India,P1015,Winter Jacket,1,114.56,114.56
INV238577,2023-12-08,CUST0517,Brazil,P1015,Winter Jacket,5,114.23,571.15
INV481282,2024-09-16,CUST0399,France,P1008,Water Bottle,1,12.01,12.01
INV499327,2024-08-07,CUST0236,Australia,P1015,Winter Jacket,1,118.04,118.04
INV617841,2024-10-22,CUST0492,Usa,P1003,Notebook Set,5,6.82,34.1
INV187154,2024-06-22,CUST0533,Usa,P1012,Gaming Headset,1,56.42,56.42
INV810184,2024-08-25,CUST0269,Brazil,P1006,Coffee Mug,1,8.58,8.58
INV814903,2023-01-01,CUST0238,Germany,P1008,Water Bottle,1,11.59,11.59
INV851343,2024-10-27,CUST0082,Australia,P1013,Sticky Notes Pack,4,4.44,17.76
INV839051,2024-12-05,CUST0345,France,P1010,Phone Case,5,10.36,51.8
INV908302,2023-08-25,CUST0346,Canada,P1003,Notebook Set,4,6.53,26.12
INV993390,2023-01-01,CUST0220,Brazil,P1010,Phone Case,3,10.03,30.09
INV651975,2024-05-12,CUST0104,India,P1011,Table Lamp,2,28.02,56.04
INV145144,2024-01-01,CUST0101,India,P1013,Sticky Notes Pack,1,4.2,4.2
INV728811,2024-07-25,CUST0462,France,P1014,Running Shoes,3,64.07,192.21
INV553543,2024-07-05,CUST0011,Usa,P1011,Table Lamp,2,27.38,54.76
INV962577,2024-12-10,CUST0560,Canada,P1003,Notebook Set,5,6.65,33.25
INV649745,2024-09-02,CUST0282,Canada,P1013,Sticky Notes Pack,3,4.35,13.05
INV434711,2024-01-11,CUST0382,Germany,P1014,Running Shoes,4,65.05,260.2
INV688272,2023-01-01,CUST0625,Australia,P1001,Wireless Mouse,2,15.9,31.8
INV639244,2024-02-12,CUST0276,India,P1006,Coffee Mug,3,7.94,23.82
INV292195,2024-04-17,CUST0301,Australia,P1012,Gaming Headset,5,55.59,277.95
INV937923,2023-01-01,CUST0153,India,P1007,Yoga Mat,2,20.56,41.12
INV963896,2024-01-24,CUST0424,Canada,P1012,Gaming Headset,4,55.69,222.76
INV331377,2023-10-17,CUST0704,France,P1007,Yoga Mat,4,20.13,80.52
INV953790,2024-09-20,CUST0325,India,P1001,Wireless Mouse,3,16.19,48.57
INV943790,2023-01-01,CUST0103,India,P1005,Office Chair,4,90.68,362.72
INV164618,2023-01-01,CUST0006,France,P1008,Water Bottle,4,11.2,44.8
INV279521,2024-08-18,CUST0457,Uk,P1012,Gaming Headset,3,53.29,159.87
INV368096,2024-09-26,CUST0217,Australia,P1012,Gaming Headset,4,55.5,222.0
INV578690,2023-12-22,CUST0398,Usa,P1003,Notebook Set,1,6.77,6.77
INV155167,2023-11-03,CUST0723,Australia,P1002,Bluetooth Speaker,2,33.06,66.12
INV623779,2024-07-19,CUST0498,Brazil,P1013,Sticky Notes Pack,4,4.39,17.56
INV442810,2023-10-28,CUST0366,India,P1014,Running Shoes,2,61.93,123.86
INV734606,2023-01-01,CUST0493,Canada,P1014,Running Shoes,2,66.1,132.2
INV189259,2023-11-07,CUST0076,India,P1012,Gaming Headset,2,54.35,108.7
INV519304,2024-10-19,CUST0159,France,P1013,Sticky Notes Pack,4,4.42,17.68
INV416266,2024-09-09,CUST0725,Uk,P1008,Water Bottle,5,11.12,55.6
INV376122,2024-09-16,CUST0333,Canada,P1008,Water Bottle,5,11.36,56.8
INV953467,2024-11-27,CUST0536,France,P1010,Phone Case,2,9.98,19.96
INV771335,2024-09-26,CUST0542,Australia,P1009,Backpack,5,43.3,216.5
INV840625,2023-11-04,CUST0724,Brazil,P1003,Notebook Set,4,7.03,28.12
INV318080,2024-06-12,CUST0098,Australia,P1015,Winter Jacket,5,123.28,616.4
INV717674,2023-01-01,CUST0103,India,P1012,Gaming Headset,5,55.54,277.7
INV781410,2023-01-01,CUST0454,Canada,P1002,Bluetooth Speaker,1,34.08,34.08
INV216052,2023-03-12,CUST0657,Uk,P1001,Wireless Mouse,1,16.75,16.75
INV258130,2024-07-16,CUST0052,Australia,P1015,Winter Jacket,2,123.66,247.32
INV976807,2024-08-21,CUST0366,India,P1011,Table Lamp,2,27.82,55.64
INV901699,2024-06-26,CUST0082,Australia,P1009,Backpack,4,44.9,179.6
INV824880,2024-08-04,CUST0293,India,P1014,Running Shoes,5,66.54,332.7
INV692072,2024-01-12,CUST0039,Usa,P1007,Yoga Mat,1,19.78,19.78
INV379283,2024-12-24,CUST0326,India,P1012,Gaming Headset,2,53.01,106.02
INV672403,2024-06-17,CUST0288,Brazil,P1011,Table Lamp,2,27.75,55.5
INV534945,2024-09-08,CUST0514,India,P1003,Notebook Set,3,7.0,21.0
INV236591,2024-07-21,CUST0587,Canada,P1005,Office Chair,3,86.18,258.54
INV753173,2024-05-28,CUST0327,Usa,P1009,Backpack,3,44.37,133.11
INV357265,2023-07-08,CUST0414,Australia,P1014,Running Shoes,5,67.27,336.35
INV590132,2024-11-18,CUST0276,India,P1011,Table Lamp,2,27.86,55.72
INV609492,2024-11-23,CUST0082,Australia,P1005,Office Chair,1,90.58,90.58
INV926862,2023-03-24,CUST0389,Uk,P1002,Bluetooth Speaker,2,33.83,67.66
INV677751,2024-05-01,CUST0571,Canada,P1004,Desk Lamp,3,21.58,64.74
INV206071,2023-07-31,CUST0204,Australia,P1005,Office Chair,2,91.64,183.28
INV443979,2024-09-03,CUST0673,Canada,P1002,Bluetooth Speaker,2,33.05,66.1
INV652554,2023-11-06,CUST0044,France,P1002,Bluetooth Speaker,1,35.61,35.61
INV148642,2024-06-26,CUST0127,India,P1014,Running Shoes,3,63.95,191.85
INV499371,2024-10-06,CUST0546,Australia,P1013,Sticky Notes Pack,2,4.33,8.66
INV244120,2023-08-11,CUST0533,Usa,P1004,Desk Lamp,3,21.37,64.11
INV239484,2023-01-24,CUST0327,Usa,P1006,Coffee Mug,3,7.98,23.94
INV598224,2024-07-05,CUST0208,Usa,P1002,Bluetooth Speaker,5,34.99,174.95
INV577404,2024-01-29,CUST0613,Canada,P1010,Phone Case,2,10.3,20.6
INV868124,2024-09-26,CUST0001,Germany,P1004,Desk Lamp,2,22.79,45.58
INV488695,2023-11-22,CUST0089,Usa,P1006,Coffee Mug,5,7.86,39.3
INV280005,2024-11-02,CUST0647,Germany,P1002,Bluetooth Speaker,4,33.0,132.0
INV849657,2023-01-23,CUST0657,Uk,P1001,Wireless Mouse,3,16.73,50.19
INV177216,2024-10-16,CUST0453,Uk,P1010,Phone Case,2,9.54,19.08
INV921703,2023-07-30,CUST0091,Brazil,P1011,Table Lamp,1,26.86,26.86
INV804484,2023-10-28,CUST0568,India,P1014,Running Shoes,3,67.76,203.28
INV494629,2024-10-27,CUST0460,Uk,P1011,Table Lamp,3,28.63,85.89
INV904970,2024-09-25,CUST0041,France,P1002,Bluetooth Speaker,4,36.05,144.2
INV994584,2024-12-25,CUST0160,Germany,P1008,Water Bottle,4,11.66,46.64
INV993987,2023-11-06,CUST0517,Brazil,P1012,Gaming Headset,2,53.18,106.36
INV478728,2023-09-25,CUST0116,India,P1004,Desk Lamp,3,21.65,64.95
INV150711,2024-09-15,CUST0489,Brazil,P1010,Phone Case,3,10.14,30.42
INV772962,2024-06-05,CUST0173,France,P1009,Backpack,2,46.01,92.02
INV431853,2024-08-05,CUST0383,Australia,P1008,Water Bottle,1,11.32,11.32
INV127271,2023-01-01,CUST0228,France,P1013,Sticky Notes Pack,3,4.41,13.23
INV582654,2024-06-14,CUST0232,Brazil,P1003,Notebook Set,2,7.04,14.08
INV119571,2024-01-29,CUST0240,France,P1014,Running Shoes,4,65.19,260.76
INV216625,2024-01-07,CUST0266,Australia,P1003,Notebook Set,3,7.08,21.24
INV694608,2024-09-17,CUST0679,Uk,P1012,Gaming Headset,1,56.65,56.65
INV635330,2024-11-27,CUST0143,Germany,P1013,Sticky Notes Pack,3,4.35,13.05
INV333076,2024-08-11,CUST0155,India,P1010,Phone Case,5,10.03,50.15
INV245461,2023-08-08,CUST0452,India,P1013,Sticky Notes Pack,3,4.42,13.26
INV721889,2024-09-17,CUST0097,Brazil,P1005,Office Chair,1,86.92,86.92
INV802976,2024-09-23,CUST0355,France,P1012,Gaming Headset,3,54.89,164.67
INV565619,2024-07-30,CUST0028,Germany,P1007,Yoga Mat,3,19.92,59.76
INV220077,2023-01-01,CUST0331,Uk,P1002,Bluetooth Speaker,4,33.19,132.76
INV963896,2024-01-24,CUST0424,Canada,P1006,Coffee Mug,2,8.07,16.14
INV360888,2024-07-29,CUST0193,Uk,P1012,Gaming Headset,3,55.52,166.56
INV240544,2024-04-27,CUST0679,Uk,P1014,Running Shoes,3,63.87,191.61
INV731730,2024-07-03,CUST0188,France,P1012,Gaming Headset,3,52.37,157.11
INV655259,2024-12-07,CUST0670,Brazil,P1014,Running Shoes,2,67.63,135.26
INV703050,2024-11-13,CUST0473,France,P1008,Water Bottle,4,11.17,44.68
INV302451,2024-09-23,CUST0632,France,P1003,Notebook Set,3,7.09,21.27
INV627125,2023-06-20,CUST0063,Germany,P1007,Yoga Mat,2,20.36,40.72
INV937154,2024-10-08,CUST0736,Uk,P1008,Water Bottle,1,11.22,11.22
INV488199,2024-09-27,CUST0406,France,P1012,Gaming Headset,3,56.03,168.09
INV200225,2024-06-29,CUST0792,Usa,P1009,Backpack,4,46.07,184.28
INV444621,2024-02-16,CUST0616,Canada,P1011,Table Lamp,5,26.4,132.0
INV412046,2023-02-12,CUST0414,Australia,P1015,Winter Jacket,3,114.69,344.07
INV457755,2023-10-11,CUST0466,Uk,P1005,Office Chair,2,91.56,183.12
INV534858,2024-11-14,CUST0057,Canada,P1008,Water Bottle,3,11.53,34.59
INV844141,2024-03-25,CUST0346,Canada,P1014,Running Shoes,3,64.55,193.65
INV370891,2024-12-05,CUST0665,India,P1003,Notebook Set,2,6.55,13.1
INV134382,2023-05-26,CUST0723,Australia,P1010,Phone Case,2,9.8,19.6
INV453450,2024-11-21,CUST0004,India,P1012,Gaming Headset,1,55.17,55.17
INV398186,2024-12-24,CUST0264,France,P1015,Winter Jacket,5,116.51,582.55
INV708517,2024-12-21,CUST0661,India,P1002,Bluetooth Speaker,2,35.96,71.92
INV977773,2024-07-12,CUST0701,Australia,P1007,Yoga Mat,2,19.13,38.26
INV909324,2024-02-07,CUST0715,France,P1007,Yoga Mat,5,19.47,97.35
INV270540,2023-01-01,CUST0194,Canada,P1012,Gaming Headset,2,53.07,106.14
INV121934,2024-11-04,CUST0275,Australia,P1006,Coffee Mug,5,8.23,41.15
INV531739,2023-09-12,CUST0452,India,P1004,Desk Lamp,3,21.93,65.79
INV673773,2024-12-08,CUST0103,India,P1003,Notebook Set,1,6.61,6.61
INV977082,2024-05-07,CUST0152,Uk,P1004,Desk Lamp,3,21.88,65.64
INV282610,2024-10-13,CUST0778,Uk,P1001,Wireless Mouse,2,16.08,32.16
INV549861,2024-02-24,CUST0487,France,P1002,Bluetooth Speaker,1,33.0,33.0
INV413669,2024-12-17,CUST0699,Germany,P1009,Backpack,1,46.24,46.24
INV133400,2024-08-21,CUST0098,Australia,P1004,Desk Lamp,2,22.06,44.12
INV302337,2024-01-26,CUST0436,Brazil,P1010,Phone Case,4,9.9,39.6
INV100006,2024-08-05,CUST0627,Australia,P1015,Winter Jacket,2,114.13,228.26
INV391093,2024-07-06,CUST0644,Germany,P1010,Phone Case,4,10.41,41.64
INV691716,2024-09-23,CUST0735,Brazil,P1001,Wireless Mouse,3,15.62,46.86
INV753872,2024-08-18,CUST0024,Brazil,P1015,Winter Jacket,5,118.2,591.0
INV632941,2024-03-11,CUST0578,India,P1006,Coffee Mug,2,8.28,16.56
INV338363,2024-06-16,CUST0233,Brazil,P1012,Gaming Headset,1,56.42,56.42
INV595738,2024-03-20,CUST0433,Usa,P1015,Winter Jacket,2,123.36,246.72
INV994198,2024-10-19,CUST0382,Germany,P1008,Water Bottle,5,11.56,57.8
INV351834,2024-09-15,CUST0634,Usa,P1002,Bluetooth Speaker,3,33.34,100.02
INV857897,2023-11-03,CUST0661,India,P1003,Notebook Set,4,7.03,28.12
INV972151,2024-08-06,CUST0137,France,P1004,Desk Lamp,1,21.08,21.08
INV673605,2024-08-05,CUST0252,Australia,P1010,Phone Case,2,9.81,19.62
INV159188,2024-11-28,CUST0175,Canada,P1006,Coffee Mug,1,8.25,8.25
INV208187,2024-08-01,CUST0405,Germany,P1005,Office Chair,1,87.27,87.27
INV672458,2024-08-21,CUST0749,Germany,P1010,Phone Case,4,9.78,39.12
INV962845,2024-09-07,CUST0652,Uk,P1008,Water Bottle,5,11.33,56.65
INV552790,2023-10-29,CUST0324,Canada,P1001,Wireless Mouse,2,16.1,32.2
INV858090,2024-10-09,CUST0107,France,P1002,Bluetooth Speaker,5,33.48,167.4
INV518461,2024-11-15,CUST0047,Brazil,P1007,Yoga Mat,1,20.04,20.04
INV962873,2023-01-01,CUST0699,Germany,P1014,Running Shoes,3,63.42,190.26
INV378749,2024-11-06,CUST0771,Brazil,P1009,Backpack,1,43.36,43.36
INV366804,2024-07-26,CUST0114,Brazil,P1002,Bluetooth Speaker,5,34.54,172.7
INV512063,2024-06-14,CUST0155,India,P1015,Winter Jacket,2,122.56,245.12
INV635873,2024-08-20,CUST0511,India,P1007,Yoga Mat,5,20.15,100.75
INV409798,2024-12-12,CUST0342,Germany,P1006,Coffee Mug,4,8.18,32.72
INV745729,2024-01-15,CUST0713,India,P1001,Wireless Mouse,3,15.89,47.67
INV933340,2024-06-27,CUST0032,Brazil,P1006,Coffee Mug,4,8.38,33.52
INV375933,2024-08-08,CUST0758,Uk,P1005,Office Chair,1,92.06,92.06
INV293624,2024-01-29,CUST0639,France,P1002,Bluetooth Speaker,1,32.87,32.87
INV918457,2024-06-18,CUST0773,France,P1010,Phone Case,5,9.9,49.5
INV704156,2023-09-11,CUST0351,Australia,P1003,Notebook Set,5,6.9,34.5
INV640388,2024-10-26,CUST0139,India,P1002,Bluetooth Speaker,4,34.28,137.12
INV612050,2024-07-20,CUST0659,India,P1015,Winter Jacket,4,124.64,498.56
INV642655,2023-08-17,CUST0301,Australia,P1007,Yoga Mat,2,20.37,40.74
INV977221,2024-10-05,CUST0513,Canada,P1011,Table Lamp,2,28.17,56.34
INV554171,2023-08-04,CUST0665,India,P1010,Phone Case,1,10.06,10.06
INV747447,2023-08-02,CUST0479,Germany,P1002,Bluetooth Speaker,4,36.07,144.28
INV162656,2024-08-27,CUST0480,India,P1001,Wireless Mouse,3,16.7,50.1
INV330376,2024-11-13,CUST0257,India,P1014,Running Shoes,1,67.28,67.28
INV481282,2024-09-16,CUST0399,France,P1013,Sticky Notes Pack,4,4.39,17.56
INV557762,2024-02-09,CUST0015,Germany,P1012,Gaming Headset,1,52.64,52.64
INV698967,2023-09-18,CUST0119,Usa,P1009,Backpack,5,45.29,226.45
INV804595,2023-01-01,CUST0351,Australia,P1013,Sticky Notes Pack,3,4.17,12.51
INV685450,2024-12-15,CUST0153,India,P1001,Wireless Mouse,2,16.48,32.96
INV166959,2024-07-31,CUST0263,France,P1014,Running Shoes,2,66.4,132.8
INV660984,2023-07-06,CUST0536,France,P1012,Gaming Headset,4,57.08,228.32
INV550539,2024-09-01,CUST0147,Germany,P1008,Water Bottle,2,11.78,23.56
INV929771,2024-10-31,CUST0078,Uk,P1015,Winter Jacket,2,119.82,239.64
INV558043,2024-03-29,CUST0036,Brazil,P1014,Running Shoes,2,65.28,130.56
INV150323,2023-11-14,CUST0532,France,P1007,Yoga Mat,1,19.72,19.72
INV590132,2024-11-18,CUST0276,India,P1014,Running Shoes,1,67.85,67.85
INV732120,2024-10-29,CUST0750,Australia,P1011,Table Lamp,5,28.75,143.75
INV304234,2024-11-01,CUST0512,Canada,P1011,Table Lamp,3,27.47,82.41
INV251304,2024-06-23,CUST0013,Australia,P1006,Coffee Mug,3,7.92,23.76
INV859346,2024-07-07,CUST0762,Canada,P1003,Notebook Set,5,6.46,32.3
INV652898,2023-01-01,CUST0652,Uk,P1015,Winter Jacket,5,118.64,593.2
INV479786,2023-01-01,CUST0717,Brazil,P1009,Backpack,4,46.99,187.96
INV473880,2024-12-07,CUST0156,Canada,P1003,Notebook Set,1,6.75,6.75
INV763638,2024-07-16,CUST0150,Germany,P1015,Winter Jacket,2,119.22,238.44
INV305206,2024-10-20,CUST0689,Usa,P1006,Coffee Mug,4,8.32,33.28
INV985722,2024-04-16,CUST0071,Germany,P1010,Phone Case,3,9.68,29.04
INV566596,2024-12-09,CUST0428,France,P1008,Water Bottle,5,11.69,58.45
INV529252,2024-01-14,CUST0666,Canada,P1010,Phone Case,1,9.74,9.74
INV415098,2024-01-08,CUST0153,India,P1011,Table Lamp,5,28.35,141.75
INV263321,2024-07-04,CUST0127,India,P1002,Bluetooth Speaker,3,34.75,104.25
INV713272,2024-11-21,CUST0796,Australia,P1015,Winter Jacket,5,121.35,606.75
INV347467,2023-08-25,CUST0565,India,P1004,Desk Lamp,5,20.99,104.95
INV674383,2023-07-15,CUST0327,Usa,P1004,Desk Lamp,4,21.48,85.92
INV119086,2024-06-13,CUST0742,India,P1009,Backpack,2,45.52,91.04
INV734780,2024-07-26,CUST0584,Uk,P1006,Coffee Mug,5,8.45,42.25
INV705402,2023-03-16,CUST0646,Usa,P1005,Office Chair,2,89.11,178.22
INV373744,2024-02-17,CUST0713,India,P1002,Bluetooth Speaker,1,35.12,35.12
INV333667,2024-10-22,CUST0666,Canada,P1015,Winter Jacket,3,117.5,352.5
INV905532,2024-12-20,CUST0489,Brazil,P1008,Water Bottle,4,11.05,44.2
INV731572,2024-02-18,CUST0250,Uk,P1015,Winter Jacket,5,116.31,581.55
INV971436,2024-06-02,CUST0155,India,P1005,Office Chair,3,86.59,259.77
INV256883,2024-12-21,CUST0168,Australia,P1012,Gaming Headset,5,53.3,266.5
INV932938,2024-10-14,CUST0664,Uk,P1009,Backpack,1,44.87,44.87
INV745313,2023-01-01,CUST0478,France,P1005,Office Chair,1,90.35,90.35
INV606987,2023-11-17,CUST0170,Uk,P1015,Winter Jacket,3,117.83,353.49
INV775755,2023-10-19,CUST0440,Brazil,P1011,Table Lamp,4,28.52,114.08
INV251508,2024-10-24,CUST0386,India,P1002,Bluetooth Speaker,1,35.79,35.79
INV323948,2023-12-20,CUST0149,Brazil,P1007,Yoga Mat,4,20.47,81.88
INV850199,2023-12-17,CUST0612,Germany,P1011,Table Lamp,2,26.66,53.32
INV915377,2023-09-23,CUST0725,Uk,P1003,Notebook Set,1,6.6,6.6
INV529014,2024-12-16,CUST0076,India,P1002,Bluetooth Speaker,1,34.06,34.06
INV280435,2024-02-19,CUST0099,Brazil,P1005,Office Chair,4,86.94,347.76
INV397549,2024-10-31,CUST0571,Canada,P1002,Bluetooth Speaker,2,35.59,71.18
INV475370,2024-09-09,CUST0678,Germany,P1006,Coffee Mug,3,8.05,24.15
INV389628,2024-11-15,CUST0440,Brazil,P1013,Sticky Notes Pack,5,4.34,21.7
INV629286,2023-01-14,CUST0590,Brazil,P1014,Running Shoes,4,65.85,263.4
INV551952,2024-11-05,CUST0096,Uk,P1007,Yoga Mat,1,19.18,19.18
INV893917,2024-11-18,CUST0371,Australia,P1008,Water Bottle,4,11.4,45.6
INV171329,2024-03-24,CUST0756,Canada,P1011,Table Lamp,5,26.13,130.65
INV261800,2024-07-29,CUST0288,Brazil,P1001,Wireless Mouse,2,15.44,30.88
INV269472,2024-10-14,CUST0011,Usa,P1007,Yoga Mat,5,20.45,102.25
INV397782,2024-04-08,CUST0658,Germany,P1008,Water Bottle,5,11.16,55.8
INV636026,2024-10-29,CUST0771,Brazil,P1005,Office Chair,5,89.67,448.35
INV364074,2024-01-08,CUST0357,Canada,P1011,Table Lamp,1,27.11,27.11
INV631423,2023-01-01,CUST0761,Brazil,P1005,Office Chair,5,86.33,431.65
INV384435,2023-01-16,CUST0580,France,P1001,Wireless Mouse,3,15.32,45.96
INV796922,2024-08-12,CUST0466,Uk,P1007,Yoga Mat,2,19.62,39.24
INV922717,2023-07-08,CUST0013,Australia,P1009,Backpack,1,47.11,47.11
INV564694,2024-01-07,CUST0298,Canada,P1015,Winter Jacket,3,124.99,374.97
INV344907,2024-11-26,CUST0453,Uk,P1004,Desk Lamp,2,22.71,45.42
INV693590,2023-06-24,CUST0536,France,P1011,Table Lamp,2,28.64,57.28
INV908417,2024-11-23,CUST0693,France,P1010,Phone Case,1,9.86,9.86
INV277779,2024-05-25,CUST0795,Australia,P1006,Coffee Mug,5,7.97,39.85
INV428790,2023-08-21,CUST0152,Uk,P1010,Phone Case,4,9.72,38.88
INV665773,2024-11-24,CUST0608,Canada,P1009,Backpack,5,43.34,216.7
INV965193,2023-08-29,CUST0579,Brazil,P1012,Gaming Headset,5,55.45,277.25
INV601132,2024-11-26,CUST0601,France,P1014,Running Shoes,5,63.59,317.95
INV951116,2024-12-13,CUST0104,India,P1006,Coffee Mug,1,8.35,8.35
INV659960,2023-09-17,CUST0250,Uk,P1003,Notebook Set,3,6.85,20.55
INV614873,2024-12-24,CUST0429,Germany,P1013,Sticky Notes Pack,4,4.15,16.6
INV502899,2023-09-21,CUST0190,Canada,P1007,Yoga Mat,1,19.91,19.91
INV336706,2024-07-03,CUST0027,Usa,P1005,Office Chair,5,88.73,443.65
INV108094,2024-11-29,CUST0139,India,P1012,Gaming Headset,2,54.38,108.76
INV234056,2024-07-26,CUST0405,Germany,P1007,Yoga Mat,1,19.99,19.99
INV789284,2023-11-01,CUST0631,France,P1005,Office Chair,1,93.08,93.08
INV809882,2024-08-02,CUST0600,France,P1014,Running Shoes,3,67.67,203.01
INV512058,2024-08-30,CUST0717,Brazil,P1004,Desk Lamp,5,22.11,110.55
INV523309,2024-12-22,CUST0136,Canada,P1012,Gaming Headset,1,53.15,53.15
INV634923,2023-05-19,CUST0493,Canada,P1004,Desk Lamp,1,23.08,23.08
INV924137,2024-08-10,CUST0272,Brazil,P1004,Desk Lamp,3,21.56,64.68
INV191407,2024-07-07,CUST0240,France,P1006,Coffee Mug,3,7.85,23.55
INV198409,2024-12-04,CUST0688,Usa,P1002,Bluetooth Speaker,2,33.5,67.0
INV261781,2024-10-31,CUST0124,Australia,P1007,Yoga Mat,2,19.19,38.38
INV971486,2024-10-08,CUST0175,Canada,P1012,Gaming Headset,2,54.93,109.86
INV258156,2024-12-11,CUST0407,Australia,P1012,Gaming Headset,4,54.34,217.36
INV470608,2023-07-17,CUST0730,Usa,P1009,Backpack,5,45.9,229.5
INV316444,2023-12-12,CUST0398,Usa,P1001,Wireless Mouse,5,16.71,83.55
INV333667,2024-10-22,CUST0666,Canada,P1002,Bluetooth Speaker,3,33.87,101.61
INV736994,2023-01-01,CUST0725,Uk,P1004,Desk Lamp,1,22.7,22.7
INV264063,2024-01-16,CUST0232,Brazil,P1001,Wireless Mouse,1,16.7,16.7
INV805934,2024-07-21,CUST0599,Usa,P1002,Bluetooth Speaker,2,35.43,70.86
INV989695,2023-08-17,CUST0022,Usa,P1010,Phone Case,4,9.96,39.84
INV213999,2023-09-13,CUST0356,Usa,P1003,Notebook Set,1,6.92,6.92
INV657203,2024-10-07,CUST0782,Australia,P1008,Water Bottle,5,11.23,56.15
INV949943,2024-07-03,CUST0714,Australia,P1008,Water Bottle,2,11.52,23.04
INV774832,2024-06-10,CUST0259,Usa,P1012,Gaming Headset,1,57.35,57.35
INV353847,2024-09-18,CUST0533,Usa,P1005,Office Chair,3,85.67,257.01
INV399076,2024-09-04,CUST0325,India,P1001,Wireless Mouse,3,16.15,48.45
INV904200,2024-12-22,CUST0064,Brazil,P1001,Wireless Mouse,1,15.19,15.19
INV484295,2024-12-02,CUST0329,Uk,P1011,Table Lamp,4,27.74,110.96
INV604746,2024-01-21,CUST0208,Usa,P1004,Desk Lamp,5,21.03,105.15
INV832482,2024-11-23,CUST0596,Australia,P1008,Water Bottle,4,11.95,47.8
INV378334,2024-08-26,CUST0015,Germany,P1007,Yoga Mat,1,20.86,20.86
INV448669,2024-08-16,CUST0238,Germany,P1012,Gaming Headset,5,53.33,266.65
INV925847,2024-07-26,CUST0121,Canada,P1007,Yoga Mat,4,19.3,77.2
INV369642,2024-03-15,CUST0108,Germany,P1011,Table Lamp,1,28.35,28.35
INV146938,2024-07-30,CUST0722,Usa,P1005,Office Chair,5,90.65,453.25
INV369961,2024-09-08,CUST0406,France,P1015,Winter Jacket,5,121.73,608.65
INV312950,2024-03-05,CUST0280,Usa,P1005,Office Chair,5,86.42,432.1
INV677267,2024-05-30,CUST0432,Australia,P1006,Coffee Mug,1,8.25,8.25
INV146258,2024-11-20,CUST0090,Canada,P1005,Office Chair,5,92.33,461.65
INV504503,2024-12-19,CUST0640,Germany,P1015,Winter Jacket,1,125.85,125.85
INV916457,2024-12-20,CUST0384,France,P1014,Running Shoes,3,65.24,195.72
INV753533,2023-12-06,CUST0667,Usa,P1008,Water Bottle,5,11.69,58.45
INV921210,2024-07-22,CUST0504,France,P1005,Office Chair,2,86.18,172.36
INV867915,2024-09-26,CUST0073,Canada,P1015,Winter Jacket,3,122.88,368.64
INV697437,2024-12-15,CUST0696,Germany,P1013,Sticky Notes Pack,5,4.11,20.55
INV520097,2023-12-31,CUST0302,Usa,P1011,Table Lamp,3,26.25,78.75
INV428112,2023-11-06,CUST0318,Brazil,P1002,Bluetooth Speaker,5,36.12,180.6
INV813418,2024-04-29,CUST0050,Canada,P1007,Yoga Mat,4,19.23,76.92
INV797292,2024-12-09,CUST0710,India,P1013,Sticky Notes Pack,2,4.32,8.64
INV372385,2024-12-01,CUST0482,India,P1009,Backpack,3,45.51,136.53
INV910570,2024-12-12,CUST0136,Canada,P1002,Bluetooth Speaker,4,35.08,140.32
INV177422,2024-06-28,CUST0260,Canada,P1011,Table Lamp,3,27.16,81.48
INV463255,2023-01-01,CUST0140,Australia,P1011,Table Lamp,2,28.5,57.0
INV979423,2023-01-01,CUST0596,Australia,P1005,Office Chair,3,90.74,272.22
INV540237,2024-03-12,CUST0202,Brazil,P1015,Winter Jacket,1,122.21,122.21
INV476196,2024-09-02,CUST0153,India,P1014,Running Shoes,4,66.44,265.76
INV461674,2024-08-01,CUST0245,Germany,P1005,Office Chair,4,88.74,354.96
INV439320,2023-10-07,CUST0719,Germany,P1003,Notebook Set,1,6.85,6.85
INV561404,2024-05-20,CUST0207,Usa,P1013,Sticky Notes Pack,4,4.22,16.88
INV955925,2024-11-23,CUST0497,Brazil,P1008,Water Bottle,3,11.99,35.97
INV321136,2024-11-08,CUST0338,Usa,P1013,Sticky Notes Pack,2,4.17,8.34
INV363970,2023-01-01,CUST0373,Brazil,P1011,Table Lamp,3,26.99,80.97
INV821750,2024-07-11,CUST0625,Australia,P1001,Wireless Mouse,3,15.38,46.14
INV395563,2024-10-27,CUST0774,India,P1004,Desk Lamp,4,21.76,87.04
INV889566,2024-07-05,CUST0676,Canada,P1012,Gaming Headset,3,52.49,157.47
INV321136,2024-11-08,CUST0338,Usa,P1008,Water Bottle,2,12.06,24.12
INV608073,2024-04-20,CUST0046,Uk,P1012,Gaming Headset,4,54.08,216.32
INV589708,2024-08-02,CUST0600,France,P1015,Winter Jacket,1,120.0,120.0
INV862151,2024-11-11,CUST0152,Uk,P1009,Backpack,2,46.53,93.06
INV315947,2024-07-02,CUST0612,Germany,P1008,Water Bottle,1,11.69,11.69
INV771217,2023-12-16,CUST0498,Brazil,P1013,Sticky Notes Pack,5,4.17,20.85
INV383839,2024-11-30,CUST0213,Australia,P1005,Office Chair,1,93.76,93.76
INV331377,2023-10-17,CUST0704,France,P1003,Notebook Set,1,6.99,6.99
INV585527,2023-10-10,CUST0142,Germany,P1011,Table Lamp,5,26.43,132.15
INV277520,2024-12-06,CUST0158,Brazil,P1001,Wireless Mouse,4,15.39,61.56
INV852735,2024-06-15,CUST0250,Uk,P1006,Coffee Mug,1,8.39,8.39
INV260584,2024-11-15,CUST0207,Usa,P1009,Backpack,1,46.67,46.67
INV148622,2024-06-21,CUST0479,Germany,P1015,Winter Jacket,3,120.21,360.63
INV354263,2024-07-18,CUST0739,Australia,P1003,Notebook Set,5,6.8,34.0
INV534858,2024-11-14,CUST0057,Canada,P1001,Wireless Mouse,1,16.57,16.57
INV266421,2024-06-29,CUST0021,Brazil,P1008,Water Bottle,1,11.21,11.21
INV882711,2024-02-13,CUST0646,Usa,P1011,Table Lamp,1,28.51,28.51
INV500103,2024-07-08,CUST0130,Germany,P1002,Bluetooth Speaker,4,35.44,141.76
INV251088,2024-12-26,CUST0030,Uk,P1013,Sticky Notes Pack,5,4.24,21.2
INV892756,2024-12-25,CUST0098,Australia,P1010,Phone Case,2,9.7,19.4
INV847665,2024-12-03,CUST0717,Brazil,P1010,Phone Case,1,10.31,10.31
INV863463,2024-05-04,CUST0342,Germany,P1004,Desk Lamp,4,23.05,92.2
INV604937,2024-11-13,CUST0150,Germany,P1008,Water Bottle,5,11.56,57.8
INV303691,2024-07-20,CUST0389,Uk,P1010,Phone Case,4,9.94,39.76
INV439900,2024-08-15,CUST0344,Uk,P1010,Phone Case,4,10.45,41.8
INV134801,2023-11-03,CUST0225,Germany,P1007,Yoga Mat,5,20.15,100.75
INV602257,2024-11-03,CUST0314,France,P1003,Notebook Set,2,6.6,13.2
INV453117,2024-09-08,CUST0095,Germany,P1007,Yoga Mat,5,20.05,100.25
INV511396,2024-12-25,CUST0207,Usa,P1007,Yoga Mat,4,20.66,82.64
INV495909,2024-12-11,CUST0580,France,P1009,Backpack,3,46.5,139.5
INV232222,2024-12-24,CUST0334,India,P1006,Coffee Mug,2,8.37,16.74
INV509223,2023-01-01,CUST0098,Australia,P1003,Notebook Set,2,6.94,13.88
INV802976,2024-09-23,CUST0355,France,P1005,Office Chair,4,89.33,357.32
INV762267,2024-08-11,CUST0147,Germany,P1011,Table Lamp,4,26.39,105.56
INV595350,2024-06-15,CUST0657,Uk,P1005,Office Chair,4,88.01,352.04
INV823570,2023-08-17,CUST0114,Brazil,P1007,Yoga Mat,3,19.95,59.85
INV229264,2024-05-27,CUST0598,Germany,P1011,Table Lamp,4,27.78,111.12
INV542440,2024-04-07,CUST0266,Australia,P1009,Backpack,4,43.55,174.2
INV153810,2023-01-08,CUST0001,Germany,P1014,Running Shoes,4,66.03,264.12
INV174770,2023-11-21,CUST0283,Usa,P1004,Desk Lamp,4,21.38,85.52
INV454925,2024-05-04,CUST0304,France,P1005,Office Chair,3,91.84,275.52
INV141506,2024-12-15,CUST0004,India,P1013,Sticky Notes Pack,1,4.21,4.21
INV418987,2024-11-03,CUST0312,Uk,P1013,Sticky Notes Pack,2,4.41,8.82
INV682533,2024-09-05,CUST0589,Usa,P1003,Notebook Set,3,7.05,21.15
INV392407,2023-09-23,CUST0719,Germany,P1014,Running Shoes,4,62.25,249.0
INV479198,2024-11-09,CUST0343,Usa,P1014,Running Shoes,4,65.85,263.4
INV233157,2023-10-10,CUST0624,Canada,P1014,Running Shoes,1,66.3,66.3
INV561574,2024-10-14,CUST0655,Uk,P1009,Backpack,1,44.31,44.31
INV752308,2024-08-29,CUST0373,Brazil,P1011,Table Lamp,2,26.56,53.12
INV877742,2024-10-20,CUST0208,Usa,P1002,Bluetooth Speaker,5,35.26,176.3
INV584318,2024-05-06,CUST0117,Germany,P1008,Water Bottle,3,11.02,33.06
INV295037,2024-10-05,CUST0429,Germany,P1007,Yoga Mat,1,20.69,20.69
INV220620,2024-09-08,CUST0251,Germany,P1002,Bluetooth Speaker,3,35.38,106.14
INV373047,2024-09-23,CUST0186,India,P1014,Running Shoes,4,64.34,257.36
INV610892,2024-10-23,CUST0736,Uk,P1011,Table Lamp,5,26.21,131.05
INV264063,2024-01-16,CUST0232,Brazil,P1005,Office Chair,2,86.66,173.32
INV868494,2024-09-12,CUST0785,India,P1008,Water Bottle,4,11.29,45.16
INV688603,2024-09-05,CUST0176,Usa,P1013,Sticky Notes Pack,4,4.4,17.6
INV657995,2024-05-22,CUST0631,France,P1008,Water Bottle,3,11.82,35.46
INV995847,2024-08-30,CUST0281,Canada,P1006,Coffee Mug,1,8.15,8.15
INV444976,2024-10-20,CUST0621,Usa,P1011,Table Lamp,5,28.61,143.05
INV863573,2023-01-01,CUST0274,Germany,P1002,Bluetooth Speaker,2,35.52,71.04
INV791159,2024-09-17,CUST0478,France,P1004,Desk Lamp,4,21.62,86.48
INV862454,2024-07-28,CUST0152,Uk,P1001,Wireless Mouse,3,16.59,49.77
INV948968,2024-12-10,CUST0144,Uk,P1015,Winter Jacket,2,120.26,240.52
INV483603,2024-12-12,CUST0091,Brazil,P1002,Bluetooth Speaker,2,36.06,72.12
INV749082,2024-06-22,CUST0682,Usa,P1007,Yoga Mat,1,20.6,20.6
INV555457,2024-09-06,CUST0673,Canada,P1002,Bluetooth Speaker,5,35.5,177.5
INV933340,2024-06-27,CUST0032,Brazil,P1004,Desk Lamp,4,20.94,83.76
INV243114,2024-08-25,CUST0709,France,P1004,Desk Lamp,5,21.66,108.3
INV979510,2024-11-24,CUST0014,Uk,P1007,Yoga Mat,4,19.59,78.36
INV600512,2024-06-17,CUST0371,Australia,P1001,Wireless Mouse,4,16.07,64.28
INV465366,2024-04-03,CUST0587,Canada,P1003,Notebook Set,3,7.06,21.18
INV458761,2023-01-01,CUST0725,Uk,P1013,Sticky Notes Pack,4,4.38,17.52
INV995110,2024-06-07,CUST0675,Canada,P1015,Winter Jacket,1,118.23,118.23
INV820124,2023-10-15,CUST0214,Australia,P1005,Office Chair,1,93.48,93.48
INV682798,2024-07-12,CUST0104,India,P1004,Desk Lamp,3,21.06,63.18
INV828278,2024-11-09,CUST0149,Brazil,P1004,Desk Lamp,2,21.18,42.36
INV547344,2024-09-01,CUST0097,Brazil,P1003,Notebook Set,1,7.01,7.01
INV370724,2023-12-15,CUST0771,Brazil,P1003,Notebook Set,5,6.6,33.0
INV847784,2024-12-05,CUST0546,Australia,P1007,Yoga Mat,4,19.38,77.52
INV568441,2024-11-27,CUST0616,Canada,P1013,Sticky Notes Pack,1,4.09,4.09
INV461096,2024-08-23,CUST0700,India,P1012,Gaming Headset,5,53.98,269.9
INV591261,2024-07-26,CUST0750,Australia,P1008,Water Bottle,2,11.33,22.66
INV311111,2024-08-16,CUST0725,Uk,P1007,Yoga Mat,5,20.05,100.25
INV393393,2024-05-02,CUST0639,France,P1002,Bluetooth Speaker,1,35.76,35.76
INV846382,2024-05-11,CUST0104,India,P1001,Wireless Mouse,3,15.38,46.14
INV878858,2024-08-08,CUST0574,India,P1009,Backpack,1,44.67,44.67
INV339024,2024-04-14,CUST0757,Usa,P1006,Coffee Mug,2,8.43,16.86
INV139996,2024-09-05,CUST0498,Brazil,P1004,Desk Lamp,5,21.53,107.65
INV823199,2024-03-05,CUST0317,Brazil,P1002,Bluetooth Speaker,5,33.78,168.9
INV215815,2023-01-01,CUST0389,Uk,P1002,Bluetooth Speaker,5,34.08,170.4
INV651941,2024-03-14,CUST0366,India,P1012,Gaming Headset,1,53.74,53.74
INV804484,2023-10-28,CUST0568,India,P1006,Coffee Mug,1,8.59,8.59
INV905021,2024-04-01,CUST0682,Usa,P1007,Yoga Mat,3,19.03,57.09
INV889849,2023-01-01,CUST0648,Usa,P1012,Gaming Headset,5,56.51,282.55
INV551952,2024-11-05,CUST0096,Uk,P1001,Wireless Mouse,1,16.71,16.71
INV119086,2024-06-13,CUST0742,India,P1010,Phone Case,4,9.87,39.48
INV734194,2023-01-09,CUST0725,Uk,P1014,Running Shoes,2,64.08,128.16
INV717833,2024-04-07,CUST0284,Uk,P1009,Backpack,5,43.52,217.6
INV373406,2024-03-28,CUST0338,Usa,P1015,Winter Jacket,3,114.54,343.62
INV716732,2024-03-03,CUST0142,Germany,P1010,Phone Case,4,10.16,40.64
INV199808,2024-11-16,CUST0732,Germany,P1003,Notebook Set,1,6.56,6.56
INV485550,2024-06-25,CUST0736,Uk,P1008,Water Bottle,3,11.44,34.32
INV423816,2023-12-19,CUST0104,India,P1003,Notebook Set,5,6.66,33.3
INV483014,2023-10-03,CUST0169,Brazil,P1013,Sticky Notes Pack,3,4.14,12.42
INV820409,2024-03-17,CUST0331,Uk,P1008,Water Bottle,4,12.03,48.12
INV922175,2024-08-08,CUST0072,Germany,P1008,Water Bottle,3,11.55,34.65
INV275820,2024-03-21,CUST0320,Canada,P1011,Table Lamp,5,28.01,140.05
INV595350,2024-06-15,CUST0657,Uk,P1004,Desk Lamp,3,22.2,66.6
INV369605,2023-10-11,CUST0286,Australia,P1001,Wireless Mouse,5,16.04,80.2
INV833897,2024-04-02,CUST0631,France,P1014,Running Shoes,3,65.82,197.46
INV846296,2023-01-01,CUST0622,France,P1008,Water Bottle,3,11.76,35.28
INV665575,2023-09-11,CUST0264,France,P1004,Desk Lamp,4,22.05,88.2
INV442647,2023-09-18,CUST0418,Brazil,P1004,Desk Lamp,1,21.89,21.89
INV736915,2024-11-22,CUST0652,Uk,P1011,Table Lamp,2,28.51,57.02
INV712530,2023-09-05,CUST0355,France,P1004,Desk Lamp,5,21.88,109.4
INV351834,2024-09-15,CUST0634,Usa,P1014,Running Shoes,1,64.23,64.23
INV199664,2024-06-17,CUST0665,India,P1001,Wireless Mouse,1,16.39,16.39
INV272117,2024-04-28,CUST0193,Uk,P1006,Coffee Mug,4,8.21,32.84
INV892226,2024-08-23,CUST0260,Canada,P1005,Office Chair,4,94.01,376.04
INV655119,2024-03-02,CUST0034,Canada,P1009,Backpack,3,45.58,136.74
INV192653,2024-06-07,CUST0462,France,P1011,Table Lamp,1,26.79,26.79
INV173099,2024-09-25,CUST0005,Brazil,P1002,Bluetooth Speaker,2,35.16,70.32
INV600471,2024-11-21,CUST0004,India,P1013,Sticky Notes Pack,2,4.39,8.78
INV868912,2024-11-28,CUST0150,Germany,P1011,Table Lamp,3,26.36,79.08
INV812483,2024-12-10,CUST0533,Usa,P1002,Bluetooth Speaker,4,33.94,135.76
INV972354,2024-07-24,CUST0391,Australia,P1004,Desk Lamp,2,22.67,45.34
INV347190,2024-10-24,CUST0237,Usa,P1002,Bluetooth Speaker,2,33.52,67.04
INV833949,2024-05-27,CUST0349,France,P1002,Bluetooth Speaker,1,34.64,34.64
INV439689,2024-11-19,CUST0190,Canada,P1009,Backpack,4,45.64,182.56
INV231908,2024-03-13,CUST0066,Brazil,P1013,Sticky Notes Pack,3,4.41,13.23
INV663938,2024-07-29,CUST0102,Usa,P1008,Water Bottle,2,11.94,23.88
INV162353,2024-09-05,CUST0666,Canada,P1006,Coffee Mug,2,7.89,15.78
INV595078,2023-09-14,CUST0245,Germany,P1013,Sticky Notes Pack,1,4.25,4.25
INV748290,2024-11-26,CUST0267,Germany,P1006,Coffee Mug,2,8.14,16.28
INV151564,2023-08-01,CUST0687,France,P1011,Table Lamp,1,26.77,26.77
INV448912,2024-11-15,CUST0260,Canada,P1015,Winter Jacket,5,117.09,585.45
INV274132,2023-03-09,CUST0457,Uk,P1008,Water Bottle,3,11.78,35.34
INV141506,2024-12-15,CUST0004,India,P1007,Yoga Mat,2,20.67,41.34
INV145506,2024-12-08,CUST0464,Germany,P1004,Desk Lamp,4,22.58,90.32
INV357608,2024-07-01,CUST0514,India,P1013,Sticky Notes Pack,5,4.13,20.65
INV631423,2023-01-01,CUST0761,Brazil,P1014,Running Shoes,3,65.35,196.05
INV856712,2024-04-21,CUST0637,France,P1014,Running Shoes,3,67.99,203.97
INV551602,2024-05-16,CUST0311,Uk,P1014,Running Shoes,4,61.86,247.44
INV450713,2024-10-27,CUST0691,Germany,P1002,Bluetooth Speaker,5,36.01,180.05
INV337567,2024-03-29,CUST0730,Usa,P1012,Gaming Headset,5,54.8,274.0
INV419997,2024-06-24,CUST0015,Germany,P1008,Water Bottle,4,11.47,45.88
INV181661,2024-07-16,CUST0026,Canada,P1012,Gaming Headset,5,56.83,284.15
INV104669,2023-11-30,CUST0466,Uk,P1014,Running Shoes,2,66.89,133.78
INV446020,2024-08-25,CUST0545,Canada,P1014,Running Shoes,3,61.8,185.4
INV714436,2023-10-15,CUST0499,France,P1008,Water Bottle,5,11.11,55.55
INV559472,2024-07-01,CUST0596,Australia,P1009,Backpack,2,44.24,88.48
INV623630,2023-12-10,CUST0199,Brazil,P1015,Winter Jacket,2,119.2,238.4
INV502274,2024-11-20,CUST0546,Australia,P1008,Water Bottle,4,11.53,46.12
INV481557,2024-07-02,CUST0730,Usa,P1013,Sticky Notes Pack,4,4.05,16.2
INV505421,2023-05-08,CUST0751,Canada,P1011,Table Lamp,1,26.76,26.76
INV307964,2024-01-14,CUST0423,Usa,P1001,Wireless Mouse,3,15.75,47.25
INV381604,2024-04-28,CUST0033,Germany,P1010,Phone Case,2,10.47,20.94
INV831470,2024-07-07,CUST0248,Australia,P1012,Gaming Headset,4,53.45,213.8
INV349714,2024-05-04,CUST0580,France,P1004,Desk Lamp,5,21.81,109.05
INV120509,2024-06-03,CUST0212,India,P1012,Gaming Headset,3,54.72,164.16
INV971154,2023-01-25,CUST0227,Canada,P1011,Table Lamp,1,28.55,28.55
INV812168,2024-04-30,CUST0064,Brazil,P1001,Wireless Mouse,1,16.78,16.78
INV350689,2024-05-26,CUST0692,Canada,P1011,Table Lamp,1,27.08,27.08
INV545256,2024-07-14,CUST0228,France,P1010,Phone Case,5,10.36,51.8
INV853485,2023-01-01,CUST0687,France,P1011,Table Lamp,3,27.95,83.85
INV916397,2024-11-20,CUST0616,Canada,P1009,Backpack,2,42.84,85.68
INV183572,2024-11-23,CUST0598,Germany,P1003,Notebook Set,4,6.7,26.8
INV909366,2023-10-14,CUST0119,Usa,P1003,Notebook Set,4,6.51,26.04
INV433554,2024-09-14,CUST0205,Uk,P1005,Office Chair,3,85.91,257.73
INV825541,2023-12-13,CUST0643,India,P1013,Sticky Notes Pack,4,4.33,17.32
INV353799,2023-12-16,CUST0147,Germany,P1003,Notebook Set,2,7.05,14.1
INV305557,2023-07-31,CUST0444,Germany,P1002,Bluetooth Speaker,4,33.87,135.48
INV395721,2024-09-04,CUST0054,Canada,P1008,Water Bottle,1,11.68,11.68
INV536672,2024-11-12,CUST0382,Germany,P1006,Coffee Mug,4,7.99,31.96
INV532364,2024-09-26,CUST0692,Canada,P1012,Gaming Headset,4,52.79,211.16
INV224156,2023-12-29,CUST0221,France,P1001,Wireless Mouse,2,15.22,30.44
INV178191,2024-02-09,CUST0578,India,P1001,Wireless Mouse,5,16.73,83.65
INV393969,2024-02-05,CUST0631,France,P1014,Running Shoes,5,64.92,324.6
INV685650,2024-12-02,CUST0314,France,P1013,Sticky Notes Pack,2,4.37,8.74
INV853183,2024-07-28,CUST0581,Usa,P1006,Coffee Mug,1,8.27,8.27
INV653746,2024-07-26,CUST0519,France,P1010,Phone Case,3,9.71,29.13
INV442794,2024-12-26,CUST0267,Germany,P1015,Winter Jacket,3,121.19,363.57
INV122698,2024-07-09,CUST0204,Australia,P1013,Sticky Notes Pack,5,4.24,21.2
INV712530,2023-09-05,CUST0355,France,P1012,Gaming Headset,5,56.22,281.1
INV761545,2024-08-07,CUST0099,Brazil,P1004,Desk Lamp,1,22.83,22.83
INV299503,2023-08-04,CUST0502,Usa,P1003,Notebook Set,3,6.41,19.23
INV648404,2024-05-21,CUST0195,Australia,P1006,Coffee Mug,1,8.51,8.51
INV713834,2024-12-18,CUST0275,Australia,P1006,Coffee Mug,1,8.65,8.65
INV200567,2024-09-26,CUST0349,France,P1012,Gaming Headset,4,54.31,217.24
INV393393,2024-05-02,CUST0639,France,P1002,Bluetooth Speaker,5,35.65,178.25
INV930801,2024-12-02,CUST0596,Australia,P1005,Office Chair,2,88.8,177.6
INV354774,2023-04-18,CUST0701,Australia,P1002,Bluetooth Speaker,4,36.03,144.12
INV433060,2024-12-09,CUST0294,France,P1009,Backpack,2,44.23,88.46
INV648615,2024-12-23,CUST0225,Germany,P1007,Yoga Mat,1,19.96,19.96
INV437523,2024-09-10,CUST0397,Australia,P1002,Bluetooth Speaker,3,35.8,107.4
INV454311,2024-08-25,CUST0320,Canada,P1011,Table Lamp,2,26.31,52.62
INV643521,2024-12-04,CUST0441,Usa,P1013,Sticky Notes Pack,1,4.41,4.41
INV984761,2024-11-16,CUST0588,France,P1004,Desk Lamp,4,22.73,90.92
INV427795,2024-09-02,CUST0366,India,P1002,Bluetooth Speaker,5,35.27,176.35
INV871060,2024-10-20,CUST0439,France,P1004,Desk Lamp,3,21.05,63.15
INV560538,2024-02-04,CUST0276,India,P1008,Water Bottle,1,11.77,11.77
INV158514,2024-08-09,CUST0760,France,P1006,Coffee Mug,3,8.06,24.18
INV304558,2023-01-01,CUST0190,Canada,P1005,Office Chair,4,88.94,355.76
INV302933,2023-01-01,CUST0276,India,P1007,Yoga Mat,5,19.82,99.1
INV772644,2023-11-27,CUST0452,India,P1013,Sticky Notes Pack,3,4.45,13.35
INV488482,2023-02-13,CUST0462,France,P1013,Sticky Notes Pack,5,4.3,21.5
INV968484,2024-08-18,CUST0631,France,P1008,Water Bottle,4,11.28,45.12
INV617895,2024-09-18,CUST0586,France,P1012,Gaming Headset,5,56.12,280.6
INV497526,2023-05-06,CUST0056,Australia,P1001,Wireless Mouse,1,16.15,16.15
INV875493,2024-10-25,CUST0439,France,P1014,Running Shoes,5,65.45,327.25
INV754516,2024-09-18,CUST0225,Germany,P1013,Sticky Notes Pack,2,4.41,8.82
INV152932,2023-08-21,CUST0187,India,P1003,Notebook Set,1,7.01,7.01
INV197635,2023-11-01,CUST0006,France,P1014,Running Shoes,4,64.82,259.28
INV898097,2024-09-29,CUST0340,India,P1005,Office Chair,4,87.46,349.84
INV523101,2024-09-18,CUST0785,India,P1009,Backpack,2,42.97,85.94
INV206672,2024-11-06,CUST0636,Australia,P1009,Backpack,3,47.14,141.42
INV808748,2024-09-24,CUST0557,India,P1006,Coffee Mug,1,7.93,7.93
INV150915,2024-10-29,CUST0686,Canada,P1007,Yoga Mat,4,20.33,81.32
INV437515,2024-05-09,CUST0427,Germany,P1005,Office Chair,1,90.27,90.27
INV886794,2024-07-31,CUST0725,Uk,P1014,Running Shoes,2,62.64,125.28
INV597681,2024-07-09,CUST0331,Uk,P1002,Bluetooth Speaker,5,34.72,173.6
INV623630,2023-12-10,CUST0199,Brazil,P1007,Yoga Mat,2,19.98,39.96
INV677505,2024-10-29,CUST0172,Germany,P1005,Office Chair,4,86.95,347.8
INV465366,2024-04-03,CUST0587,Canada,P1010,Phone Case,4,10.17,40.68
INV956591,2024-08-10,CUST0591,India,P1004,Desk Lamp,1,23.07,23.07
INV188279,2024-04-01,CUST0613,Canada,P1010,Phone Case,5,10.34,51.7
INV351408,2024-07-21,CUST0220,Brazil,P1005,Office Chair,5,93.77,468.85
INV253865,2024-03-25,CUST0625,Australia,P1006,Coffee Mug,2,8.5,17.0
INV259221,2023-01-01,CUST0176,Usa,P1013,Sticky Notes Pack,4,4.32,17.28
INV864790,2023-11-13,CUST0500,Brazil,P1014,Running Shoes,3,67.64,202.92
INV276872,2023-12-18,CUST0078,Uk,P1001,Wireless Mouse,2,15.89,31.78
INV208685,2024-05-20,CUST0446,Canada,P1010,Phone Case,2,9.51,19.02
INV766849,2024-12-12,CUST0014,Uk,P1010,Phone Case,2,9.68,19.36
INV138091,2024-06-26,CUST0371,Australia,P1006,Coffee Mug,3,7.92,23.76
INV159065,2024-03-04,CUST0135,India,P1013,Sticky Notes Pack,4,4.21,16.84
INV492051,2023-01-01,CUST0153,India,P1003,Notebook Set,5,6.88,34.4
INV509238,2024-03-11,CUST0088,Germany,P1002,Bluetooth Speaker,2,34.61,69.22
INV944106,2024-11-12,CUST0034,Canada,P1005,Office Chair,4,88.51,354.04
INV507946,2024-08-07,CUST0505,Uk,P1010,Phone Case,1,10.26,10.26
INV444621,2024-02-16,CUST0616,Canada,P1014,Running Shoes,1,61.8,61.8
INV653746,2024-07-26,CUST0519,France,P1015,Winter Jacket,4,123.18,492.72
INV842207,2024-12-10,CUST0653,Brazil,P1008,Water Bottle,5,11.06,55.3
INV314689,2024-08-05,CUST0383,Australia,P1004,Desk Lamp,2,23.09,46.18
INV376858,2024-12-11,CUST0153,India,P1002,Bluetooth Speaker,4,35.75,143.0
INV215877,2024-12-16,CUST0457,Uk,P1012,Gaming Headset,1,57.22,57.22
INV113209,2023-07-23,CUST0318,Brazil,P1010,Phone Case,3,10.03,30.09
INV452006,2024-01-24,CUST0548,Brazil,P1002,Bluetooth Speaker,4,35.02,140.08
INV461674,2024-08-01,CUST0245,Germany,P1010,Phone Case,2,9.69,19.38
INV397856,2024-12-06,CUST0159,France,P1015,Winter Jacket,1,115.43,115.43
INV209489,2023-01-01,CUST0493,Canada,P1001,Wireless Mouse,5,16.27,81.35
INV317388,2024-07-10,CUST0683,Canada,P1001,Wireless Mouse,2,16.22,32.44
INV162412,2024-08-18,CUST0339,Brazil,P1014,Running Shoes,3,65.99,197.97
INV815117,2024-11-12,CUST0382,Germany,P1010,Phone Case,2,10.42,20.84
INV212291,2024-11-26,CUST0591,India,P1007,Yoga Mat,3,19.03,57.09
INV560964,2024-06-11,CUST0100,Usa,P1013,Sticky Notes Pack,2,4.36,8.72
INV404170,2024-01-07,CUST0477,Usa,P1014,Running Shoes,4,67.8,271.2
INV410316,2024-04-16,CUST0454,Canada,P1008,Water Bottle,2,11.97,23.94
INV949296,2024-09-09,CUST0320,Canada,P1009,Backpack,3,44.52,133.56
INV888129,2024-11-14,CUST0208,Usa,P1012,Gaming Headset,3,53.89,161.67
INV374772,2023-01-01,CUST0692,Canada,P1014,Running Shoes,5,63.99,319.95
INV296920,2023-01-21,CUST0288,Brazil,P1013,Sticky Notes Pack,2,4.42,8.84
INV288293,2024-05-08,CUST0252,Australia,P1013,Sticky Notes Pack,4,4.16,16.64
INV489381,2024-07-23,CUST0068,France,P1003,Notebook Set,3,6.81,20.43
INV611689,2023-01-01,CUST0192,Canada,P1011,Table Lamp,3,26.33,78.99
INV274652,2024-05-10,CUST0648,Usa,P1013,Sticky Notes Pack,1,4.1,4.1
INV464705,2023-11-30,CUST0743,Germany,P1006,Coffee Mug,3,8.46,25.38
INV847942,2023-01-01,CUST0493,Canada,P1004,Desk Lamp,2,22.14,44.28
INV292599,2024-05-02,CUST0192,Canada,P1011,Table Lamp,3,26.68,80.04
INV844472,2024-07-22,CUST0139,India,P1007,Yoga Mat,1,20.54,20.54
INV416000,2024-07-27,CUST0605,France,P1007,Yoga Mat,1,20.18,20.18
INV590860,2024-02-11,CUST0482,India,P1004,Desk Lamp,5,21.71,108.55
INV342618,2023-11-29,CUST0482,India,P1004,Desk Lamp,5,22.77,113.85
INV672788,2024-04-27,CUST0755,Uk,P1013,Sticky Notes Pack,4,4.19,16.76
INV554094,2024-02-08,CUST0753,Canada,P1009,Backpack,1,43.58,43.58
INV862151,2024-11-11,CUST0152,Uk,P1009,Backpack,3,43.06,129.18
INV825469,2023-01-01,CUST0260,Canada,P1005,Office Chair,4,92.93,371.72
INV247032,2024-11-29,CUST0117,Germany,P1011,Table Lamp,3,26.44,79.32
INV762881,2024-08-23,CUST0042,Uk,P1001,Wireless Mouse,2,15.95,31.9
INV427289,2024-10-17,CUST0267,Germany,P1002,Bluetooth Speaker,3,33.32,99.96
INV833635,2024-09-05,CUST0657,Uk,P1007,Yoga Mat,4,19.84,79.36
INV591270,2024-09-10,CUST0153,India,P1013,Sticky Notes Pack,5,4.27,21.35
INV711337,2023-01-19,CUST0454,Canada,P1001,Wireless Mouse,5,15.91,79.55
INV476028,2024-12-04,CUST0441,Usa,P1004,Desk Lamp,3,21.27,63.81
INV831470,2024-07-07,CUST0248,Australia,P1014,Running Shoes,4,68.08,272.32
INV128939,2024-08-29,CUST0541,Usa,P1004,Desk Lamp,4,21.44,85.76
INV329712,2023-11-05,CUST0750,Australia,P1006,Coffee Mug,2,8.41,16.82
INV309611,2024-12-22,CUST0107,France,P1015,Winter Jacket,2,124.7,249.4
INV944106,2024-11-12,CUST0034,Canada,P1010,Phone Case,2,9.97,19.94
INV704052,2023-07-22,CUST0791,Germany,P1015,Winter Jacket,1,117.59,117.59
INV489415,2023-01-01,CUST0349,France,P1009,Backpack,4,44.05,176.2
INV295238,2024-06-11,CUST0015,Germany,P1006,Coffee Mug,4,8.42,33.68
INV556840,2023-10-11,CUST0704,France,P1001,Wireless Mouse,2,16.39,32.78
INV758308,2024-08-22,CUST0176,Usa,P1009,Backpack,1,44.94,44.94
INV548514,2024-07-03,CUST0674,Germany,P1006,Coffee Mug,3,8.35,25.05
INV394993,2023-01-01,CUST0665,India,P1013,Sticky Notes Pack,3,4.33,12.99
INV557530,2024-12-05,CUST0176,Usa,P1001,Wireless Mouse,1,15.2,15.2
INV732129,2023-01-01,CUST0692,Canada,P1005,Office Chair,3,89.53,268.59
INV488079,2024-12-25,CUST0655,Uk,P1002,Bluetooth Speaker,3,35.91,107.73
INV707339,2024-06-14,CUST0631,France,P1009,Backpack,2,46.04,92.08
INV862151,2024-11-11,CUST0152,Uk,P1001,Wireless Mouse,1,16.2,16.2
INV568859,2023-07-24,CUST0650,Germany,P1004,Desk Lamp,1,22.21,22.21
INV416638,2024-07-28,CUST0571,Canada,P1010,Phone Case,3,9.57,28.71
INV846760,2023-10-28,CUST0749,Germany,P1014,Running Shoes,5,66.89,334.45
INV948233,2023-05-27,CUST0621,Usa,P1014,Running Shoes,4,65.66,262.64
INV244321,2024-11-09,CUST0657,Uk,P1004,Desk Lamp,4,21.1,84.4
INV276502,2024-12-16,CUST0020,Australia,P1011,Table Lamp,5,26.37,131.85
INV611305,2023-09-06,CUST0327,Usa,P1002,Bluetooth Speaker,1,34.31,34.31
INV715575,2024-11-01,CUST0308,France,P1007,Yoga Mat,3,19.54,58.62
INV735886,2024-04-24,CUST0608,Canada,P1014,Running Shoes,1,62.28,62.28
INV548609,2024-07-09,CUST0001,Germany,P1009,Backpack,2,46.75,93.5
INV677505,2024-10-29,CUST0172,Germany,P1010,Phone Case,4,9.64,38.56
INV333003,2024-07-13,CUST0636,Australia,P1003,Notebook Set,2,6.89,13.78
INV640505,2024-10-28,CUST0178,Australia,P1012,Gaming Headset,2,53.12,106.24
INV570524,2024-08-08,CUST0263,France,P1011,Table Lamp,5,28.23,141.15
INV706355,2024-08-31,CUST0087,Australia,P1004,Desk Lamp,2,22.56,45.12
INV987489,2024-07-03,CUST0618,Germany,P1001,Wireless Mouse,1,15.83,15.83
INV393701,2024-05-08,CUST0538,France,P1005,Office Chair,2,87.39,174.78
INV338074,2024-09-07,CUST0491,Australia,P1012,Gaming Headset,2,52.89,105.78
INV541175,2024-01-08,CUST0661,India,P1011,Table Lamp,4,27.99,111.96
INV761996,2024-12-04,CUST0753,Canada,P1012,Gaming Headset,5,56.26,281.3
INV415555,2023-11-22,CUST0283,Usa,P1001,Wireless Mouse,2,15.3,30.6
INV703152,2024-06-17,CUST0238,Germany,P1006,Coffee Mug,3,8.63,25.89
INV997605,2024-04-11,CUST0120,France,P1003,Notebook Set,1,6.89,6.89
INV809049,2024-11-14,CUST0479,Germany,P1013,Sticky Notes Pack,3,4.4,13.2
INV500375,2024-06-16,CUST0669,India,P1003,Notebook Set,1,6.53,6.53
INV231117,2024-11-07,CUST0482,India,P1010,Phone Case,3,9.54,28.62
INV855047,2024-12-16,CUST0072,Germany,P1004,Desk Lamp,1,21.4,21.4
INV222823,2024-11-15,CUST0623,India,P1013,Sticky Notes Pack,2,4.13,8.26
INV263976,2023-01-01,CUST0289,France,P1007,Yoga Mat,5,19.05,95.25
INV533337,2024-10-18,CUST0219,Canada,P1006,Coffee Mug,4,7.94,31.76
INV218970,2024-10-17,CUST0343,Usa,P1014,Running Shoes,4,62.07,248.28
INV994389,2024-11-29,CUST0536,France,P1011,Table Lamp,4,27.35,109.4
INV772572,2024-10-09,CUST0498,Brazil,P1007,Yoga Mat,4,20.16,80.64
INV104669,2023-11-30,CUST0466,Uk,P1008,Water Bottle,5,11.34,56.7
INV741525,2024-11-20,CUST0240,France,P1011,Table Lamp,5,28.5,142.5
INV868333,2024-05-27,CUST0304,France,P1008,Water Bottle,5,11.22,56.1
INV456501,2023-12-28,CUST0365,Usa,P1015,Winter Jacket,4,122.8,491.2
INV366804,2024-07-26,CUST0114,Brazil,P1002,Bluetooth Speaker,5,35.63,178.15
INV649745,2024-09-02,CUST0282,Canada,P1004,Desk Lamp,1,21.16,21.16
INV982173,2024-02-23,CUST0139,India,P1008,Water Bottle,1,11.4,11.4
INV227003,2024-06-21,CUST0268,Australia,P1010,Phone Case,1,10.46,10.46
INV821819,2024-06-01,CUST0651,Brazil,P1014,Running Shoes,3,62.27,186.81
INV602085,2024-08-15,CUST0090,Canada,P1004,Desk Lamp,3,21.41,64.23
INV963896,2024-01-24,CUST0424,Canada,P1012,Gaming Headset,3,53.85,161.55
INV642655,2023-08-17,CUST0301,Australia,P1001,Wireless Mouse,3,16.13,48.39
INV166959,2024-07-31,CUST0263,France,P1013,Sticky Notes Pack,1,4.06,4.06
INV509559,2024-10-03,CUST0043,France,P1001,Wireless Mouse,3,15.4,46.2
INV837065,2024-06-28,CUST0588,France,P1001,Wireless Mouse,1,15.42,15.42
INV962434,2024-11-21,CUST0075,Canada,P1006,Coffee Mug,1,8.27,8.27
INV458089,2023-02-16,CUST0533,Usa,P1008,Water Bottle,2,11.08,22.16
INV439320,2023-10-07,CUST0719,Germany,P1010,Phone Case,2,10.29,20.58
INV524069,2024-12-11,CUST0545,Canada,P1014,Running Shoes,3,66.14,198.42
INV116817,2024-04-30,CUST0238,Germany,P1004,Desk Lamp,5,20.97,104.85
INV391093,2024-07-06,CUST0644,Germany,P1008,Water Bottle,1,11.77,11.77
INV819002,2024-12-11,CUST0664,Uk,P1008,Water Bottle,3,11.56,34.68
INV165420,2023-01-01,CUST0699,Germany,P1009,Backpack,4,43.03,172.12
INV948486,2024-03-29,CUST0092,Australia,P1006,Coffee Mug,2,8.42,16.84
INV448620,2024-12-10,CUST0243,Germany,P1003,Notebook Set,2,7.04,14.08
INV564720,2024-11-10,CUST0725,Uk,P1004,Desk Lamp,3,21.64,64.92
INV773831,2024-11-09,CUST0791,Germany,P1011,Table Lamp,5,26.14,130.7
INV601336,2024-09-12,CUST0611,India,P1003,Notebook Set,3,6.89,20.67
INV496547,2023-01-01,CUST0652,Uk,P1003,Notebook Set,4,6.72,26.88
INV553274,2023-08-08,CUST0580,France,P1001,Wireless Mouse,2,16.32,32.64
INV783837,2024-02-23,CUST0631,France,P1010,Phone Case,1,9.82,9.82
INV682124,2024-07-31,CUST0387,Brazil,P1007,Yoga Mat,2,19.97,39.94
INV343702,2024-08-04,CUST0392,Germany,P1004,Desk Lamp,2,22.32,44.64
INV883596,2024-03-20,CUST0405,Germany,P1009,Backpack,3,45.01,135.03
INV641274,2024-12-21,CUST0006,France,P1015,Winter Jacket,1,115.63,115.63
INV516818,2024-12-22,CUST0250,Uk,P1001,Wireless Mouse,3,16.41,49.23
INV945653,2023-11-11,CUST0725,Uk,P1010,Phone Case,1,9.56,9.56
INV403800,2024-08-02,CUST0770,Canada,P1006,Coffee Mug,2,7.9,15.8
INV295103,2024-08-11,CUST0738,Canada,P1010,Phone Case,1,9.88,9.88
INV660396,2024-12-15,CUST0333,Canada,P1015,Winter Jacket,5,118.19,590.95
INV863282,2024-07-03,CUST0153,India,P1008,Water Bottle,5,11.85,59.25
INV361193,2024-12-13,CUST0631,France,P1014,Running Shoes,3,63.81,191.43
INV522659,2024-10-01,CUST0460,Uk,P1007,Yoga Mat,2,20.22,40.44
INV103030,2023-01-01,CUST0663,Australia,P1009,Backpack,4,43.91,175.64
INV546125,2024-12-12,CUST0382,Germany,P1014,Running Shoes,4,65.51,262.04
INV443387,2024-04-05,CUST0440,Brazil,P1011,Table Lamp,4,27.53,110.12
INV847116,2024-09-05,CUST0027,Usa,P1011,Table Lamp,5,28.8,144.0
INV794732,2024-07-16,CUST0612,Germany,P1014,Running Shoes,4,63.23,252.92
INV320249,2023-11-06,CUST0190,Canada,P1007,Yoga Mat,1,20.02,20.02
INV831966,2024-09-23,CUST0782,Australia,P1014,Running Shoes,3,62.97,188.91
INV722401,2024-12-10,CUST0470,Germany,P1005,Office Chair,1,91.4,91.4
INV833949,2024-05-27,CUST0349,France,P1006,Coffee Mug,2,8.57,17.14
INV749913,2024-10-12,CUST0248,Australia,P1012,Gaming Headset,2,52.27,104.54
INV918888,2023-10-01,CUST0330,Germany,P1010,Phone Case,1,10.31,10.31
INV559499,2024-11-17,CUST0677,France,P1014,Running Shoes,5,67.44,337.2
INV899449,2023-10-28,CUST0006,France,P1001,Wireless Mouse,3,16.12,48.36
INV497468,2023-01-01,CUST0348,Australia,P1006,Coffee Mug,3,8.39,25.17
INV675106,2024-11-16,CUST0204,Australia,P1009,Backpack,3,42.86,128.58
INV256573,2024-12-20,CUST0074,Canada,P1008,Water Bottle,2,11.58,23.16
INV775063,2024-10-09,CUST0095,Germany,P1012,Gaming Headset,2,52.85,105.7
INV164618,2023-01-01,CUST0006,France,P1012,Gaming Headset,5,53.42,267.1
INV102850,2024-05-20,CUST0778,Uk,P1001,Wireless Mouse,2,16.53,33.06
INV261237,2023-10-06,CUST0631,France,P1003,Notebook Set,2,6.62,13.24
INV753173,2024-05-28,CUST0327,Usa,P1011,Table Lamp,5,27.81,139.05
INV312391,2024-12-13,CUST0570,Brazil,P1014,Running Shoes,4,67.56,270.24
INV734200,2023-11-18,CUST0245,Germany,P1006,Coffee Mug,2,8.54,17.08
INV400016,2024-11-01,CUST0217,Australia,P1009,Backpack,2,46.84,93.68
INV532238,2024-11-08,CUST0748,Germany,P1015,Winter Jacket,3,123.23,369.69
INV196659,2024-11-29,CUST0096,Uk,P1012,Gaming Headset,1,54.03,54.03
INV891460,2024-03-28,CUST0349,France,P1015,Winter Jacket,4,117.86,471.44
INV585187,2023-01-01,CUST0136,Canada,P1006,Coffee Mug,5,8.12,40.6
INV532511,2023-08-19,CUST0274,Germany,P1001,Wireless Mouse,1,16.17,16.17
INV149389,2023-01-01,CUST0288,Brazil,P1013,Sticky Notes Pack,1,4.41,4.41
INV472903,2024-11-21,CUST0761,Brazil,P1004,Desk Lamp,2,22.39,44.78
INV494615,2024-11-11,CUST0257,India,P1013,Sticky Notes Pack,1,4.38,4.38
INV458106,2024-07-16,CUST0795,Australia,P1013,Sticky Notes Pack,1,4.12,4.12
INV260251,2024-06-07,CUST0581,Usa,P1010,Phone Case,4,10.21,40.84
INV803049,2024-03-10,CUST0267,Germany,P1013,Sticky Notes Pack,4,4.24,16.96
INV463824,2024-09-05,CUST0253,France,P1001,Wireless Mouse,5,16.15,80.75
INV286222,2024-12-28,CUST0141,Germany,P1011,Table Lamp,3,28.59,85.77
INV804595,2023-01-01,CUST0351,Australia,P1010,Phone Case,4,10.31,41.24
INV610740,2023-08-09,CUST0261,India,P1011,Table Lamp,1,26.63,26.63
INV724311,2024-06-27,CUST0350,France,P1003,Notebook Set,5,6.92,34.6
INV772060,2023-01-01,CUST0169,Brazil,P1013,Sticky Notes Pack,5,4.44,22.2
INV989931,2024-08-03,CUST0573,Germany,P1012,Gaming Headset,1,54.61,54.61
INV321137,2024-09-22,CUST0130,Germany,P1008,Water Bottle,2,11.52,23.04
INV836958,2024-08-15,CUST0296,Canada,P1006,Coffee Mug,5,8.06,40.3
INV162572,2024-08-02,CUST0001,Germany,P1011,Table Lamp,5,28.61,143.05
INV852509,2024-08-06,CUST0575,India,P1015,Winter Jacket,1,125.67,125.67
INV776323,2023-07-16,CUST0022,Usa,P1012,Gaming Headset,3,56.07,168.21
INV611730,2023-12-15,CUST0685,Germany,P1009,Backpack,5,45.05,225.25
INV446576,2024-11-09,CUST0555,India,P1013,Sticky Notes Pack,3,4.35,13.05
INV926077,2024-03-10,CUST0118,Brazil,P1001,Wireless Mouse,5,15.5,77.5
INV848492,2024-02-25,CUST0745,France,P1013,Sticky Notes Pack,3,4.44,13.32
INV160692,2024-09-18,CUST0546,Australia,P1014,Running Shoes,4,67.24,268.96
INV373744,2024-02-17,CUST0713,India,P1008,Water Bottle,3,11.46,34.38
INV610259,2024-08-10,CUST0329,Uk,P1014,Running Shoes,3,63.3,189.9
INV680100,2024-11-29,CUST0076,India,P1014,Running Shoes,5,65.93,329.65
INV962873,2023-01-01,CUST0699,Germany,P1007,Yoga Mat,2,19.72,39.44
INV495909,2024-12-11,CUST0580,France,P1003,Notebook Set,1,6.89,6.89
INV596210,2024-09-11,CUST0018,Usa,P1007,Yoga Mat,3,20.65,61.95
INV554094,2024-02-08,CUST0753,Canada,P1002,Bluetooth Speaker,3,34.88,104.64
INV333126,2024-12-07,CUST0682,Usa,P1004,Desk Lamp,5,22.33,111.65
INV669826,2024-09-04,CUST0373,Brazil,P1003,Notebook Set,4,7.08,28.32
INV610905,2024-07-27,CUST0440,Brazil,P1001,Wireless Mouse,5,15.8,79.0
INV250503,2023-03-17,CUST0442,Usa,P1002,Bluetooth Speaker,4,35.2,140.8
INV825323,2023-09-10,CUST0058,Brazil,P1003,Notebook Set,1,7.08,7.08
INV423032,2024-04-12,CUST0348,Australia,P1005,Office Chair,1,87.44,87.44
INV147283,2024-07-12,CUST0559,India,P1005,Office Chair,4,88.18,352.72
INV594331,2023-01-01,CUST0655,Uk,P1003,Notebook Set,2,6.5,13.0
INV492854,2023-01-01,CUST0107,France,P1007,Yoga Mat,1,20.72,20.72
INV877444,2024-08-17,CUST0296,Canada,P1006,Coffee Mug,2,8.14,16.28
INV353292,2024-04-14,CUST0090,Canada,P1014,Running Shoes,5,67.02,335.1
INV116009,2024-12-16,CUST0001,Germany,P1007,Yoga Mat,5,19.07,95.35
INV474290,2023-07-11,CUST0425,Brazil,P1005,Office Chair,3,93.42,280.26
INV347077,2024-02-27,CUST0708,Usa,P1010,Phone Case,5,9.87,49.35
INV499327,2024-08-07,CUST0236,Australia,P1004,Desk Lamp,3,21.49,64.47
INV196678,2024-12-13,CUST0685,Germany,P1014,Running Shoes,4,68.2,272.8
INV475150,2024-06-21,CUST0225,Germany,P1013,Sticky Notes Pack,3,4.17,12.51
INV666143,2024-11-02,CUST0043,France,P1005,Office Chair,5,93.16,465.8
INV986338,2024-07-06,CUST0535,France,P1007,Yoga Mat,1,19.68,19.68
INV251687,2023-01-01,CUST0042,Uk,P1004,Desk Lamp,3,20.98,62.94
INV813377,2024-12-13,CUST0637,France,P1005,Office Chair,2,87.0,174.0
INV522848,2023-01-01,CUST0661,India,P1007,Yoga Mat,1,20.4,20.4
INV763730,2023-10-19,CUST0085,Usa,P1007,Yoga Mat,4,19.19,76.76
INV193570,2024-12-12,CUST0183,Uk,P1015,Winter Jacket,1,120.09,120.09
INV879416,2024-10-25,CUST0264,France,P1003,Notebook Set,4,6.88,27.52
INV427258,2024-06-13,CUST0338,Usa,P1003,Notebook Set,2,6.42,12.84
INV397062,2024-03-08,CUST0538,France,P1008,Water Bottle,4,11.88,47.52
INV539935,2024-11-16,CUST0174,India,P1013,Sticky Notes Pack,4,4.34,17.36
INV650975,2024-09-16,CUST0252,Australia,P1014,Running Shoes,4,66.13,264.52
INV264612,2024-12-21,CUST0440,Brazil,P1013,Sticky Notes Pack,4,4.14,16.56
INV905836,2024-11-15,CUST0215,Brazil,P1015,Winter Jacket,4,125.48,501.92
INV808276,2024-11-23,CUST0670,Brazil,P1015,Winter Jacket,1,116.07,116.07
INV859057,2024-11-19,CUST0478,France,P1002,Bluetooth Speaker,5,34.78,173.9
INV340436,2024-11-08,CUST0386,India,P1002,Bluetooth Speaker,4,33.45,133.8
INV926862,2023-03-24,CUST0389,Uk,P1006,Coffee Mug,5,8.38,41.9
INV454044,2024-07-02,CUST0350,France,P1011,Table Lamp,3,27.88,83.64
INV815472,2024-01-26,CUST0118,Brazil,P1012,Gaming Headset,4,55.21,220.84
INV974787,2023-05-27,CUST0730,Usa,P1013,Sticky Notes Pack,3,4.41,13.23
INV744160,2024-06-29,CUST0580,France,P1009,Backpack,2,42.8,85.6
INV307705,2024-08-11,CUST0536,France,P1010,Phone Case,5,10.14,50.7
INV171007,2024-06-03,CUST0110,Uk,P1011,Table Lamp,3,27.72,83.16
INV560149,2024-09-12,CUST0709,France,P1014,Running Shoes,3,62.93,188.79
INV440383,2024-12-20,CUST0300,Germany,P1005,Office Chair,2,91.69,183.38
INV306793,2024-09-19,CUST0076,India,P1007,Yoga Mat,2,19.14,38.28
INV860748,2024-09-15,CUST0542,Australia,P1013,Sticky Notes Pack,2,4.28,8.56
INV293533,2024-10-12,CUST0371,Australia,P1005,Office Chair,3,92.46,277.38
INV551474,2024-05-10,CUST0289,France,P1006,Coffee Mug,5,8.09,40.45
INV127064,2023-11-12,CUST0490,Canada,P1006,Coffee Mug,3,7.89,23.67
INV808634,2024-05-04,CUST0416,France,P1006,Coffee Mug,1,7.91,7.91
INV621010,2023-07-17,CUST0717,Brazil,P1007,Yoga Mat,5,20.3,101.5
INV896180,2023-01-20,CUST0466,Uk,P1013,Sticky Notes Pack,5,4.1,20.5
INV768401,2024-09-07,CUST0176,Usa,P1008,Water Bottle,3,11.13,33.39
INV873189,2024-11-21,CUST0366,India,P1003,Notebook Set,5,6.64,33.2
INV584318,2024-05-06,CUST0117,Germany,P1014,Running Shoes,5,65.3,326.5
INV773831,2024-11-09,CUST0791,Germany,P1004,Desk Lamp,1,22.71,22.71
INV461919,2024-07-16,CUST0310,Usa,P1006,Coffee Mug,2,7.97,15.94
INV402034,2024-12-04,CUST0679,Uk,P1012,Gaming Headset,5,53.45,267.25
INV877240,2024-09-30,CUST0657,Uk,P1010,Phone Case,2,9.96,19.92
INV458106,2024-07-16,CUST0795,Australia,P1010,Phone Case,5,10.28,51.4
INV513347,2024-10-18,CUST0580,France,P1014,Running Shoes,1,66.18,66.18
INV291440,2023-04-20,CUST0238,Germany,P1003,Notebook Set,1,6.6,6.6
INV827784,2024-03-27,CUST0108,Germany,P1009,Backpack,5,42.8,214.0
INV688825,2024-12-16,CUST0406,France,P1003,Notebook Set,3,6.66,19.98
INV180722,2024-09-12,CUST0781,Brazil,P1001,Wireless Mouse,3,15.59,46.77
INV736424,2024-07-18,CUST0661,India,P1011,Table Lamp,4,26.52,106.08
INV685828,2024-03-30,CUST0694,Germany,P1010,Phone Case,1,10.18,10.18
INV539698,2024-11-07,CUST0333,Canada,P1014,Running Shoes,1,63.09,63.09
INV216090,2023-11-03,CUST0006,France,P1005,Office Chair,2,91.01,182.02
INV151069,2024-07-08,CUST0388,Canada,P1009,Backpack,1,43.18,43.18
INV471364,2024-12-26,CUST0615,Germany,P1008,Water Bottle,4,11.91,47.64
INV513849,2024-01-31,CUST0359,Usa,P1012,Gaming Headset,5,55.13,275.65
INV651975,2024-05-12,CUST0104,India,P1008,Water Bottle,1,11.3,11.3
INV840201,2023-12-04,CUST0459,Canada,P1012,Gaming Headset,3,55.49,166.47
INV247492,2024-09-11,CUST0753,Canada,P1009,Backpack,2,43.28,86.56
INV370593,2024-12-24,CUST0228,France,P1014,Running Shoes,1,66.05,66.05
INV747866,2024-02-19,CUST0740,Brazil,P1005,Office Chair,2,89.47,178.94
INV442929,2023-12-19,CUST0582,Canada,P1004,Desk Lamp,3,22.48,67.44
INV718252,2024-11-23,CUST0126,Brazil,P1009,Backpack,1,45.29,45.29
INV142150,2024-10-22,CUST0501,France,P1001,Wireless Mouse,3,16.6,49.8
INV863772,2024-12-27,CUST0096,Uk,P1010,Phone Case,1,9.55,9.55
INV288474,2024-05-02,CUST0600,France,P1009,Backpack,1,46.72,46.72
INV117833,2024-03-11,CUST0343,Usa,P1010,Phone Case,5,9.75,48.75
INV914090,2023-09-08,CUST0518,Germany,P1012,Gaming Headset,3,54.75,164.25
INV834499,2024-08-26,CUST0776,Germany,P1004,Desk Lamp,5,22.72,113.6
INV233567,2024-05-24,CUST0539,France,P1002,Bluetooth Speaker,2,35.93,71.86
INV835811,2024-12-01,CUST0732,Germany,P1002,Bluetooth Speaker,1,32.85,32.85
INV441305,2023-08-07,CUST0571,Canada,P1011,Table Lamp,5,26.23,131.15
INV783837,2024-02-23,CUST0631,France,P1003,Notebook Set,4,6.63,26.52
INV672458,2024-08-21,CUST0749,Germany,P1007,Yoga Mat,2,19.16,38.32
INV578458,2023-01-01,CUST0745,France,P1012,Gaming Headset,3,52.42,157.26
INV704976,2023-03-25,CUST0739,Australia,P1012,Gaming Headset,2,55.32,110.64
INV380669,2024-08-17,CUST0759,France,P1011,Table Lamp,5,27.44,137.2
INV123455,2024-08-22,CUST0087,Australia,P1005,Office Chair,3,92.25,276.75
INV234894,2023-09-30,CUST0104,India,P1012,Gaming Headset,5,57.24,286.2
INV826984,2024-10-21,CUST0755,Uk,P1008,Water Bottle,3,12.04,36.12
INV266421,2024-06-29,CUST0021,Brazil,P1004,Desk Lamp,2,21.68,43.36
INV991956,2024-09-12,CUST0399,France,P1006,Coffee Mug,2,8.58,17.16
INV877240,2024-09-30,CUST0657,Uk,P1011,Table Lamp,2,27.69,55.38
INV427335,2024-03-10,CUST0646,Usa,P1009,Backpack,3,43.96,131.88
INV247330,2024-07-21,CUST0681,Germany,P1010,Phone Case,2,10.09,20.18
INV812168,2024-04-30,CUST0064,Brazil,P1002,Bluetooth Speaker,5,34.25,171.25
INV826338,2023-09-06,CUST0264,France,P1003,Notebook Set,1,7.03,7.03
INV331377,2023-10-17,CUST0704,France,P1015,Winter Jacket,1,124.44,124.44
INV552946,2023-11-27,CUST0311,Uk,P1001,Wireless Mouse,4,16.56,66.24
INV661329,2024-02-23,CUST0111,Canada,P1006,Coffee Mug,1,8.29,8.29
INV935243,2024-11-03,CUST0336,Usa,P1002,Bluetooth Speaker,3,34.3,102.9
INV119716,2023-11-18,CUST0400,Uk,P1010,Phone Case,4,10.07,40.28
INV140278,2024-11-03,CUST0167,Usa,P1015,Winter Jacket,3,116.42,349.26
INV991360,2024-12-24,CUST0454,Canada,P1013,Sticky Notes Pack,4,4.05,16.2
INV619600,2024-11-16,CUST0615,Germany,P1010,Phone Case,4,10.1,40.4
INV157235,2024-08-23,CUST0273,India,P1013,Sticky Notes Pack,4,4.32,17.28
INV909893,2024-04-10,CUST0409,Brazil,P1012,Gaming Headset,4,52.68,210.72
INV847665,2024-12-03,CUST0717,Brazil,P1010,Phone Case,1,10.31,10.31
INV335189,2023-12-25,CUST0406,France,P1008,Water Bottle,3,11.45,34.35
INV978360,2023-01-01,CUST0709,France,P1002,Bluetooth Speaker,1,34.7,34.7
INV698274,2023-10-16,CUST0452,India,P1011,Table Lamp,4,28.5,114.0
INV952762,2024-08-08,CUST0159,France,P1008,Water Bottle,5,12.01,60.05
INV680896,2024-10-27,CUST0651,Brazil,P1004,Desk Lamp,4,22.29,89.16
INV482621,2023-01-01,CUST0546,Australia,P1015,Winter Jacket,3,117.46,352.38
INV680878,2023-02-24,CUST0541,Usa,P1008,Water Bottle,5,11.23,56.15
INV306595,2024-12-13,CUST0023,Canada,P1013,Sticky Notes Pack,3,4.13,12.39
INV865736,2023-05-12,CUST0177,France,P1011,Table Lamp,1,27.13,27.13
INV282445,2024-09-01,CUST0476,Canada,P1012,Gaming Headset,2,56.01,112.02
INV967668,2024-11-05,CUST0631,France,P1004,Desk Lamp,5,22.74,113.7
INV785954,2023-01-01,CUST0599,Usa,P1005,Office Chair,3,93.51,280.53
INV137742,2024-09-03,CUST0459,Canada,P1001,Wireless Mouse,4,16.32,65.28
INV491627,2024-09-15,CUST0071,Germany,P1007,Yoga Mat,5,20.67,103.35
INV337572,2024-06-08,CUST0170,Uk,P1009,Backpack,2,44.76,89.52
INV515911,2024-12-17,CUST0464,Germany,P1007,Yoga Mat,5,20.26,101.3
INV359319,2024-11-23,CUST0170,Uk,P1007,Yoga Mat,4,20.45,81.8
INV694767,2024-07-23,CUST0232,Brazil,P1007,Yoga Mat,2,19.92,39.84
INV914056,2024-11-25,CUST0107,France,P1003,Notebook Set,4,7.07,28.28
INV366928,2023-01-24,CUST0096,Uk,P1004,Desk Lamp,3,21.04,63.12
INV391975,2024-07-11,CUST0327,Usa,P1008,Water Bottle,2,11.24,22.48
INV574391,2023-11-23,CUST0786,Uk,P1010,Phone Case,2,10.0,20.0
INV985470,2024-11-04,CUST0333,Canada,P1005,Office Chair,1,92.02,92.02
INV470488,2023-10-06,CUST0354,France,P1013,Sticky Notes Pack,5,4.38,21.9
INV266756,2024-08-04,CUST0292,Uk,P1008,Water Bottle,5,11.89,59.45
INV686029,2024-11-20,CUST0670,Brazil,P1002,Bluetooth Speaker,3,36.01,108.03
INV243950,2024-07-17,CUST0327,Usa,P1015,Winter Jacket,2,124.69,249.38
INV485151,2024-11-03,CUST0745,France,P1011,Table Lamp,4,26.14,104.56
INV675316,2024-03-23,CUST0708,Usa,P1010,Phone Case,3,10.05,30.15
INV529516,2023-08-25,CUST0475,Canada,P1001,Wireless Mouse,5,16.34,81.7
INV191480,2023-01-01,CUST0590,Brazil,P1005,Office Chair,2,94.18,188.36
INV692501,2024-10-31,CUST0736,Uk,P1008,Water Bottle,4,12.07,48.28
INV713888,2023-11-25,CUST0544,Canada,P1004,Desk Lamp,4,21.25,85.0
INV871622,2024-12-20,CUST0273,India,P1010,Phone Case,4,9.85,39.4
INV279237,2024-11-26,CUST0753,Canada,P1009,Backpack,1,42.99,42.99
INV784340,2023-01-01,CUST0557,India,P1005,Office Chair,2,86.3,172.6
INV661110,2023-12-07,CUST0555,India,P1005,Office Chair,1,92.57,92.57
INV316665,2024-11-10,CUST0126,Brazil,P1007,Yoga Mat,4,19.92,79.68
INV405337,2024-09-03,CUST0603,Canada,P1002,Bluetooth Speaker,1,34.83,34.83
INV363014,2024-01-04,CUST0011,Usa,P1011,Table Lamp,4,27.15,108.6
INV376281,2024-11-28,CUST0742,India,P1007,Yoga Mat,1,20.48,20.48
INV280915,2023-11-22,CUST0717,Brazil,P1009,Backpack,5,46.86,234.3
INV447090,2024-12-04,CUST0250,Uk,P1006,Coffee Mug,1,8.42,8.42
INV294147,2024-07-09,CUST0628,Usa,P1008,Water Bottle,5,11.81,59.05
INV151903,2024-10-23,CUST0117,Germany,P1013,Sticky Notes Pack,3,4.25,12.75
INV648436,2024-08-09,CUST0633,Uk,P1006,Coffee Mug,4,8.54,34.16
INV653660,2024-09-13,CUST0376,Canada,P1006,Coffee Mug,1,8.29,8.29
INV917121,2024-07-28,CUST0237,Usa,P1009,Backpack,3,43.27,129.81
INV903981,2024-09-25,CUST0782,Australia,P1002,Bluetooth Speaker,4,33.0,132.0
INV736741,2023-01-01,CUST0034,Canada,P1013,Sticky Notes Pack,3,4.33,12.99
INV183633,2023-05-29,CUST0512,Canada,P1007,Yoga Mat,2,20.06,40.12
INV371687,2023-09-17,CUST0646,Usa,P1006,Coffee Mug,5,7.93,39.65
INV750495,2024-07-26,CUST0740,Brazil,P1001,Wireless Mouse,1,15.24,15.24
INV368666,2024-11-25,CUST0679,Uk,P1011,Table Lamp,5,26.34,131.7
INV546402,2024-01-20,CUST0621,Usa,P1008,Water Bottle,3,11.22,33.66
INV734808,2023-01-01,CUST0382,Germany,P1001,Wireless Mouse,1,16.77,16.77
INV207186,2023-01-01,CUST0692,Canada,P1012,Gaming Headset,1,52.28,52.28
INV267610,2024-09-16,CUST0569,Uk,P1012,Gaming Headset,5,52.7,263.5
INV361305,2024-09-01,CUST0634,Usa,P1005,Office Chair,2,88.3,176.6
INV514557,2023-01-01,CUST0596,Australia,P1003,Notebook Set,5,6.5,32.5
INV451007,2024-10-29,CUST0150,Germany,P1007,Yoga Mat,4,20.49,81.96
INV863573,2023-01-01,CUST0274,Germany,P1002,Bluetooth Speaker,3,34.03,102.09
INV363263,2023-08-14,CUST0641,Australia,P1003,Notebook Set,5,6.76,33.8
INV499327,2024-08-07,CUST0236,Australia,P1008,Water Bottle,2,12.06,24.12
INV304531,2024-02-17,CUST0082,Australia,P1009,Backpack,3,44.5,133.5
INV264887,2023-01-01,CUST0117,Germany,P1008,Water Bottle,2,10.97,21.94
INV943723,2023-04-15,CUST0096,Uk,P1004,Desk Lamp,4,22.56,90.24
INV342214,2024-11-06,CUST0072,Germany,P1008,Water Bottle,5,11.28,56.4
INV220494,2024-11-14,CUST0753,Canada,P1013,Sticky Notes Pack,5,4.45,22.25
INV642830,2024-10-13,CUST0734,Uk,P1005,Office Chair,1,89.08,89.08
INV450713,2024-10-27,CUST0691,Germany,P1013,Sticky Notes Pack,5,4.36,21.8
INV476660,2023-01-01,CUST0301,Australia,P1011,Table Lamp,3,28.07,84.21
INV344496,2024-04-17,CUST0576,Australia,P1010,Phone Case,5,9.82,49.1
INV730559,2024-04-06,CUST0798,Germany,P1005,Office Chair,3,88.04,264.12
INV989931,2024-08-03,CUST0573,Germany,P1001,Wireless Mouse,5,16.73,83.65
INV892935,2023-08-05,CUST0006,France,P1014,Running Shoes,5,65.89,329.45
INV989266,2024-06-09,CUST0466,Uk,P1002,Bluetooth Speaker,2,33.42,66.84
INV180817,2024-10-02,CUST0192,Canada,P1014,Running Shoes,5,66.03,330.15
INV991956,2024-09-12,CUST0399,France,P1004,Desk Lamp,1,22.61,22.61
INV856041,2024-10-20,CUST0510,Usa,P1014,Running Shoes,4,65.94,263.76
INV831369,2024-02-18,CUST0278,France,P1001,Wireless Mouse,3,15.59,46.77
INV483198,2023-09-03,CUST0245,Germany,P1013,Sticky Notes Pack,1,4.35,4.35
INV150915,2024-10-29,CUST0686,Canada,P1006,Coffee Mug,1,8.03,8.03
INV443033,2023-10-25,CUST0782,Australia,P1015,Winter Jacket,3,120.42,361.26
INV328739,2024-04-08,CUST0547,Usa,P1009,Backpack,1,46.24,46.24
INV117461,2023-01-01,CUST0667,Usa,P1009,Backpack,3,43.32,129.96
INV279465,2024-07-21,CUST0661,India,P1008,Water Bottle,5,10.99,54.95
INV666794,2024-06-29,CUST0203,Australia,P1004,Desk Lamp,5,21.43,107.15
INV557795,2023-01-01,CUST0238,Germany,P1006,Coffee Mug,3,8.14,24.42
INV675316,2024-03-23,CUST0708,Usa,P1011,Table Lamp,5,28.62,143.1
INV173904,2023-09-13,CUST0057,Canada,P1015,Winter Jacket,1,117.66,117.66
INV305614,2024-07-12,CUST0127,India,P1002,Bluetooth Speaker,5,34.26,171.3
INV483577,2024-12-27,CUST0156,Canada,P1004,Desk Lamp,5,21.96,109.8
INV216399,2024-07-06,CUST0277,Uk,P1008,Water Bottle,5,11.97,59.85
INV749533,2024-10-24,CUST0035,Australia,P1011,Table Lamp,2,26.47,52.94
INV160161,2024-05-11,CUST0125,Brazil,P1009,Backpack,3,46.22,138.66
INV181011,2024-06-30,CUST0541,Usa,P1006,Coffee Mug,4,8.44,33.76
INV131880,2024-03-02,CUST0661,India,P1008,Water Bottle,4,11.2,44.8
INV283760,2024-12-16,CUST0076,India,P1013,Sticky Notes Pack,2,4.37,8.74
INV703152,2024-06-17,CUST0238,Germany,P1003,Notebook Set,3,6.6,19.8
INV295908,2024-08-29,CUST0606,Brazil,P1006,Coffee Mug,1,7.85,7.85
INV525493,2024-10-07,CUST0238,Germany,P1002,Bluetooth Speaker,4,34.35,137.4
INV552568,2024-07-03,CUST0678,Germany,P1007,Yoga Mat,1,19.06,19.06
INV328739,2024-04-08,CUST0547,Usa,P1006,Coffee Mug,5,8.13,40.65
INV673963,2024-10-13,CUST0392,Germany,P1001,Wireless Mouse,1,16.32,16.32
INV889019,2024-02-08,CUST0742,India,P1010,Phone Case,4,9.63,38.52
INV258474,2024-08-06,CUST0462,France,P1011,Table Lamp,3,26.72,80.16
INV285877,2024-06-20,CUST0666,Canada,P1011,Table Lamp,2,28.07,56.14
INV982619,2023-01-01,CUST0454,Canada,P1015,Winter Jacket,1,124.83,124.83
INV133766,2024-10-22,CUST0587,Canada,P1007,Yoga Mat,3,20.01,60.03
INV514726,2024-11-23,CUST0472,Brazil,P1009,Backpack,4,43.86,175.44
INV419161,2024-10-09,CUST0486,Usa,P1005,Office Chair,1,86.54,86.54
INV743044,2024-07-08,CUST0016,France,P1010,Phone Case,4,9.77,39.08
INV773503,2023-01-01,CUST0260,Canada,P1003,Notebook Set,4,6.79,27.16
INV324177,2024-11-01,CUST0117,Germany,P1001,Wireless Mouse,3,16.24,48.72
INV648086,2023-10-29,CUST0097,Brazil,P1007,Yoga Mat,5,20.33,101.65
INV122698,2024-07-09,CUST0204,Australia,P1014,Running Shoes,1,67.0,67.0
INV679704,2023-07-17,CUST0615,Germany,P1003,Notebook Set,1,6.7,6.7
INV350689,2024-05-26,CUST0692,Canada,P1005,Office Chair,2,87.4,174.8
INV677267,2024-05-30,CUST0432,Australia,P1011,Table Lamp,5,27.72,138.6
INV916171,2024-08-19,CUST0587,Canada,P1015,Winter Jacket,1,125.88,125.88
INV959165,2024-11-20,CUST0616,Canada,P1003,Notebook Set,5,6.63,33.15
INV627848,2024-04-01,CUST0457,Uk,P1014,Running Shoes,4,65.14,260.56
INV309886,2023-01-01,CUST0153,India,P1012,Gaming Headset,4,55.53,222.12
INV312492,2024-05-31,CUST0006,France,P1006,Coffee Mug,3,7.85,23.55
INV907651,2024-12-15,CUST0153,India,P1012,Gaming Headset,5,54.46,272.3
INV915181,2024-12-05,CUST0533,Usa,P1012,Gaming Headset,4,56.62,226.48
INV806457,2023-10-19,CUST0431,Germany,P1008,Water Bottle,2,11.38,22.76
INV319050,2023-01-01,CUST0655,Uk,P1005,Office Chair,5,89.33,446.65
INV459591,2024-09-29,CUST0593,Australia,P1001,Wireless Mouse,3,15.98,47.94
INV224183,2024-03-28,CUST0378,India,P1011,Table Lamp,5,26.2,131.0
INV456501,2023-12-28,CUST0365,Usa,P1015,Winter Jacket,1,121.55,121.55
INV216399,2024-07-06,CUST0277,Uk,P1014,Running Shoes,5,67.97,339.85
INV919791,2024-07-27,CUST0134,Usa,P1007,Yoga Mat,2,19.43,38.86
INV901969,2023-01-01,CUST0082,Australia,P1009,Backpack,5,44.4,222.0
INV768644,2024-06-28,CUST0152,Uk,P1008,Water Bottle,4,11.64,46.56
INV659133,2024-09-17,CUST0476,Canada,P1015,Winter Jacket,3,120.54,361.62
INV103354,2024-01-27,CUST0382,Germany,P1001,Wireless Mouse,4,16.32,65.28
INV944471,2024-11-26,CUST0164,France,P1002,Bluetooth Speaker,1,32.79,32.79
INV851477,2024-08-19,CUST0205,Uk,P1014,Running Shoes,5,63.45,317.25
INV145931,2024-03-09,CUST0108,Germany,P1006,Coffee Mug,4,7.96,31.84
INV544416,2024-03-01,CUST0338,Usa,P1011,Table Lamp,3,27.69,83.07
INV964920,2024-07-22,CUST0391,Australia,P1014,Running Shoes,5,68.24,341.2
INV944313,2024-02-17,CUST0087,Australia,P1015,Winter Jacket,1,122.57,122.57
INV216052,2023-03-12,CUST0657,Uk,P1008,Water Bottle,2,11.98,23.96
INV316117,2024-06-15,CUST0006,France,P1001,Wireless Mouse,2,16.09,32.18
INV555136,2024-10-11,CUST0026,Canada,P1004,Desk Lamp,1,20.94,20.94
INV732120,2024-10-29,CUST0750,Australia,P1011,Table Lamp,5,26.25,131.25
INV149667,2024-09-19,CUST0785,India,P1009,Backpack,1,44.76,44.76
INV375933,2024-08-08,CUST0758,Uk,P1015,Winter Jacket,1,122.32,122.32
INV369961,2024-09-08,CUST0406,France,P1011,Table Lamp,3,27.89,83.67
INV453755,2023-03-14,CUST0516,Usa,P1009,Backpack,2,45.26,90.52
INV773509,2024-09-08,CUST0178,Australia,P1006,Coffee Mug,1,8.35,8.35
INV602590,2023-01-23,CUST0590,Brazil,P1012,Gaming Headset,5,55.7,278.5
INV267753,2024-03-05,CUST0067,Uk,P1014,Running Shoes,2,65.56,131.12
INV161719,2024-10-12,CUST0308,France,P1003,Notebook Set,1,6.62,6.62
INV577387,2024-11-22,CUST0195,Australia,P1007,Yoga Mat,1,19.68,19.68
INV344907,2024-11-26,CUST0453,Uk,P1005,Office Chair,1,86.11,86.11
INV564720,2024-11-10,CUST0725,Uk,P1015,Winter Jacket,2,116.44,232.88
INV703338,2024-12-20,CUST0548,Brazil,P1005,Office Chair,1,87.56,87.56
INV952075,2023-12-05,CUST0745,France,P1005,Office Chair,3,93.1,279.3
INV488704,2024-12-06,CUST0537,Uk,P1015,Winter Jacket,5,115.16,575.8
INV934956,2023-01-01,CUST0499,France,P1001,Wireless Mouse,5,16.44,82.2
INV267841,2024-10-23,CUST0366,India,P1007,Yoga Mat,5,20.03,100.15
INV610579,2024-12-02,CUST0603,Canada,P1001,Wireless Mouse,5,15.42,77.1
INV534802,2024-10-30,CUST0590,Brazil,P1011,Table Lamp,2,28.51,57.02
INV270549,2023-07-24,CUST0040,Brazil,P1006,Coffee Mug,1,8.07,8.07
INV680007,2024-11-17,CUST0130,Germany,P1001,Wireless Mouse,1,16.19,16.19
INV876045,2023-01-01,CUST0429,Germany,P1008,Water Bottle,4,11.19,44.76
INV196805,2024-12-02,CUST0742,India,P1001,Wireless Mouse,1,15.81,15.81
INV977803,2024-12-28,CUST0690,Usa,P1002,Bluetooth Speaker,1,33.53,33.53
INV556340,2024-11-12,CUST0778,Uk,P1009,Backpack,5,44.48,222.4
INV585527,2023-10-10,CUST0142,Germany,P1013,Sticky Notes Pack,4,4.44,17.76
INV576870,2024-10-31,CUST0746,India,P1008,Water Bottle,3,11.03,33.09
INV539443,2024-11-22,CUST0441,Usa,P1015,Winter Jacket,1,122.86,122.86
INV545549,2024-10-18,CUST0458,France,P1004,Desk Lamp,1,22.14,22.14
INV794732,2024-07-16,CUST0612,Germany,P1006,Coffee Mug,3,8.49,25.47
INV659960,2023-09-17,CUST0250,Uk,P1001,Wireless Mouse,5,16.2,81.0
INV809124,2024-06-15,CUST0628,Usa,P1014,Running Shoes,1,66.92,66.92
INV286979,2024-05-01,CUST0166,Usa,P1014,Running Shoes,5,64.82,324.1
INV571827,2024-11-16,CUST0562,Brazil,P1011,Table Lamp,4,27.26,109.04
INV451007,2024-10-29,CUST0150,Germany,P1008,Water Bottle,2,11.66,23.32
INV578521,2024-09-04,CUST0111,Canada,P1011,Table Lamp,2,27.97,55.94
INV480773,2024-04-02,CUST0173,France,P1011,Table Lamp,5,28.67,143.35
INV217266,2024-10-28,CUST0597,France,P1015,Winter Jacket,1,115.62,115.62
INV885844,2024-10-24,CUST0632,France,P1006,Coffee Mug,1,8.6,8.6
INV238397,2024-08-02,CUST0102,Usa,P1009,Backpack,5,42.84,214.2
INV438542,2024-03-01,CUST0357,Canada,P1007,Yoga Mat,2,19.38,38.76
INV892237,2024-10-08,CUST0382,Germany,P1005,Office Chair,1,89.84,89.84
INV591203,2024-10-27,CUST0545,Canada,P1010,Phone Case,3,10.25,30.75
INV252193,2023-12-30,CUST0541,Usa,P1010,Phone Case,2,9.93,19.86
INV973512,2024-12-07,CUST0749,Germany,P1001,Wireless Mouse,5,15.98,79.9
INV706929,2023-11-01,CUST0261,India,P1015,Winter Jacket,5,119.86,599.3
INV832482,2024-11-23,CUST0596,Australia,P1008,Water Bottle,4,11.49,45.96
INV216090,2023-11-03,CUST0006,France,P1014,Running Shoes,1,62.18,62.18
INV438607,2024-08-18,CUST0325,India,P1009,Backpack,1,45.7,45.7
INV157150,2023-11-05,CUST0273,India,P1007,Yoga Mat,5,20.59,102.95
INV492079,2024-12-07,CUST0084,Germany,P1003,Notebook Set,3,6.59,19.77
INV902202,2024-08-11,CUST0402,Canada,P1006,Coffee Mug,5,8.57,42.85
INV515075,2024-10-21,CUST0546,Australia,P1008,Water Bottle,1,11.08,11.08
INV799714,2024-06-17,CUST0646,Usa,P1003,Notebook Set,3,7.05,21.15
INV483347,2024-08-29,CUST0451,Uk,P1005,Office Chair,3,94.15,282.45
INV356279,2023-06-30,CUST0006,France,P1008,Water Bottle,2,11.21,22.42
INV275549,2023-12-27,CUST0740,Brazil,P1011,Table Lamp,3,26.42,79.26
INV610905,2024-07-27,CUST0440,Brazil,P1012,Gaming Headset,4,55.17,220.68
INV566548,2024-07-08,CUST0209,Australia,P1002,Bluetooth Speaker,2,35.55,71.1
INV303464,2024-02-24,CUST0477,Usa,P1007,Yoga Mat,2,19.58,39.16
INV191965,2024-10-28,CUST0647,Germany,P1015,Winter Jacket,2,120.99,241.98
INV999029,2024-11-25,CUST0301,Australia,P1012,Gaming Headset,3,56.49,169.47
INV717279,2023-01-01,CUST0692,Canada,P1002,Bluetooth Speaker,2,33.24,66.48
INV914900,2024-12-27,CUST0536,France,P1012,Gaming Headset,3,57.0,171.0
INV917747,2023-08-26,CUST0149,Brazil,P1001,Wireless Mouse,4,16.1,64.4
INV783849,2023-12-24,CUST0622,France,P1003,Notebook Set,5,6.53,32.65
INV767075,2023-01-01,CUST0378,India,P1001,Wireless Mouse,2,15.59,31.18
INV161232,2023-12-03,CUST0579,Brazil,P1004,Desk Lamp,4,22.04,88.16
INV721324,2024-10-19,CUST0454,Canada,P1001,Wireless Mouse,5,15.28,76.4
INV913626,2024-07-26,CUST0346,Canada,P1007,Yoga Mat,2,19.66,39.32
INV876424,2024-06-30,CUST0389,Uk,P1001,Wireless Mouse,4,15.31,61.24
INV822866,2024-11-11,CUST0686,Canada,P1006,Coffee Mug,4,7.94,31.76
INV359438,2024-08-21,CUST0406,France,P1003,Notebook Set,2,6.92,13.84
INV304740,2024-11-06,CUST0288,Brazil,P1011,Table Lamp,4,28.18,112.72
INV568263,2024-12-10,CUST0029,Uk,P1010,Phone Case,3,9.6,28.8
INV686217,2024-12-20,CUST0358,Germany,P1015,Winter Jacket,2,115.62,231.24
INV682124,2024-07-31,CUST0387,Brazil,P1002,Bluetooth Speaker,3,34.02,102.06
INV679752,2024-01-08,CUST0797,India,P1003,Notebook Set,1,6.77,6.77
INV773316,2024-07-08,CUST0769,Canada,P1013,Sticky Notes Pack,5,4.12,20.6
INV638325,2024-03-25,CUST0665,India,P1006,Coffee Mug,2,8.46,16.92
INV962528,2024-08-08,CUST0773,France,P1001,Wireless Mouse,5,16.13,80.65
INV361610,2024-06-09,CUST0536,France,P1005,Office Chair,4,92.18,368.72
INV441290,2024-02-24,CUST0235,India,P1006,Coffee Mug,2,8.23,16.46
INV812203,2024-05-23,CUST0659,India,P1009,Backpack,2,43.32,86.64
INV940897,2024-10-24,CUST0522,Germany,P1013,Sticky Notes Pack,5,4.07,20.35
INV899468,2024-10-27,CUST0688,Usa,P1007,Yoga Mat,5,20.57,102.85
INV267908,2024-04-01,CUST0440,Brazil,P1002,Bluetooth Speaker,4,33.9,135.6
INV675892,2024-06-22,CUST0579,Brazil,P1013,Sticky Notes Pack,5,4.09,20.45
INV347806,2024-06-18,CUST0548,Brazil,P1005,Office Chair,3,88.38,265.14
INV282516,2024-06-19,CUST0758,Uk,P1001,Wireless Mouse,3,15.42,46.26
INV705527,2023-06-22,CUST0221,France,P1011,Table Lamp,5,28.71,143.55
INV972887,2023-01-01,CUST0661,India,P1001,Wireless Mouse,3,15.28,45.84
INV304897,2024-07-12,CUST0221,France,P1002,Bluetooth Speaker,1,34.95,34.95
INV694366,2024-02-07,CUST0315,Germany,P1006,Coffee Mug,1,8.39,8.39
INV623497,2024-04-08,CUST0288,Brazil,P1004,Desk Lamp,1,22.52,22.52
INV661607,2024-01-22,CUST0098,Australia,P1001,Wireless Mouse,3,16.43,49.29
INV665773,2024-11-24,CUST0608,Canada,P1002,Bluetooth Speaker,3,35.19,105.57
INV726539,2024-10-21,CUST0358,Germany,P1010,Phone Case,5,10.0,50.0
INV725913,2024-11-28,CUST0528,Australia,P1013,Sticky Notes Pack,5,4.32,21.6
INV346298,2024-12-13,CUST0505,Uk,P1008,Water Bottle,1,11.81,11.81
INV936833,2024-06-29,CUST0688,Usa,P1010,Phone Case,5,10.15,50.75
INV523930,2024-03-14,CUST0450,Brazil,P1004,Desk Lamp,5,22.33,111.65
INV533844,2024-12-12,CUST0122,Germany,P1008,Water Bottle,5,11.86,59.3
INV321137,2024-09-22,CUST0130,Germany,P1002,Bluetooth Speaker,5,36.07,180.35
INV184959,2024-05-17,CUST0298,Canada,P1011,Table Lamp,1,28.76,28.76
INV342526,2023-02-07,CUST0571,Canada,P1009,Backpack,2,42.91,85.82
INV586460,2024-11-15,CUST0571,Canada,P1003,Notebook Set,5,6.76,33.8
INV141773,2024-12-12,CUST0238,Germany,P1001,Wireless Mouse,4,16.16,64.64
INV119809,2024-08-14,CUST0264,France,P1009,Backpack,5,43.11,215.55
INV753020,2024-09-28,CUST0357,Canada,P1009,Backpack,2,42.9,85.8
INV962577,2024-12-10,CUST0560,Canada,P1014,Running Shoes,1,64.46,64.46
INV235520,2023-08-28,CUST0748,Germany,P1001,Wireless Mouse,3,16.1,48.3
INV472347,2024-12-09,CUST0407,Australia,P1007,Yoga Mat,1,20.69,20.69
INV249648,2024-01-13,CUST0103,India,P1008,Water Bottle,3,11.03,33.09
INV355363,2024-08-31,CUST0761,Brazil,P1009,Backpack,3,46.54,139.62
INV716145,2023-01-01,CUST0046,Uk,P1015,Winter Jacket,5,115.53,577.65
INV668283,2023-01-29,CUST0533,Usa,P1009,Backpack,4,43.55,174.2
INV858936,2024-10-21,CUST0020,Australia,P1002,Bluetooth Speaker,1,33.3,33.3
INV936645,2024-05-29,CUST0154,Germany,P1004,Desk Lamp,3,22.7,68.1
INV451007,2024-10-29,CUST0150,Germany,P1015,Winter Jacket,5,120.9,604.5
INV750037,2024-06-24,CUST0795,Australia,P1003,Notebook Set,1,6.85,6.85
INV553871,2024-05-04,CUST0351,Australia,P1009,Backpack,5,44.12,220.6
INV304897,2024-07-12,CUST0221,France,P1015,Winter Jacket,4,122.36,489.44
INV930195,2023-12-02,CUST0529,Uk,P1003,Notebook Set,3,6.67,20.01
INV492941,2023-07-26,CUST0058,Brazil,P1001,Wireless Mouse,1,16.11,16.11
INV837305,2024-11-04,CUST0783,India,P1006,Coffee Mug,5,7.99,39.95
INV523930,2024-03-14,CUST0450,Brazil,P1002,Bluetooth Speaker,1,36.1,36.1
INV131880,2024-03-02,CUST0661,India,P1002,Bluetooth Speaker,3,33.33,99.99
INV427658,2023-09-12,CUST0502,Usa,P1003,Notebook Set,3,6.98,20.94
INV583121,2024-11-24,CUST0458,France,P1001,Wireless Mouse,3,15.34,46.02
INV218297,2024-09-09,CUST0569,Uk,P1012,Gaming Headset,2,54.07,108.14
INV591270,2024-09-10,CUST0153,India,P1008,Water Bottle,1,11.24,11.24
INV572222,2024-10-06,CUST0210,Usa,P1006,Coffee Mug,3,8.21,24.63
INV857215,2023-01-01,CUST0665,India,P1007,Yoga Mat,4,20.19,80.76
INV454593,2024-08-07,CUST0171,Australia,P1002,Bluetooth Speaker,2,34.78,69.56
INV701633,2024-06-16,CUST0685,Germany,P1008,Water Bottle,4,11.27,45.08
INV290770,2023-05-16,CUST0694,Germany,P1014,Running Shoes,1,66.38,66.38
INV959034,2023-09-21,CUST0585,Brazil,P1014,Running Shoes,2,62.88,125.76
INV315564,2024-12-04,CUST0453,Uk,P1006,Coffee Mug,4,7.85,31.4
INV564076,2024-08-27,CUST0434,Usa,P1008,Water Bottle,4,11.17,44.68
INV337160,2024-09-17,CUST0061,Usa,P1012,Gaming Headset,4,55.18,220.72
INV375035,2023-01-01,CUST0757,Usa,P1005,Office Chair,2,87.61,175.22
INV863282,2024-07-03,CUST0153,India,P1008,Water Bottle,1,11.04,11.04
INV392223,2023-01-01,CUST0466,Uk,P1011,Table Lamp,5,26.69,133.45
INV385693,2024-02-12,CUST0615,Germany,P1013,Sticky Notes Pack,1,4.25,4.25
INV161904,2024-11-26,CUST0596,Australia,P1005,Office Chair,4,91.56,366.24
INV718042,2024-04-26,CUST0782,Australia,P1014,Running Shoes,1,65.23,65.23
INV849432,2024-06-02,CUST0461,India,P1014,Running Shoes,1,63.47,63.47
INV321230,2024-08-27,CUST0573,Germany,P1009,Backpack,2,45.34,90.68
INV312950,2024-03-05,CUST0280,Usa,P1012,Gaming Headset,1,56.06,56.06
INV488585,2024-02-11,CUST0013,Australia,P1014,Running Shoes,5,65.86,329.3
INV533535,2024-11-08,CUST0498,Brazil,P1015,Winter Jacket,5,116.29,581.45
INV378778,2024-05-17,CUST0708,Usa,P1011,Table Lamp,4,26.89,107.56
INV566043,2024-04-18,CUST0147,Germany,P1003,Notebook Set,4,7.03,28.12
INV330401,2023-06-03,CUST0103,India,P1011,Table Lamp,2,28.81,57.62
INV648948,2024-09-22,CUST0677,France,P1007,Yoga Mat,5,20.51,102.55
INV564166,2024-07-24,CUST0596,Australia,P1004,Desk Lamp,2,22.56,45.12
INV555457,2024-09-06,CUST0673,Canada,P1001,Wireless Mouse,1,16.15,16.15
INV458670,2024-08-13,CUST0678,Germany,P1011,Table Lamp,5,26.36,131.8
INV940927,2024-08-27,CUST0753,Canada,P1008,Water Bottle,3,11.69,35.07
INV456801,2024-10-21,CUST0721,Brazil,P1010,Phone Case,2,9.72,19.44
INV845355,2023-09-20,CUST0579,Brazil,P1005,Office Chair,4,91.41,365.64
INV618044,2024-10-15,CUST0494,Germany,P1010,Phone Case,2,9.93,19.86
INV393907,2024-10-13,CUST0773,France,P1015,Winter Jacket,5,122.02,610.1
INV682438,2024-04-27,CUST0753,Canada,P1015,Winter Jacket,5,120.12,600.6
INV628136,2023-08-07,CUST0745,France,P1008,Water Bottle,5,11.89,59.45
INV666626,2023-01-01,CUST0325,India,P1007,Yoga Mat,2,19.65,39.3
INV917807,2023-05-05,CUST0135,India,P1015,Winter Jacket,1,114.22,114.22
INV330795,2024-06-03,CUST0232,Brazil,P1002,Bluetooth Speaker,3,36.04,108.12
INV939756,2024-08-22,CUST0339,Brazil,P1008,Water Bottle,5,11.02,55.1
INV989695,2023-08-17,CUST0022,Usa,P1012,Gaming Headset,3,54.19,162.57
INV872961,2024-11-28,CUST0174,India,P1004,Desk Lamp,1,21.51,21.51
INV378334,2024-08-26,CUST0015,Germany,P1002,Bluetooth Speaker,5,35.07,175.35
INV214694,2023-11-17,CUST0254,Canada,P1001,Wireless Mouse,1,16.17,16.17
INV393518,2024-05-27,CUST0013,Australia,P1007,Yoga Mat,2,19.48,38.96
INV417331,2023-01-01,CUST0001,Germany,P1001,Wireless Mouse,4,16.53,66.12
INV791972,2024-04-18,CUST0208,Usa,P1009,Backpack,2,44.44,88.88
INV506118,2024-09-19,CUST0134,Usa,P1001,Wireless Mouse,5,16.33,81.65
INV978566,2024-09-03,CUST0678,Germany,P1006,Coffee Mug,1,8.17,8.17
INV662770,2023-11-23,CUST0063,Germany,P1014,Running Shoes,2,65.13,130.26
INV473642,2024-12-09,CUST0503,Brazil,P1011,Table Lamp,3,27.0,81.0
INV218781,2024-03-20,CUST0105,Usa,P1011,Table Lamp,2,28.55,57.1
INV617379,2024-12-14,CUST0503,Brazil,P1005,Office Chair,4,85.91,343.64
INV567213,2024-07-24,CUST0017,France,P1014,Running Shoes,2,67.16,134.32
INV694767,2024-07-23,CUST0232,Brazil,P1015,Winter Jacket,4,114.85,459.4
INV205507,2024-10-11,CUST0632,France,P1005,Office Chair,2,91.12,182.24
INV648615,2024-12-23,CUST0225,Germany,P1011,Table Lamp,4,28.52,114.08
INV754749,2024-11-18,CUST0778,Uk,P1001,Wireless Mouse,3,16.25,48.75
INV842751,2023-08-29,CUST0493,Canada,P1010,Phone Case,4,10.43,41.72
INV555897,2024-07-22,CUST0155,India,P1001,Wireless Mouse,3,16.61,49.83
INV467111,2024-07-20,CUST0533,Usa,P1010,Phone Case,5,9.92,49.6
INV492051,2023-01-01,CUST0153,India,P1006,Coffee Mug,4,8.15,32.6
INV822514,2024-07-28,CUST0792,Usa,P1008,Water Bottle,3,11.65,34.95
INV836538,2024-08-01,CUST0693,France,P1005,Office Chair,1,85.67,85.67
INV317684,2023-07-03,CUST0176,Usa,P1002,Bluetooth Speaker,3,35.47,106.41
INV164717,2023-09-10,CUST0687,France,P1001,Wireless Mouse,3,16.71,50.13
INV957992,2024-07-11,CUST0519,France,P1009,Backpack,2,43.3,86.6
INV541690,2023-06-01,CUST0782,Australia,P1008,Water Bottle,4,11.1,44.4
INV433554,2024-09-14,CUST0205,Uk,P1006,Coffee Mug,5,8.6,43.0
INV220077,2023-01-01,CUST0331,Uk,P1014,Running Shoes,5,66.87,334.35
INV333250,2024-10-05,CUST0412,India,P1005,Office Chair,2,88.73,177.46
INV333126,2024-12-07,CUST0682,Usa,P1006,Coffee Mug,1,8.57,8.57
INV401826,2024-05-19,CUST0333,Canada,P1008,Water Bottle,4,11.97,47.88
INV821010,2024-11-27,CUST0685,Germany,P1005,Office Chair,3,86.53,259.59
INV984364,2023-10-12,CUST0357,Canada,P1015,Winter Jacket,1,124.96,124.96
INV613104,2024-12-19,CUST0692,Canada,P1014,Running Shoes,5,65.71,328.55
INV618394,2024-04-12,CUST0623,India,P1003,Notebook Set,2,6.52,13.04
INV158514,2024-08-09,CUST0760,France,P1010,Phone Case,1,9.7,9.7
INV524757,2024-03-27,CUST0466,Uk,P1001,Wireless Mouse,1,15.64,15.64
INV923574,2024-08-09,CUST0466,Uk,P1008,Water Bottle,1,11.67,11.67
INV860050,2023-01-01,CUST0667,Usa,P1013,Sticky Notes Pack,5,4.35,21.75
INV916968,2024-09-23,CUST0095,Germany,P1004,Desk Lamp,3,21.6,64.8
INV712606,2023-08-28,CUST0200,Usa,P1014,Running Shoes,5,66.11,330.55
INV596202,2024-11-14,CUST0238,Germany,P1013,Sticky Notes Pack,3,4.4,13.2
INV236406,2024-01-31,CUST0732,Germany,P1004,Desk Lamp,3,21.48,64.44
INV223229,2023-12-27,CUST0273,India,P1009,Backpack,1,43.95,43.95
INV575580,2024-08-18,CUST0089,Usa,P1011,Table Lamp,3,27.86,83.58
INV408349,2024-03-09,CUST0140,Australia,P1006,Coffee Mug,4,8.14,32.56
INV407378,2024-07-10,CUST0557,India,P1012,Gaming Headset,3,56.84,170.52
INV274605,2024-09-11,CUST0626,Germany,P1006,Coffee Mug,5,8.57,42.85
INV325535,2023-01-01,CUST0493,Canada,P1008,Water Bottle,5,11.16,55.8
INV455395,2023-09-02,CUST0657,Uk,P1003,Notebook Set,3,6.77,20.31
INV134801,2023-11-03,CUST0225,Germany,P1006,Coffee Mug,5,7.97,39.85
INV388736,2024-10-17,CUST0635,France,P1011,Table Lamp,4,26.24,104.96
INV173384,2024-10-22,CUST0215,Brazil,P1001,Wireless Mouse,5,16.59,82.95
INV884505,2023-07-26,CUST0090,Canada,P1014,Running Shoes,3,63.42,190.26
INV817912,2024-06-18,CUST0014,Uk,P1011,Table Lamp,1,28.59,28.59
INV966563,2023-11-06,CUST0401,France,P1006,Coffee Mug,3,7.92,23.76
INV554670,2023-05-02,CUST0646,Usa,P1013,Sticky Notes Pack,2,4.39,8.78
INV944106,2024-11-12,CUST0034,Canada,P1015,Winter Jacket,3,119.66,358.98
INV852671,2023-12-28,CUST0070,Uk,P1014,Running Shoes,1,66.78,66.78
INV105639,2024-08-22,CUST0781,Brazil,P1004,Desk Lamp,3,22.74,68.22
INV526357,2024-02-22,CUST0021,Brazil,P1001,Wireless Mouse,4,15.29,61.16
INV347806,2024-06-18,CUST0548,Brazil,P1012,Gaming Headset,5,56.77,283.85
INV911076,2024-07-14,CUST0754,Australia,P1006,Coffee Mug,5,8.02,40.1
INV129192,2024-08-25,CUST0046,Uk,P1003,Notebook Set,5,6.44,32.2
INV848407,2024-09-05,CUST0260,Canada,P1015,Winter Jacket,3,119.87,359.61
INV450915,2024-12-06,CUST0738,Canada,P1011,Table Lamp,3,28.77,86.31
INV526612,2024-08-22,CUST0648,Usa,P1010,Phone Case,1,10.41,10.41
INV933738,2023-01-01,CUST0004,India,P1009,Backpack,3,43.34,130.02
INV917744,2023-01-29,CUST0699,Germany,P1012,Gaming Headset,3,54.7,164.1
INV534802,2024-10-30,CUST0590,Brazil,P1012,Gaming Headset,2,57.44,114.88
INV952410,2024-08-05,CUST0366,India,P1006,Coffee Mug,3,7.86,23.58
INV249325,2024-11-02,CUST0357,Canada,P1009,Backpack,2,46.8,93.6
INV957992,2024-07-11,CUST0519,France,P1005,Office Chair,1,85.67,85.67
INV541701,2024-10-06,CUST0714,Australia,P1009,Backpack,5,46.01,230.05
INV749217,2024-09-18,CUST0048,Australia,P1004,Desk Lamp,1,22.68,22.68
INV334078,2024-05-13,CUST0319,Brazil,P1012,Gaming Headset,3,57.35,172.05
INV373397,2024-11-28,CUST0001,Germany,P1011,Table Lamp,3,28.85,86.55
INV496861,2024-12-14,CUST0290,Usa,P1007,Yoga Mat,4,19.15,76.6
INV541175,2024-01-08,CUST0661,India,P1002,Bluetooth Speaker,4,34.32,137.28
INV787712,2024-11-24,CUST0375,Usa,P1010,Phone Case,1,10.27,10.27
INV700937,2024-12-30,CUST0580,France,P1005,Office Chair,1,88.57,88.57
INV214792,2023-06-15,CUST0320,Canada,P1014,Running Shoes,2,66.0,132.0
INV890538,2024-07-19,CUST0572,Germany,P1015,Winter Jacket,3,119.14,357.42
INV928479,2024-09-16,CUST0755,Uk,P1007,Yoga Mat,1,20.45,20.45
INV142150,2024-10-22,CUST0501,France,P1006,Coffee Mug,2,8.65,17.3
INV511002,2024-06-28,CUST0050,Canada,P1004,Desk Lamp,2,22.11,44.22
INV610834,2024-04-08,CUST0187,India,P1004,Desk Lamp,4,21.11,84.44
INV571013,2024-12-30,CUST0213,Australia,P1013,Sticky Notes Pack,2,4.35,8.7
INV202899,2024-03-25,CUST0213,Australia,P1005,Office Chair,5,89.38,446.9
INV930467,2024-05-09,CUST0255,Canada,P1010,Phone Case,4,9.67,38.68
INV829303,2024-05-18,CUST0087,Australia,P1001,Wireless Mouse,3,15.24,45.72
INV629281,2023-01-27,CUST0103,India,P1007,Yoga Mat,3,20.68,62.04
INV552807,2024-12-22,CUST0467,India,P1010,Phone Case,3,9.68,29.04
INV516148,2024-05-06,CUST0260,Canada,P1002,Bluetooth Speaker,3,35.99,107.97
INV112073,2024-03-11,CUST0100,Usa,P1004,Desk Lamp,1,21.82,21.82
INV912284,2024-05-02,CUST0258,Uk,P1001,Wireless Mouse,5,16.63,83.15
INV512678,2023-12-05,CUST0627,Australia,P1006,Coffee Mug,5,8.65,43.25
INV342616,2024-05-18,CUST0745,France,P1008,Water Bottle,5,11.22,56.1
INV956142,2024-11-25,CUST0055,Brazil,P1011,Table Lamp,4,27.18,108.72
INV788949,2024-05-10,CUST0564,Australia,P1005,Office Chair,4,86.18,344.72
INV868560,2024-04-25,CUST0238,Germany,P1001,Wireless Mouse,3,15.77,47.31
INV260560,2024-09-29,CUST0434,Usa,P1004,Desk Lamp,4,21.4,85.6
INV661527,2024-12-28,CUST0331,Uk,P1009,Backpack,1,43.46,43.46
INV623779,2024-07-19,CUST0498,Brazil,P1007,Yoga Mat,5,19.62,98.1
INV774118,2023-09-11,CUST0702,India,P1004,Desk Lamp,3,22.94,68.82
INV465782,2024-02-11,CUST0397,Australia,P1015,Winter Jacket,1,114.62,114.62
INV106389,2024-09-18,CUST0054,Canada,P1010,Phone Case,1,10.29,10.29
INV766680,2024-05-15,CUST0056,Australia,P1006,Coffee Mug,1,8.6,8.6
INV952382,2024-11-21,CUST0545,Canada,P1002,Bluetooth Speaker,1,34.68,34.68
INV515330,2024-11-29,CUST0333,Canada,P1003,Notebook Set,5,6.41,32.05
INV968155,2024-12-18,CUST0580,France,P1004,Desk Lamp,4,21.67,86.68
INV452724,2024-10-28,CUST0479,Germany,P1002,Bluetooth Speaker,3,33.37,100.11
INV888300,2024-11-29,CUST0664,Uk,P1001,Wireless Mouse,4,15.62,62.48
INV803184,2023-01-01,CUST0546,Australia,P1015,Winter Jacket,1,116.46,116.46
INV279980,2024-11-10,CUST0453,Uk,P1015,Winter Jacket,4,119.09,476.36
INV810428,2024-07-18,CUST0605,France,P1009,Backpack,5,42.82,214.1
INV376541,2023-06-17,CUST0724,Brazil,P1015,Winter Jacket,3,122.51,367.53
INV524893,2024-06-25,CUST0722,Usa,P1005,Office Chair,5,88.84,444.2
INV363970,2023-01-01,CUST0373,Brazil,P1008,Water Bottle,3,11.09,33.27
INV889849,2023-01-01,CUST0648,Usa,P1002,Bluetooth Speaker,1,34.26,34.26
INV663938,2024-07-29,CUST0102,Usa,P1013,Sticky Notes Pack,5,4.3,21.5
INV260978,2024-11-19,CUST0186,India,P1015,Winter Jacket,5,120.46,602.3
INV492854,2023-01-01,CUST0107,France,P1014,Running Shoes,1,65.97,65.97
INV396807,2024-08-23,CUST0731,India,P1013,Sticky Notes Pack,3,4.15,12.45
INV967475,2023-06-08,CUST0745,France,P1013,Sticky Notes Pack,2,4.4,8.8
INV298351,2023-07-30,CUST0670,Brazil,P1008,Water Bottle,1,11.86,11.86
INV391975,2024-07-11,CUST0327,Usa,P1003,Notebook Set,1,6.99,6.99
INV395563,2024-10-27,CUST0774,India,P1009,Backpack,2,44.24,88.48
INV571258,2024-09-01,CUST0174,India,P1001,Wireless Mouse,1,16.73,16.73
INV288984,2024-12-12,CUST0071,Germany,P1013,Sticky Notes Pack,3,4.26,12.78
INV838316,2024-10-25,CUST0590,Brazil,P1001,Wireless Mouse,4,15.3,61.2
INV750495,2024-07-26,CUST0740,Brazil,P1012,Gaming Headset,5,55.46,277.3
INV990941,2024-10-08,CUST0573,Germany,P1001,Wireless Mouse,4,15.32,61.28
INV418732,2024-02-24,CUST0787,Uk,P1011,Table Lamp,1,26.3,26.3
INV918457,2024-06-18,CUST0773,France,P1001,Wireless Mouse,4,16.02,64.08
INV510270,2024-11-26,CUST0260,Canada,P1012,Gaming Headset,3,54.9,164.7
INV128371,2024-06-21,CUST0220,Brazil,P1015,Winter Jacket,1,117.03,117.03
INV213551,2024-07-28,CUST0430,Australia,P1004,Desk Lamp,3,22.2,66.6
INV727859,2024-05-19,CUST0006,France,P1010,Phone Case,2,10.19,20.38
INV582299,2024-09-23,CUST0137,France,P1013,Sticky Notes Pack,3,4.41,13.23
INV963118,2024-04-21,CUST0266,Australia,P1014,Running Shoes,3,67.25,201.75
INV665261,2024-02-11,CUST0033,Germany,P1008,Water Bottle,4,11.56,46.24
INV770379,2024-01-05,CUST0786,Uk,P1012,Gaming Headset,5,56.12,280.6
INV945474,2023-01-01,CUST0301,Australia,P1003,Notebook Set,1,6.71,6.71
INV819188,2023-09-15,CUST0680,India,P1011,Table Lamp,3,26.35,79.05
INV718042,2024-04-26,CUST0782,Australia,P1012,Gaming Headset,3,53.6,160.8
INV121035,2024-12-24,CUST0163,Australia,P1009,Backpack,5,45.68,228.4
INV630909,2024-12-09,CUST0782,Australia,P1002,Bluetooth Speaker,5,34.58,172.9
INV187411,2024-10-09,CUST0408,Brazil,P1013,Sticky Notes Pack,3,4.22,12.66
INV263925,2024-10-07,CUST0048,Australia,P1003,Notebook Set,5,6.99,34.95
INV447403,2024-07-04,CUST0042,Uk,P1012,Gaming Headset,1,52.82,52.82
INV687189,2024-08-30,CUST0686,Canada,P1007,Yoga Mat,1,20.53,20.53
INV574885,2024-12-24,CUST0449,Australia,P1010,Phone Case,3,9.66,28.98
INV644105,2023-01-01,CUST0076,India,P1003,Notebook Set,3,7.05,21.15
INV821750,2024-07-11,CUST0625,Australia,P1009,Backpack,5,44.09,220.45
INV513189,2024-12-01,CUST0664,Uk,P1012,Gaming Headset,2,56.88,113.76
INV336082,2024-06-24,CUST0606,Brazil,P1014,Running Shoes,2,64.31,128.62
INV105639,2024-08-22,CUST0781,Brazil,P1010,Phone Case,3,10.45,31.35
INV328576,2023-06-12,CUST0120,France,P1014,Running Shoes,4,63.76,255.04
INV330795,2024-06-03,CUST0232,Brazil,P1015,Winter Jacket,1,119.88,119.88
INV958506,2023-01-01,CUST0342,Germany,P1013,Sticky Notes Pack,5,4.28,21.4
INV773509,2024-09-08,CUST0178,Australia,P1010,Phone Case,2,9.93,19.86
INV120830,2024-07-01,CUST0674,Germany,P1005,Office Chair,1,86.08,86.08
INV140831,2024-09-20,CUST0365,Usa,P1015,Winter Jacket,5,118.42,592.1
INV315749,2024-02-15,CUST0761,Brazil,P1010,Phone Case,5,10.17,50.85
INV559720,2024-08-30,CUST0137,France,P1012,Gaming Headset,3,57.06,171.18
INV286222,2024-12-28,CUST0141,Germany,P1008,Water Bottle,2,11.47,22.94
INV292164,2024-02-12,CUST0057,Canada,P1008,Water Bottle,1,12.05,12.05
INV812218,2024-08-18,CUST0717,Brazil,P1008,Water Bottle,3,11.18,33.54
INV568221,2024-12-10,CUST0574,India,P1003,Notebook Set,1,6.47,6.47
INV501521,2024-10-29,CUST0241,India,P1007,Yoga Mat,5,19.08,95.4
INV522848,2023-01-01,CUST0661,India,P1003,Notebook Set,4,6.9,27.6
INV261750,2023-10-15,CUST0418,Brazil,P1005,Office Chair,1,91.36,91.36
INV225366,2024-08-19,CUST0056,Australia,P1009,Backpack,3,45.98,137.94
INV683713,2024-04-08,CUST0602,Germany,P1001,Wireless Mouse,2,15.85,31.7
INV842462,2024-12-13,CUST0275,Australia,P1002,Bluetooth Speaker,4,35.91,143.64
INV643407,2024-10-22,CUST0357,Canada,P1009,Backpack,5,46.45,232.25
INV899400,2024-08-18,CUST0355,France,P1014,Running Shoes,5,62.61,313.05
INV511681,2024-03-02,CUST0366,India,P1001,Wireless Mouse,3,16.37,49.11
INV255046,2024-08-02,CUST0442,Usa,P1015,Winter Jacket,2,121.24,242.48
INV250885,2024-11-24,CUST0732,Germany,P1011,Table Lamp,4,26.24,104.96
INV585159,2024-01-22,CUST0587,Canada,P1014,Running Shoes,1,66.3,66.3
INV875551,2024-07-17,CUST0169,Brazil,P1012,Gaming Headset,4,55.34,221.36
INV948293,2024-02-04,CUST0755,Uk,P1012,Gaming Headset,1,52.57,52.57
INV554171,2023-08-04,CUST0665,India,P1001,Wireless Mouse,5,15.73,78.65
INV238354,2024-06-02,CUST0114,Brazil,P1004,Desk Lamp,3,21.02,63.06
INV588316,2024-05-29,CUST0612,Germany,P1012,Gaming Headset,4,56.02,224.08
INV925925,2024-12-17,CUST0716,Uk,P1002,Bluetooth Speaker,3,35.79,107.37
INV943029,2024-06-04,CUST0399,France,P1010,Phone Case,5,10.03,50.15
INV434860,2024-07-14,CUST0556,Brazil,P1014,Running Shoes,5,65.05,325.25
INV606398,2024-10-10,CUST0026,Canada,P1014,Running Shoes,3,67.55,202.65
INV439704,2024-12-29,CUST0530,Uk,P1007,Yoga Mat,4,19.15,76.6
INV329810,2024-08-09,CUST0488,Brazil,P1013,Sticky Notes Pack,5,4.09,20.45
INV544416,2024-03-01,CUST0338,Usa,P1014,Running Shoes,5,64.66,323.3
INV475363,2024-11-17,CUST0103,India,P1004,Desk Lamp,3,22.11,66.33
INV441065,2024-05-21,CUST0400,Uk,P1008,Water Bottle,2,11.39,22.78
INV617379,2024-12-14,CUST0503,Brazil,P1009,Backpack,1,44.36,44.36
INV970967,2024-08-26,CUST0348,Australia,P1001,Wireless Mouse,1,15.41,15.41
INV831147,2024-06-28,CUST0293,India,P1012,Gaming Headset,3,57.28,171.84
INV262506,2024-12-07,CUST0325,India,P1011,Table Lamp,5,27.77,138.85
INV133278,2024-08-12,CUST0117,Germany,P1002,Bluetooth Speaker,4,33.34,133.36
INV106819,2024-01-20,CUST0267,Germany,P1004,Desk Lamp,2,21.32,42.64
INV231232,2023-12-22,CUST0252,Australia,P1003,Notebook Set,3,6.99,20.97
INV582654,2024-06-14,CUST0232,Brazil,P1012,Gaming Headset,4,56.34,225.36
INV143056,2024-12-30,CUST0580,France,P1003,Notebook Set,5,6.97,34.85
INV630487,2024-07-22,CUST0729,Usa,P1013,Sticky Notes Pack,2,4.37,8.74
INV909218,2024-09-29,CUST0738,Canada,P1007,Yoga Mat,3,19.76,59.28
INV968747,2024-12-13,CUST0316,Usa,P1010,Phone Case,3,10.3,30.9
INV646063,2023-02-21,CUST0018,Usa,P1001,Wireless Mouse,2,15.55,31.1
INV457755,2023-10-11,CUST0466,Uk,P1002,Bluetooth Speaker,3,35.55,106.65
INV979907,2023-05-28,CUST0433,Usa,P1008,Water Bottle,4,11.87,47.48
INV639450,2024-09-07,CUST0694,Germany,P1001,Wireless Mouse,2,16.21,32.42
INV222641,2024-09-10,CUST0382,Germany,P1010,Phone Case,4,10.21,40.84
INV602192,2024-12-14,CUST0718,Brazil,P1003,Notebook Set,3,6.67,20.01
INV674528,2023-01-01,CUST0717,Brazil,P1014,Running Shoes,1,66.25,66.25
INV447514,2024-09-06,CUST0403,India,P1014,Running Shoes,4,66.9,267.6
INV501031,2024-11-03,CUST0349,France,P1001,Wireless Mouse,2,15.67,31.34
INV122188,2024-12-02,CUST0562,Brazil,P1010,Phone Case,1,9.58,9.58
INV300891,2023-01-01,CUST0213,Australia,P1005,Office Chair,5,90.75,453.75
INV319794,2024-09-16,CUST0369,Uk,P1010,Phone Case,2,9.53,19.06
INV508903,2024-08-08,CUST0062,Uk,P1011,Table Lamp,2,28.35,56.7
INV999896,2024-08-09,CUST0291,Germany,P1007,Yoga Mat,4,19.05,76.2
INV411618,2024-08-27,CUST0373,Brazil,P1007,Yoga Mat,5,20.37,101.85
INV959034,2023-09-21,CUST0585,Brazil,P1015,Winter Jacket,4,117.18,468.72
INV708407,2024-04-17,CUST0351,Australia,P1005,Office Chair,2,91.7,183.4
INV162318,2024-06-23,CUST0253,France,P1004,Desk Lamp,5,21.2,106.0
INV438607,2024-08-18,CUST0325,India,P1005,Office Chair,5,86.45,432.25
INV397062,2024-03-08,CUST0538,France,P1011,Table Lamp,3,26.5,79.5
INV461619,2023-07-08,CUST0022,Usa,P1013,Sticky Notes Pack,4,4.26,17.04
INV281121,2024-12-26,CUST0727,Germany,P1012,Gaming Headset,5,55.37,276.85
INV434684,2024-02-14,CUST0098,Australia,P1007,Yoga Mat,5,19.04,95.2
INV309810,2023-01-01,CUST0661,India,P1006,Coffee Mug,4,8.03,32.12
INV507515,2024-01-22,CUST0118,Brazil,P1012,Gaming Headset,2,53.79,107.58
INV698118,2024-06-15,CUST0657,Uk,P1005,Office Chair,5,93.04,465.2
INV225500,2024-10-04,CUST0349,France,P1014,Running Shoes,5,65.59,327.95
INV315564,2024-12-04,CUST0453,Uk,P1003,Notebook Set,2,6.48,12.96
INV949322,2023-03-23,CUST0648,Usa,P1005,Office Chair,4,89.36,357.44
INV958506,2023-01-01,CUST0342,Germany,P1014,Running Shoes,5,63.42,317.1
INV682078,2023-01-01,CUST0740,Brazil,P1005,Office Chair,4,86.94,347.76
INV794629,2023-05-20,CUST0103,India,P1010,Phone Case,3,9.8,29.4
INV559803,2024-08-28,CUST0593,Australia,P1015,Winter Jacket,5,115.56,577.8
INV103354,2024-01-27,CUST0382,Germany,P1006,Coffee Mug,4,8.06,32.24
INV792687,2024-05-14,CUST0109,Australia,P1007,Yoga Mat,2,19.04,38.08
INV210825,2023-06-17,CUST0271,Australia,P1015,Winter Jacket,5,118.3,591.5
INV220620,2024-09-08,CUST0251,Germany,P1004,Desk Lamp,5,22.25,111.25
INV344496,2024-04-17,CUST0576,Australia,P1011,Table Lamp,2,28.33,56.66
INV790111,2024-03-11,CUST0264,France,P1012,Gaming Headset,1,54.92,54.92
INV364697,2024-01-28,CUST0096,Uk,P1003,Notebook Set,3,6.66,19.98
INV129886,2024-12-27,CUST0131,Usa,P1002,Bluetooth Speaker,2,34.33,68.66
INV483062,2024-08-11,CUST0633,Uk,P1004,Desk Lamp,4,21.86,87.44
INV992880,2024-09-04,CUST0608,Canada,P1015,Winter Jacket,4,123.47,493.88
INV559792,2023-11-22,CUST0242,Australia,P1004,Desk Lamp,3,22.4,67.2
INV684692,2024-07-06,CUST0585,Brazil,P1014,Running Shoes,2,64.15,128.3
INV738879,2024-05-09,CUST0182,Brazil,P1004,Desk Lamp,2,22.22,44.44
INV327447,2024-03-20,CUST0110,Uk,P1010,Phone Case,2,9.59,19.18
INV937589,2024-07-26,CUST0729,Usa,P1006,Coffee Mug,4,8.21,32.84
INV707424,2024-01-21,CUST0717,Brazil,P1013,Sticky Notes Pack,2,4.45,8.9
INV223748,2023-07-19,CUST0676,Canada,P1008,Water Bottle,2,11.94,23.88
INV407423,2024-05-09,CUST0139,India,P1011,Table Lamp,5,26.69,133.45
INV766463,2024-11-06,CUST0229,Brazil,P1015,Winter Jacket,3,116.92,350.76
INV836107,2024-10-12,CUST0315,Germany,P1014,Running Shoes,5,63.32,316.6
INV314209,2024-11-25,CUST0709,France,P1008,Water Bottle,5,11.37,56.85
INV225392,2024-08-25,CUST0086,France,P1004,Desk Lamp,2,21.53,43.06
INV319459,2024-07-24,CUST0579,Brazil,P1011,Table Lamp,5,28.55,142.75
INV679919,2024-09-17,CUST0165,Usa,P1004,Desk Lamp,4,21.6,86.4
INV511306,2023-03-10,CUST0637,France,P1013,Sticky Notes Pack,3,4.11,12.33
INV648436,2024-08-09,CUST0633,Uk,P1007,Yoga Mat,4,19.31,77.24
INV396477,2024-12-10,CUST0168,Australia,P1001,Wireless Mouse,1,16.49,16.49
INV901103,2024-10-01,CUST0439,France,P1013,Sticky Notes Pack,4,4.33,17.32
INV863282,2024-07-03,CUST0153,India,P1014,Running Shoes,4,67.29,269.16
INV233362,2024-10-02,CUST0195,Australia,P1005,Office Chair,1,88.42,88.42
INV710214,2024-01-03,CUST0728,Uk,P1013,Sticky Notes Pack,5,4.32,21.6
INV628468,2024-04-07,CUST0612,Germany,P1011,Table Lamp,4,27.69,110.76
INV185247,2024-05-23,CUST0438,Brazil,P1013,Sticky Notes Pack,3,4.29,12.87
INV539698,2024-11-07,CUST0333,Canada,P1014,Running Shoes,4,64.48,257.92
INV141443,2024-09-14,CUST0042,Uk,P1001,Wireless Mouse,2,16.43,32.86
INV295103,2024-08-11,CUST0738,Canada,P1001,Wireless Mouse,4,16.62,66.48
INV255544,2023-11-19,CUST0052,Australia,P1002,Bluetooth Speaker,1,36.11,36.11
INV109131,2023-12-13,CUST0541,Usa,P1010,Phone Case,3,10.47,31.41
INV315947,2024-07-02,CUST0612,Germany,P1001,Wireless Mouse,5,15.88,79.4
INV918525,2023-01-01,CUST0580,France,P1015,Winter Jacket,5,116.05,580.25
INV586980,2023-05-28,CUST0479,Germany,P1002,Bluetooth Speaker,2,35.58,71.16
INV892573,2024-09-14,CUST0007,Brazil,P1015,Winter Jacket,5,117.06,585.3
INV461534,2023-01-01,CUST0688,Usa,P1010,Phone Case,2,9.88,19.76
INV617895,2024-09-18,CUST0586,France,P1004,Desk Lamp,1,22.22,22.22
INV371318,2024-07-08,CUST0236,Australia,P1015,Winter Jacket,2,119.74,239.48
INV972151,2024-08-06,CUST0137,France,P1003,Notebook Set,5,6.53,32.65
INV925004,2024-05-10,CUST0249,Brazil,P1012,Gaming Headset,5,53.5,267.5
INV198868,2024-12-13,CUST0187,India,P1009,Backpack,4,43.0,172.0
INV522115,2024-10-08,CUST0305,Australia,P1002,Bluetooth Speaker,2,36.14,72.28
INV444295,2024-01-02,CUST0390,France,P1012,Gaming Headset,1,56.52,56.52
INV317971,2024-01-31,CUST0701,Australia,P1002,Bluetooth Speaker,1,35.88,35.88
INV899876,2024-03-29,CUST0677,France,P1006,Coffee Mug,4,8.35,33.4
INV660396,2024-12-15,CUST0333,Canada,P1008,Water Bottle,1,11.05,11.05
INV909695,2024-08-11,CUST0262,Germany,P1004,Desk Lamp,5,22.1,110.5
INV189694,2024-01-24,CUST0688,Usa,P1008,Water Bottle,4,11.24,44.96
INV940572,2024-11-22,CUST0038,Germany,P1012,Gaming Headset,2,57.45,114.9
INV848330,2023-07-17,CUST0400,Uk,P1012,Gaming Headset,2,53.42,106.84
INV755737,2024-08-26,CUST0390,France,P1007,Yoga Mat,1,19.35,19.35
INV629931,2024-09-05,CUST0486,Usa,P1001,Wireless Mouse,4,15.23,60.92
INV383869,2024-06-03,CUST0252,Australia,P1009,Backpack,2,47.13,94.26
INV956663,2023-01-01,CUST0351,Australia,P1001,Wireless Mouse,1,16.4,16.4
INV349485,2024-06-12,CUST0301,Australia,P1002,Bluetooth Speaker,4,33.38,133.52
INV239496,2024-08-06,CUST0757,Usa,P1006,Coffee Mug,5,8.55,42.75
INV767551,2024-08-30,CUST0019,Australia,P1003,Notebook Set,4,6.83,27.32
INV495240,2024-12-03,CUST0138,Australia,P1015,Winter Jacket,3,114.37,343.11
INV414167,2023-08-05,CUST0555,India,P1009,Backpack,1,43.71,43.71
INV820608,2023-01-01,CUST0590,Brazil,P1015,Winter Jacket,2,122.79,245.58
INV398323,2024-11-18,CUST0678,Germany,P1006,Coffee Mug,1,8.38,8.38
INV594331,2023-01-01,CUST0655,Uk,P1014,Running Shoes,2,68.16,136.32
INV776754,2024-05-19,CUST0699,Germany,P1012,Gaming Headset,3,56.32,168.96
INV389674,2023-01-01,CUST0630,India,P1007,Yoga Mat,5,19.16,95.8
INV286509,2024-12-23,CUST0201,Brazil,P1004,Desk Lamp,4,21.45,85.8
INV262865,2024-04-20,CUST0555,India,P1004,Desk Lamp,4,23.01,92.04
INV171203,2024-03-05,CUST0348,Australia,P1004,Desk Lamp,2,20.93,41.86
INV705402,2023-03-16,CUST0646,Usa,P1008,Water Bottle,1,11.83,11.83
INV438607,2024-08-18,CUST0325,India,P1015,Winter Jacket,2,118.17,236.34
INV702204,2024-11-16,CUST0589,Usa,P1002,Bluetooth Speaker,5,35.4,177.0
INV250832,2024-11-08,CUST0013,Australia,P1014,Running Shoes,5,62.13,310.65
INV936784,2024-08-14,CUST0203,Australia,P1006,Coffee Mug,4,8.41,33.64
INV800142,2023-06-27,CUST0418,Brazil,P1011,Table Lamp,3,26.6,79.8
INV975600,2024-07-31,CUST0351,Australia,P1003,Notebook Set,1,6.95,6.95
INV928677,2024-06-09,CUST0005,Brazil,P1014,Running Shoes,3,66.31,198.93
INV831369,2024-02-18,CUST0278,France,P1008,Water Bottle,2,11.3,22.6
INV374164,2024-09-18,CUST0096,Uk,P1002,Bluetooth Speaker,1,36.15,36.15
INV662587,2024-12-29,CUST0379,Usa,P1006,Coffee Mug,5,8.38,41.9
INV741447,2023-01-01,CUST0694,Germany,P1004,Desk Lamp,5,21.42,107.1
INV785954,2023-01-01,CUST0599,Usa,P1008,Water Bottle,2,11.01,22.02
INV629286,2023-01-14,CUST0590,Brazil,P1002,Bluetooth Speaker,5,36.09,180.45
INV802448,2024-11-23,CUST0207,Usa,P1006,Coffee Mug,4,8.24,32.96
INV251687,2023-01-01,CUST0042,Uk,P1013,Sticky Notes Pack,5,4.24,21.2
INV856712,2024-04-21,CUST0637,France,P1009,Backpack,2,44.2,88.4
INV786524,2024-12-17,CUST0791,Germany,P1008,Water Bottle,5,11.46,57.3
INV423574,2024-01-29,CUST0516,Usa,P1003,Notebook Set,4,6.62,26.48
INV448620,2024-12-10,CUST0243,Germany,P1004,Desk Lamp,5,22.72,113.6
INV910620,2023-11-01,CUST0594,Germany,P1009,Backpack,2,46.6,93.2
INV921210,2024-07-22,CUST0504,France,P1014,Running Shoes,1,62.68,62.68
INV452006,2024-01-24,CUST0548,Brazil,P1015,Winter Jacket,5,114.02,570.1
INV170402,2024-07-26,CUST0693,France,P1010,Phone Case,2,10.31,20.62
INV386838,2023-12-17,CUST0499,France,P1001,Wireless Mouse,2,16.72,33.44
INV225268,2023-01-01,CUST0288,Brazil,P1003,Notebook Set,5,6.95,34.75
INV974768,2024-08-01,CUST0708,Usa,P1009,Backpack,5,44.43,222.15
INV321002,2024-06-27,CUST0692,Canada,P1015,Winter Jacket,1,125.91,125.91
INV256945,2024-06-15,CUST0088,Germany,P1008,Water Bottle,5,10.95,54.75
INV599371,2024-04-22,CUST0769,Canada,P1002,Bluetooth Speaker,3,33.48,100.44
INV928623,2024-10-25,CUST0019,Australia,P1006,Coffee Mug,4,8.4,33.6
INV873664,2024-10-07,CUST0761,Brazil,P1010,Phone Case,4,10.31,41.24
INV393718,2024-12-19,CUST0358,Germany,P1002,Bluetooth Speaker,3,33.47,100.41
INV600512,2024-06-17,CUST0371,Australia,P1013,Sticky Notes Pack,5,4.05,20.25
INV611305,2023-09-06,CUST0327,Usa,P1009,Backpack,1,44.7,44.7
INV257611,2024-02-22,CUST0220,Brazil,P1011,Table Lamp,5,28.61,143.05
INV114722,2024-01-26,CUST0479,Germany,P1005,Office Chair,2,87.29,174.58
INV968822,2023-07-02,CUST0315,Germany,P1004,Desk Lamp,3,21.81,65.43
INV832736,2024-08-15,CUST0682,Usa,P1002,Bluetooth Speaker,4,35.24,140.96
INV841495,2024-12-07,CUST0679,Uk,P1006,Coffee Mug,4,8.1,32.4
INV398186,2024-12-24,CUST0264,France,P1001,Wireless Mouse,1,16.79,16.79
INV506051,2024-07-03,CUST0665,India,P1003,Notebook Set,1,6.85,6.85
INV364335,2024-12-30,CUST0630,India,P1014,Running Shoes,1,63.43,63.43
INV198209,2024-10-30,CUST0718,Brazil,P1008,Water Bottle,3,11.97,35.91
INV935212,2024-07-18,CUST0006,France,P1014,Running Shoes,3,63.22,189.66
INV940191,2023-10-07,CUST0507,Brazil,P1009,Backpack,2,46.93,93.86
INV678139,2024-07-13,CUST0213,Australia,P1006,Coffee Mug,2,8.03,16.06
INV761996,2024-12-04,CUST0753,Canada,P1010,Phone Case,1,10.17,10.17
INV891890,2024-08-21,CUST0323,Germany,P1014,Running Shoes,3,64.68,194.04
INV472903,2024-11-21,CUST0761,Brazil,P1010,Phone Case,2,10.19,20.38
INV330356,2023-01-01,CUST0153,India,P1011,Table Lamp,5,27.6,138.0
INV649225,2024-03-06,CUST0722,Usa,P1012,Gaming Headset,2,53.75,107.5
INV577112,2023-09-20,CUST0389,Uk,P1009,Backpack,5,42.75,213.75
INV261781,2024-10-31,CUST0124,Australia,P1001,Wireless Mouse,1,16.77,16.77
INV282406,2023-10-30,CUST0058,Brazil,P1008,Water Bottle,4,11.03,44.12
INV758349,2024-06-04,CUST0427,Germany,P1003,Notebook Set,2,6.41,12.82
INV170718,2023-11-11,CUST0701,Australia,P1008,Water Bottle,1,11.58,11.58
INV173208,2023-08-18,CUST0343,Usa,P1015,Winter Jacket,4,121.07,484.28
INV596612,2023-08-13,CUST0687,France,P1013,Sticky Notes Pack,1,4.09,4.09
INV768644,2024-06-28,CUST0152,Uk,P1013,Sticky Notes Pack,1,4.42,4.42
INV828278,2024-11-09,CUST0149,Brazil,P1009,Backpack,3,44.94,134.82
INV412287,2023-06-16,CUST0673,Canada,P1015,Winter Jacket,2,120.95,241.9
INV826931,2023-07-05,CUST0505,Uk,P1010,Phone Case,5,10.23,51.15
INV168172,2024-09-13,CUST0635,France,P1005,Office Chair,3,89.06,267.18
INV617008,2024-08-27,CUST0104,India,P1012,Gaming Headset,4,53.51,214.04
INV826338,2023-09-06,CUST0264,France,P1003,Notebook Set,3,6.87,20.61
INV531945,2024-04-25,CUST0729,Usa,P1004,Desk Lamp,5,21.72,108.6
INV811717,2024-04-16,CUST0021,Brazil,P1008,Water Bottle,3,11.64,34.92
INV668834,2024-03-22,CUST0621,Usa,P1009,Backpack,3,43.16,129.48
INV797731,2024-07-15,CUST0674,Germany,P1015,Winter Jacket,2,119.92,239.84
INV725913,2024-11-28,CUST0528,Australia,P1011,Table Lamp,4,28.01,112.04
INV481161,2023-09-21,CUST0404,Uk,P1001,Wireless Mouse,5,16.29,81.45
INV809135,2024-03-27,CUST0754,Australia,P1007,Yoga Mat,3,19.1,57.3
INV437953,2023-12-12,CUST0371,Australia,P1005,Office Chair,4,91.58,366.32
INV463824,2024-09-05,CUST0253,France,P1013,Sticky Notes Pack,4,4.34,17.36
INV105735,2024-09-10,CUST0514,India,P1005,Office Chair,5,89.81,449.05
INV116042,2024-07-15,CUST0374,Canada,P1010,Phone Case,4,10.3,41.2
INV580397,2023-09-11,CUST0119,Usa,P1004,Desk Lamp,4,22.67,90.68
INV983812,2024-05-07,CUST0004,India,P1007,Yoga Mat,4,20.03,80.12
INV131081,2024-01-10,CUST0301,Australia,P1001,Wireless Mouse,4,16.33,65.32
INV629396,2023-12-24,CUST0136,Canada,P1013,Sticky Notes Pack,4,4.34,17.36
INV115837,2023-01-01,CUST0351,Australia,P1012,Gaming Headset,5,54.9,274.5
INV782612,2024-10-21,CUST0740,Brazil,P1005,Office Chair,3,89.29,267.87
INV163810,2024-08-15,CUST0703,Canada,P1005,Office Chair,3,85.85,257.55
INV851343,2024-10-27,CUST0082,Australia,P1005,Office Chair,5,86.13,430.65
INV909164,2024-04-07,CUST0199,Brazil,P1004,Desk Lamp,4,21.4,85.6
INV304897,2024-07-12,CUST0221,France,P1007,Yoga Mat,1,20.05,20.05
INV648615,2024-12-23,CUST0225,Germany,P1011,Table Lamp,1,28.48,28.48
INV191515,2023-04-07,CUST0170,Uk,P1013,Sticky Notes Pack,1,4.39,4.39
INV911912,2023-01-01,CUST0213,Australia,P1009,Backpack,3,43.86,131.58
INV669426,2024-04-28,CUST0100,Usa,P1009,Backpack,5,47.07,235.35
INV542274,2024-07-17,CUST0737,Australia,P1002,Bluetooth Speaker,3,32.94,98.82
INV452192,2023-04-26,CUST0431,Germany,P1012,Gaming Headset,1,54.99,54.99
INV963661,2023-10-25,CUST0568,India,P1015,Winter Jacket,5,115.17,575.85
INV542717,2024-10-29,CUST0457,Uk,P1003,Notebook Set,3,6.6,19.8
INV550432,2024-12-23,CUST0223,Usa,P1002,Bluetooth Speaker,1,34.59,34.59
INV435242,2023-08-26,CUST0667,Usa,P1013,Sticky Notes Pack,3,4.4,13.2
INV918960,2024-08-05,CUST0238,Germany,P1004,Desk Lamp,2,21.62,43.24
INV988548,2024-08-03,CUST0754,Australia,P1012,Gaming Headset,3,57.63,172.89
INV552196,2024-11-21,CUST0536,France,P1013,Sticky Notes Pack,3,4.12,12.36
INV553571,2024-11-09,CUST0566,Usa,P1004,Desk Lamp,1,22.85,22.85
INV251304,2024-06-23,CUST0013,Australia,P1011,Table Lamp,2,28.8,57.6
INV184994,2024-04-13,CUST0052,Australia,P1008,Water Bottle,4,11.14,44.56
INV508232,2024-01-11,CUST0635,France,P1015,Winter Jacket,1,119.05,119.05
INV623630,2023-12-10,CUST0199,Brazil,P1002,Bluetooth Speaker,1,33.18,33.18
INV896140,2023-07-07,CUST0678,Germany,P1005,Office Chair,5,87.36,436.8
INV137540,2024-09-15,CUST0717,Brazil,P1011,Table Lamp,2,28.7,57.4
INV784340,2023-01-01,CUST0557,India,P1001,Wireless Mouse,5,15.99,79.95
INV481282,2024-09-16,CUST0399,France,P1003,Notebook Set,5,6.5,32.5
INV724510,2023-08-19,CUST0190,Canada,P1009,Backpack,4,46.55,186.2
INV809932,2024-09-28,CUST0019,Australia,P1009,Backpack,4,45.02,180.08
INV863244,2024-10-22,CUST0410,France,P1013,Sticky Notes Pack,1,4.42,4.42
INV142411,2024-12-05,CUST0357,Canada,P1012,Gaming Headset,4,55.21,220.84
INV918960,2024-08-05,CUST0238,Germany,P1007,Yoga Mat,5,20.98,104.9
INV724769,2024-09-14,CUST0282,Canada,P1001,Wireless Mouse,2,15.54,31.08
INV668996,2024-12-16,CUST0250,Uk,P1015,Winter Jacket,5,122.42,612.1
INV353283,2023-11-10,CUST0453,Uk,P1005,Office Chair,5,92.8,464.0
INV482621,2023-01-01,CUST0692,Canada,P1003,Notebook Set,3,7.04,21.12
INV348167,2023-01-01,CUST0096,Uk,P1013,Sticky Notes Pack,3,4.19,12.57
INV120830,2024-07-01,CUST0674,Germany,P1006,Coffee Mug,3,7.88,23.64
INV629396,2023-12-24,CUST0136,Canada,P1008,Water Bottle,3,11.38,34.14
INV809583,2024-08-03,CUST0655,Uk,P1009,Backpack,1,43.64,43.64
INV518646,2023-01-01,CUST0110,Uk,P1015,Winter Jacket,5,124.69,623.45
INV480530,2023-01-01,CUST0536,France,P1001,Wireless Mouse,3,15.95,47.85
INV416184,2024-10-12,CUST0343,Usa,P1009,Backpack,2,46.4,92.8
INV466939,2023-10-14,CUST0302,Usa,P1015,Winter Jacket,2,119.11,238.22
INV550539,2024-09-01,CUST0147,Germany,P1005,Office Chair,5,90.92,454.6
INV174616,2024-05-08,CUST0102,Usa,P1007,Yoga Mat,4,19.91,79.64
INV308925,2024-09-07,CUST0100,Usa,P1002,Bluetooth Speaker,3,36.13,108.39
INV416573,2024-12-04,CUST0382,Germany,P1006,Coffee Mug,4,8.13,32.52
INV703445,2024-05-07,CUST0472,Brazil,P1003,Notebook Set,3,6.5,19.5
INV850199,2023-12-17,CUST0612,Germany,P1013,Sticky Notes Pack,2,4.22,8.44
INV384499,2024-09-08,CUST0682,Usa,P1012,Gaming Headset,5,55.26,276.3
INV678139,2024-07-13,CUST0213,Australia,P1007,Yoga Mat,3,19.5,58.5
INV420062,2024-08-06,CUST0025,Uk,P1001,Wireless Mouse,2,15.39,30.78
INV230703,2023-05-25,CUST0271,Australia,P1006,Coffee Mug,5,7.91,39.55
INV639753,2024-10-01,CUST0453,Uk,P1009,Backpack,4,43.96,175.84
INV483407,2023-01-01,CUST0098,Australia,P1013,Sticky Notes Pack,2,4.38,8.76
INV742395,2023-09-26,CUST0555,India,P1005,Office Chair,3,89.8,269.4
INV966748,2023-10-04,CUST0725,Uk,P1014,Running Shoes,2,61.91,123.82
INV293769,2024-11-29,CUST0541,Usa,P1003,Notebook Set,2,6.8,13.6
INV102850,2024-05-20,CUST0778,Uk,P1013,Sticky Notes Pack,2,4.07,8.14
INV635634,2023-01-01,CUST0333,Canada,P1001,Wireless Mouse,2,16.74,33.48
INV521777,2024-09-12,CUST0788,India,P1001,Wireless Mouse,5,16.64,83.2
INV682340,2023-07-02,CUST0709,France,P1008,Water Bottle,1,11.36,11.36
INV314887,2023-08-11,CUST0536,France,P1008,Water Bottle,1,11.06,11.06
INV285357,2024-06-29,CUST0581,Usa,P1014,Running Shoes,3,67.55,202.65
INV790315,2023-09-28,CUST0366,India,P1002,Bluetooth Speaker,1,35.29,35.29
INV370744,2023-10-30,CUST0426,India,P1015,Winter Jacket,5,122.81,614.05
INV841576,2024-12-05,CUST0219,Canada,P1008,Water Bottle,5,11.94,59.7
INV397782,2024-04-08,CUST0658,Germany,P1005,Office Chair,3,92.99,278.97
INV851021,2024-09-03,CUST0415,Australia,P1008,Water Bottle,5,11.03,55.15
INV720456,2024-12-13,CUST0225,Germany,P1007,Yoga Mat,2,20.93,41.86
INV240707,2024-09-04,CUST0693,France,P1008,Water Bottle,4,11.14,44.56
INV388047,2023-01-01,CUST0177,France,P1001,Wireless Mouse,2,16.17,32.34
INV433923,2024-07-06,CUST0579,Brazil,P1012,Gaming Headset,4,54.67,218.68
INV793549,2024-07-30,CUST0087,Australia,P1006,Coffee Mug,2,8.29,16.58
INV838186,2024-06-09,CUST0076,India,P1011,Table Lamp,5,27.13,135.65
INV252915,2024-08-11,CUST0337,Germany,P1007,Yoga Mat,4,20.61,82.44
INV251595,2024-07-13,CUST0110,Uk,P1012,Gaming Headset,2,57.7,115.4
INV752947,2023-09-20,CUST0098,Australia,P1014,Running Shoes,1,62.39,62.39
INV184126,2024-09-06,CUST0099,Brazil,P1015,Winter Jacket,5,120.64,603.2
INV617841,2024-10-22,CUST0492,Usa,P1006,Coffee Mug,3,8.48,25.44
INV852547,2023-12-22,CUST0070,Uk,P1002,Bluetooth Speaker,3,35.26,105.78
INV354884,2023-12-18,CUST0703,Canada,P1015,Winter Jacket,4,116.22,464.88
INV379754,2024-12-11,CUST0709,France,P1007,Yoga Mat,5,19.66,98.3
INV985430,2023-10-27,CUST0742,India,P1005,Office Chair,1,86.78,86.78
INV906524,2024-02-10,CUST0665,India,P1011,Table Lamp,5,26.72,133.6
INV221097,2024-09-28,CUST0548,Brazil,P1011,Table Lamp,5,28.61,143.05
INV229610,2024-08-03,CUST0657,Uk,P1008,Water Bottle,4,11.01,44.04
INV345066,2024-11-21,CUST0713,India,P1002,Bluetooth Speaker,1,35.61,35.61
INV507946,2024-08-07,CUST0505,Uk,P1014,Running Shoes,1,63.01,63.01
INV923574,2024-08-09,CUST0466,Uk,P1015,Winter Jacket,3,124.02,372.06
INV891184,2024-06-30,CUST0055,Brazil,P1003,Notebook Set,2,6.6,13.2
INV674528,2023-01-01,CUST0717,Brazil,P1012,Gaming Headset,5,56.73,283.65
INV675202,2024-12-26,CUST0208,Usa,P1006,Coffee Mug,3,7.87,23.61
INV245146,2024-06-05,CUST0636,Australia,P1005,Office Chair,1,87.08,87.08
INV892226,2024-08-23,CUST0260,Canada,P1011,Table Lamp,3,27.24,81.72
INV301168,2024-06-27,CUST0310,Usa,P1002,Bluetooth Speaker,4,34.55,138.2
INV791159,2024-09-17,CUST0478,France,P1005,Office Chair,1,93.65,93.65
INV339996,2024-06-10,CUST0480,India,P1003,Notebook Set,4,6.92,27.68
INV207639,2024-07-17,CUST0203,Australia,P1014,Running Shoes,4,62.07,248.28
INV970159,2024-06-28,CUST0758,Uk,P1010,Phone Case,2,10.22,20.44
INV755622,2024-12-03,CUST0505,Uk,P1004,Desk Lamp,3,20.92,62.76
INV566043,2024-04-18,CUST0147,Germany,P1015,Winter Jacket,5,122.71,613.55
INV730559,2024-04-06,CUST0798,Germany,P1008,Water Bottle,4,11.95,47.8
INV407378,2024-07-10,CUST0557,India,P1003,Notebook Set,3,6.86,20.58
INV602790,2024-06-22,CUST0032,Brazil,P1006,Coffee Mug,3,8.2,24.6
INV912706,2024-11-28,CUST0150,Germany,P1004,Desk Lamp,1,21.19,21.19
INV329206,2024-09-15,CUST0703,Canada,P1015,Winter Jacket,1,119.97,119.97
INV629931,2024-09-05,CUST0486,Usa,P1004,Desk Lamp,3,22.91,68.73
INV599460,2023-08-14,CUST0330,Germany,P1013,Sticky Notes Pack,4,4.05,16.2
INV545073,2024-07-10,CUST0418,Brazil,P1010,Phone Case,1,9.68,9.68
INV647445,2023-06-16,CUST0169,Brazil,P1006,Coffee Mug,1,8.34,8.34
INV406323,2024-12-24,CUST0064,Brazil,P1008,Water Bottle,4,11.57,46.28
INV163402,2024-09-18,CUST0066,Brazil,P1014,Running Shoes,4,67.09,268.36
INV381604,2024-04-28,CUST0033,Germany,P1004,Desk Lamp,1,22.64,22.64
INV380181,2024-11-13,CUST0069,Canada,P1010,Phone Case,2,10.22,20.44
INV266574,2024-12-10,CUST0096,Uk,P1002,Bluetooth Speaker,4,34.51,138.04
INV951116,2024-12-13,CUST0104,India,P1004,Desk Lamp,1,21.25,21.25
INV189435,2024-07-15,CUST0667,Usa,P1015,Winter Jacket,4,117.23,468.92
INV656203,2024-05-12,CUST0729,Usa,P1004,Desk Lamp,5,21.6,108.0
INV790315,2023-09-28,CUST0366,India,P1004,Desk Lamp,1,21.54,21.54
INV300681,2024-08-07,CUST0251,Germany,P1007,Yoga Mat,2,20.23,40.46
INV537901,2024-11-24,CUST0159,France,P1015,Winter Jacket,1,115.0,115.0
INV872895,2023-01-01,CUST0004,India,P1007,Yoga Mat,4,20.44,81.76
INV564720,2024-11-10,CUST0725,Uk,P1007,Yoga Mat,2,19.5,39.0
INV373515,2024-11-03,CUST0454,Canada,P1013,Sticky Notes Pack,5,4.15,20.75
INV682078,2023-01-01,CUST0740,Brazil,P1009,Backpack,4,46.02,184.08
INV996212,2023-01-01,CUST0755,Uk,P1006,Coffee Mug,4,8.2,32.8
INV972685,2024-07-13,CUST0675,Canada,P1013,Sticky Notes Pack,2,4.15,8.3
INV740150,2024-12-14,CUST0338,Usa,P1001,Wireless Mouse,4,15.49,61.96
INV282418,2024-10-20,CUST0556,Brazil,P1015,Winter Jacket,5,123.65,618.25
INV466252,2024-07-26,CUST0238,Germany,P1008,Water Bottle,5,11.46,57.3
INV952075,2023-12-05,CUST0745,France,P1006,Coffee Mug,1,8.57,8.57
INV158055,2024-10-26,CUST0187,India,P1006,Coffee Mug,2,7.87,15.74
INV673773,2024-12-08,CUST0103,India,P1009,Backpack,1,46.02,46.02
INV684972,2023-11-02,CUST0743,Germany,P1010,Phone Case,2,9.59,19.18
INV268640,2024-06-02,CUST0331,Uk,P1014,Running Shoes,2,66.25,132.5
INV992357,2024-11-12,CUST0076,India,P1015,Winter Jacket,5,119.13,595.65
INV698967,2023-09-18,CUST0119,Usa,P1011,Table Lamp,3,27.03,81.09
INV501521,2024-10-29,CUST0241,India,P1014,Running Shoes,4,63.26,253.04
INV863667,2024-10-28,CUST0196,Uk,P1012,Gaming Headset,3,54.42,163.26
INV845312,2024-10-29,CUST0288,Brazil,P1010,Phone Case,5,10.06,50.3
INV231388,2024-04-17,CUST0712,France,P1009,Backpack,1,43.92,43.92
INV333151,2023-07-27,CUST0665,India,P1001,Wireless Mouse,3,16.75,50.25
INV922044,2024-11-16,CUST0580,France,P1011,Table Lamp,5,26.76,133.8
INV118505,2023-05-15,CUST0209,Australia,P1001,Wireless Mouse,1,15.59,15.59
INV550422,2024-02-27,CUST0157,Australia,P1003,Notebook Set,2,6.44,12.88
INV773768,2023-01-01,CUST0117,Germany,P1010,Phone Case,3,9.64,28.92
INV687075,2024-09-21,CUST0348,Australia,P1012,Gaming Headset,1,54.67,54.67
INV761534,2024-10-10,CUST0096,Uk,P1007,Yoga Mat,3,20.69,62.07
INV657107,2024-11-16,CUST0688,Usa,P1005,Office Chair,4,87.87,351.48
INV688603,2024-09-05,CUST0176,Usa,P1008,Water Bottle,5,11.91,59.55
INV990549,2023-08-27,CUST0420,Usa,P1003,Notebook Set,2,6.97,13.94
INV605008,2024-01-04,CUST0342,Germany,P1012,Gaming Headset,3,55.26,165.78
INV147230,2024-12-04,CUST0060,India,P1003,Notebook Set,1,6.93,6.93
INV254111,2023-10-16,CUST0577,Uk,P1010,Phone Case,2,9.96,19.92
INV849012,2024-09-01,CUST0491,Australia,P1008,Water Bottle,2,12.03,24.06
INV395604,2024-08-02,CUST0712,France,P1006,Coffee Mug,5,8.47,42.35
INV987933,2024-10-23,CUST0639,France,P1004,Desk Lamp,5,21.31,106.55
INV497907,2024-12-18,CUST0498,Brazil,P1006,Coffee Mug,1,8.51,8.51
INV142913,2024-10-15,CUST0441,Usa,P1002,Bluetooth Speaker,2,35.18,70.36
INV200307,2024-02-08,CUST0538,France,P1001,Wireless Mouse,1,15.61,15.61
INV461883,2024-10-21,CUST0717,Brazil,P1007,Yoga Mat,5,20.51,102.55
INV878160,2024-10-12,CUST0407,Australia,P1007,Yoga Mat,5,20.36,101.8
INV247032,2024-11-29,CUST0117,Germany,P1012,Gaming Headset,1,56.55,56.55
INV504503,2024-12-19,CUST0640,Germany,P1012,Gaming Headset,1,54.59,54.59
INV959165,2024-11-20,CUST0616,Canada,P1015,Winter Jacket,3,122.46,367.38
INV999786,2024-10-26,CUST0325,India,P1004,Desk Lamp,2,21.45,42.9
INV599177,2024-12-01,CUST0096,Uk,P1014,Running Shoes,3,65.68,197.04
INV598455,2024-12-28,CUST0151,Uk,P1001,Wireless Mouse,4,15.34,61.36
INV320249,2023-11-06,CUST0190,Canada,P1014,Running Shoes,1,66.88,66.88
INV705322,2024-07-25,CUST0646,Usa,P1013,Sticky Notes Pack,1,4.09,4.09
INV775632,2023-11-23,CUST0004,India,P1015,Winter Jacket,4,116.6,466.4
INV999673,2023-11-05,CUST0745,France,P1009,Backpack,3,46.81,140.43
INV130995,2024-06-11,CUST0264,France,P1002,Bluetooth Speaker,2,35.82,71.64
INV766680,2024-05-15,CUST0056,Australia,P1008,Water Bottle,4,11.26,45.04
INV209489,2023-01-01,CUST0493,Canada,P1015,Winter Jacket,4,124.96,499.84
INV725278,2024-08-30,CUST0526,Germany,P1010,Phone Case,2,9.92,19.84
INV253865,2024-03-25,CUST0625,Australia,P1002,Bluetooth Speaker,5,34.43,172.15
INV993804,2024-08-04,CUST0400,Uk,P1013,Sticky Notes Pack,5,4.18,20.9
INV749913,2024-10-12,CUST0248,Australia,P1010,Phone Case,1,9.99,9.99
INV591642,2024-07-01,CUST0785,India,P1015,Winter Jacket,4,117.33,469.32
INV171447,2024-12-13,CUST0570,Brazil,P1008,Water Bottle,5,11.32,56.6
INV765400,2024-07-05,CUST0121,Canada,P1004,Desk Lamp,4,21.03,84.12
INV713834,2024-12-18,CUST0275,Australia,P1005,Office Chair,1,93.52,93.52
INV312307,2024-06-08,CUST0745,France,P1013,Sticky Notes Pack,2,4.3,8.6
INV857215,2023-01-01,CUST0665,India,P1008,Water Bottle,1,11.41,11.41
INV906524,2024-02-10,CUST0665,India,P1006,Coffee Mug,5,8.39,41.95
INV454925,2024-05-04,CUST0304,France,P1006,Coffee Mug,1,8.04,8.04
INV903427,2023-11-30,CUST0113,Germany,P1006,Coffee Mug,3,8.24,24.72
INV535072,2024-07-28,CUST0651,Brazil,P1001,Wireless Mouse,4,15.81,63.24
INV738850,2023-12-02,CUST0318,Brazil,P1010,Phone Case,3,9.99,29.97
INV983619,2024-09-22,CUST0799,Australia,P1001,Wireless Mouse,5,16.18,80.9
INV577001,2024-09-05,CUST0663,Australia,P1012,Gaming Headset,1,55.34,55.34
INV872596,2024-11-07,CUST0685,Germany,P1003,Notebook Set,4,6.71,26.84
INV304234,2024-11-01,CUST0512,Canada,P1010,Phone Case,5,10.0,50.0
INV715981,2023-01-28,CUST0791,Germany,P1006,Coffee Mug,4,8.2,32.8
INV209155,2024-09-25,CUST0147,Germany,P1009,Backpack,5,46.57,232.85
INV142411,2024-12-05,CUST0357,Canada,P1003,Notebook Set,2,6.48,12.96
INV483106,2023-02-24,CUST0596,Australia,P1009,Backpack,4,43.12,172.48
INV545368,2024-04-19,CUST0086,France,P1003,Notebook Set,5,6.42,32.1
INV600339,2023-01-01,CUST0621,Usa,P1001,Wireless Mouse,4,16.41,65.64
INV909695,2024-08-11,CUST0262,Germany,P1002,Bluetooth Speaker,5,34.18,170.9
INV500419,2024-01-18,CUST0519,France,P1003,Notebook Set,5,6.42,32.1
INV605711,2024-08-24,CUST0102,Usa,P1006,Coffee Mug,3,8.14,24.42
INV659306,2024-09-02,CUST0292,Uk,P1008,Water Bottle,5,11.28,56.4
INV653746,2024-07-26,CUST0519,France,P1014,Running Shoes,5,66.21,331.05
INV668283,2023-01-29,CUST0533,Usa,P1011,Table Lamp,2,26.28,52.56
INV943790,2023-01-01,CUST0103,India,P1005,Office Chair,1,88.52,88.52
INV188250,2024-12-18,CUST0800,France,P1003,Notebook Set,1,6.83,6.83
INV901103,2024-10-01,CUST0439,France,P1013,Sticky Notes Pack,5,4.36,21.8
INV993560,2024-05-12,CUST0267,Germany,P1001,Wireless Mouse,4,15.85,63.4
INV811417,2024-10-18,CUST0691,Germany,P1006,Coffee Mug,2,7.88,15.76
INV501429,2023-04-15,CUST0006,France,P1007,Yoga Mat,2,20.29,40.58
INV592553,2024-09-20,CUST0301,Australia,P1008,Water Bottle,1,11.88,11.88
INV729247,2024-11-13,CUST0689,Usa,P1012,Gaming Headset,5,52.95,264.75
INV738348,2024-09-09,CUST0408,Brazil,P1006,Coffee Mug,2,8.0,16.0
INV483906,2024-07-08,CUST0013,Australia,P1006,Coffee Mug,4,8.33,33.32
INV887856,2024-11-24,CUST0091,Brazil,P1006,Coffee Mug,5,8.12,40.6
INV244975,2024-02-03,CUST0405,Germany,P1003,Notebook Set,1,6.76,6.76
INV290118,2024-09-11,CUST0331,Uk,P1004,Desk Lamp,1,23.02,23.02
INV480748,2024-07-05,CUST0157,Australia,P1011,Table Lamp,5,27.7,138.5
INV460620,2024-09-09,CUST0419,India,P1004,Desk Lamp,3,22.03,66.09
INV586460,2024-11-15,CUST0571,Canada,P1004,Desk Lamp,5,22.92,114.6
INV176589,2024-01-03,CUST0457,Uk,P1006,Coffee Mug,5,8.21,41.05
INV301987,2024-12-01,CUST0210,Usa,P1001,Wireless Mouse,1,16.47,16.47
INV425046,2024-10-13,CUST0479,Germany,P1006,Coffee Mug,4,8.59,34.36
INV438799,2024-09-25,CUST0432,Australia,P1006,Coffee Mug,5,8.51,42.55
INV665575,2023-09-11,CUST0264,France,P1014,Running Shoes,5,63.79,318.95
INV226062,2024-11-27,CUST0677,France,P1015,Winter Jacket,3,125.67,377.01
INV848872,2024-05-24,CUST0785,India,P1015,Winter Jacket,1,122.27,122.27
INV518034,2024-08-12,CUST0315,Germany,P1012,Gaming Headset,4,53.58,214.32
INV975063,2024-11-19,CUST0689,Usa,P1004,Desk Lamp,5,22.76,113.8
INV725940,2024-02-27,CUST0750,Australia,P1010,Phone Case,2,9.85,19.7
INV262605,2024-05-25,CUST0666,Canada,P1006,Coffee Mug,1,8.48,8.48
INV792711,2024-11-28,CUST0342,Germany,P1003,Notebook Set,4,6.48,25.92
INV903265,2024-08-09,CUST0004,India,P1015,Winter Jacket,4,124.09,496.36
INV686743,2024-11-20,CUST0566,Usa,P1006,Coffee Mug,5,8.57,42.85
INV753950,2024-11-05,CUST0430,Australia,P1007,Yoga Mat,3,20.86,62.58
INV342907,2024-05-18,CUST0785,India,P1011,Table Lamp,4,28.51,114.04
INV773768,2023-01-01,CUST0117,Germany,P1009,Backpack,2,44.66,89.32
INV312672,2024-03-12,CUST0588,France,P1012,Gaming Headset,4,56.42,225.68
INV932393,2024-10-28,CUST0688,Usa,P1013,Sticky Notes Pack,2,4.25,8.5
INV338591,2024-06-10,CUST0585,Brazil,P1014,Running Shoes,1,65.3,65.3
INV333254,2023-10-20,CUST0306,Australia,P1010,Phone Case,4,9.62,38.48
INV119810,2023-07-20,CUST0638,Brazil,P1013,Sticky Notes Pack,3,4.32,12.96
INV157235,2024-08-23,CUST0273,India,P1007,Yoga Mat,3,19.21,57.63
INV799714,2024-06-17,CUST0646,Usa,P1001,Wireless Mouse,4,15.4,61.6
INV399810,2024-10-20,CUST0178,Australia,P1012,Gaming Headset,2,56.74,113.48
INV562449,2023-01-01,CUST0646,Usa,P1014,Running Shoes,1,67.98,67.98
INV967668,2024-11-05,CUST0631,France,P1015,Winter Jacket,4,117.07,468.28
INV772389,2024-08-21,CUST0505,Uk,P1004,Desk Lamp,3,22.1,66.3
INV867472,2023-01-14,CUST0120,France,P1013,Sticky Notes Pack,5,4.21,21.05
INV901699,2024-06-26,CUST0082,Australia,P1008,Water Bottle,5,11.03,55.15
INV485550,2024-06-25,CUST0736,Uk,P1014,Running Shoes,2,65.54,131.08
INV938446,2024-08-18,CUST0014,Uk,P1011,Table Lamp,3,27.06,81.18
INV216551,2024-08-08,CUST0386,India,P1014,Running Shoes,1,62.27,62.27
INV751731,2024-03-19,CUST0266,Australia,P1015,Winter Jacket,5,124.54,622.7
INV982262,2024-08-15,CUST0659,India,P1012,Gaming Headset,3,54.31,162.93
INV652484,2024-03-24,CUST0533,Usa,P1006,Coffee Mug,2,8.5,17.0
INV298351,2023-07-30,CUST0670,Brazil,P1007,Yoga Mat,1,20.73,20.73
INV451307,2024-10-14,CUST0273,India,P1014,Running Shoes,3,63.04,189.12
INV922175,2024-08-08,CUST0072,Germany,P1011,Table Lamp,3,26.98,80.94
INV154488,2023-10-01,CUST0356,Usa,P1013,Sticky Notes Pack,4,4.35,17.4
INV766849,2024-12-12,CUST0014,Uk,P1009,Backpack,4,43.54,174.16
INV916457,2024-12-20,CUST0384,France,P1006,Coffee Mug,2,8.27,16.54
INV918960,2024-08-05,CUST0238,Germany,P1001,Wireless Mouse,5,16.65,83.25
INV990549,2023-08-27,CUST0420,Usa,P1003,Notebook Set,2,6.45,12.9
INV897499,2024-08-23,CUST0534,Uk,P1014,Running Shoes,2,62.49,124.98
INV291502,2023-09-06,CUST0709,France,P1014,Running Shoes,2,67.06,134.12
INV828860,2024-12-03,CUST0373,Brazil,P1005,Office Chair,1,89.53,89.53
INV719374,2024-10-11,CUST0738,Canada,P1009,Backpack,1,45.79,45.79
INV833811,2024-12-11,CUST0195,Australia,P1007,Yoga Mat,3,20.16,60.48
INV301542,2023-12-06,CUST0529,Uk,P1008,Water Bottle,5,11.37,56.85
INV611928,2024-10-29,CUST0522,Germany,P1012,Gaming Headset,2,52.94,105.88
INV616356,2024-08-15,CUST0683,Canada,P1003,Notebook Set,5,7.07,35.35
INV949504,2023-11-22,CUST0594,Germany,P1002,Bluetooth Speaker,5,34.97,174.85
INV868168,2024-06-24,CUST0661,India,P1012,Gaming Headset,2,54.12,108.24
INV967640,2024-10-13,CUST0064,Brazil,P1002,Bluetooth Speaker,3,35.88,107.64
INV948912,2024-10-02,CUST0165,Usa,P1011,Table Lamp,5,28.17,140.85
INV635420,2024-12-12,CUST0439,France,P1006,Coffee Mug,2,8.17,16.34
INV826598,2024-09-27,CUST0172,Germany,P1002,Bluetooth Speaker,5,33.66,168.3
INV252915,2024-08-11,CUST0337,Germany,P1004,Desk Lamp,5,22.22,111.1
INV728657,2024-10-10,CUST0671,Canada,P1006,Coffee Mug,2,8.63,17.26
INV184126,2024-09-06,CUST0099,Brazil,P1005,Office Chair,3,94.28,282.84
INV927670,2024-10-13,CUST0574,India,P1014,Running Shoes,4,68.15,272.6
INV469151,2024-04-28,CUST0352,Uk,P1001,Wireless Mouse,2,16.06,32.12
INV448620,2024-12-10,CUST0243,Germany,P1001,Wireless Mouse,4,15.67,62.68
INV556124,2024-11-20,CUST0149,Brazil,P1009,Backpack,2,47.18,94.36
INV993390,2023-01-01,CUST0220,Brazil,P1011,Table Lamp,2,27.55,55.1
INV685650,2024-12-02,CUST0314,France,P1013,Sticky Notes Pack,1,4.04,4.04
INV996490,2024-07-01,CUST0717,Brazil,P1012,Gaming Headset,3,55.07,165.21
INV443061,2023-01-01,CUST0212,India,P1006,Coffee Mug,1,8.66,8.66
INV358919,2023-04-14,CUST0137,France,P1012,Gaming Headset,3,55.64,166.92
INV919339,2024-10-12,CUST0694,Germany,P1004,Desk Lamp,3,23.1,69.3
INV727221,2024-12-02,CUST0607,France,P1010,Phone Case,4,10.29,41.16
INV371318,2024-07-08,CUST0236,Australia,P1010,Phone Case,3,10.32,30.96
INV211185,2024-07-29,CUST0091,Brazil,P1011,Table Lamp,5,27.44,137.2
INV108613,2024-11-05,CUST0563,India,P1009,Backpack,5,44.5,222.5
INV880378,2024-08-11,CUST0411,France,P1015,Winter Jacket,5,116.28,581.4
INV512678,2023-12-05,CUST0627,Australia,P1009,Backpack,1,44.09,44.09
INV895128,2024-07-31,CUST0686,Canada,P1015,Winter Jacket,5,123.93,619.65
INV381577,2024-09-20,CUST0204,Australia,P1013,Sticky Notes Pack,2,4.28,8.56
INV293769,2024-11-29,CUST0541,Usa,P1007,Yoga Mat,5,19.92,99.6
INV476253,2023-01-01,CUST0701,Australia,P1011,Table Lamp,1,26.33,26.33
INV370777,2024-04-16,CUST0599,Usa,P1005,Office Chair,1,88.0,88.0
INV377021,2024-07-29,CUST0175,Canada,P1005,Office Chair,5,87.73,438.65
INV346777,2024-05-29,CUST0609,Australia,P1011,Table Lamp,3,27.35,82.05
INV253666,2024-08-25,CUST0632,France,P1010,Phone Case,3,9.89,29.67
INV202281,2024-05-16,CUST0561,Canada,P1001,Wireless Mouse,5,16.39,81.95
INV291440,2023-04-20,CUST0238,Germany,P1009,Backpack,5,45.39,226.95
INV619603,2023-10-26,CUST0401,France,P1012,Gaming Headset,1,57.43,57.43
INV983961,2024-08-08,CUST0196,Uk,P1002,Bluetooth Speaker,3,36.13,108.39
INV242323,2024-04-15,CUST0681,Germany,P1003,Notebook Set,2,7.02,14.04
INV141233,2024-12-02,CUST0382,Germany,P1006,Coffee Mug,2,8.36,16.72
INV156542,2024-12-08,CUST0456,Brazil,P1002,Bluetooth Speaker,2,33.27,66.54
INV668996,2024-12-16,CUST0250,Uk,P1006,Coffee Mug,1,8.62,8.62
INV895414,2024-11-13,CUST0351,Australia,P1006,Coffee Mug,5,8.04,40.2
INV148439,2024-08-27,CUST0320,Canada,P1002,Bluetooth Speaker,2,34.91,69.82
INV593181,2024-11-30,CUST0053,India,P1004,Desk Lamp,5,21.58,107.9
INV718755,2024-10-11,CUST0717,Brazil,P1014,Running Shoes,3,65.52,196.56
INV507867,2023-05-17,CUST0490,Canada,P1002,Bluetooth Speaker,4,32.93,131.72
INV378778,2024-05-17,CUST0708,Usa,P1002,Bluetooth Speaker,3,34.44,103.32
INV162968,2023-11-14,CUST0478,France,P1001,Wireless Mouse,3,15.72,47.16
INV482532,2023-05-09,CUST0357,Canada,P1015,Winter Jacket,4,116.99,467.96
INV195693,2023-02-04,CUST0442,Usa,P1011,Table Lamp,3,26.8,80.4
INV249093,2024-10-24,CUST0721,Brazil,P1003,Notebook Set,2,6.85,13.7
INV917671,2024-11-02,CUST0481,Usa,P1003,Notebook Set,2,6.91,13.82
INV919791,2024-07-27,CUST0134,Usa,P1011,Table Lamp,3,27.69,83.07
INV329206,2024-09-15,CUST0703,Canada,P1001,Wireless Mouse,1,15.85,15.85
INV545086,2024-01-07,CUST0737,Australia,P1006,Coffee Mug,1,8.21,8.21
INV591261,2024-07-26,CUST0750,Australia,P1007,Yoga Mat,4,20.75,83.0
INV173586,2024-12-21,CUST0761,Brazil,P1015,Winter Jacket,1,116.44,116.44
INV205904,2023-12-11,CUST0215,Brazil,P1004,Desk Lamp,1,22.84,22.84
INV266670,2024-11-10,CUST0329,Uk,P1014,Running Shoes,3,66.23,198.69
INV952338,2024-05-31,CUST0795,Australia,P1009,Backpack,4,46.58,186.32
INV992940,2023-09-01,CUST0129,India,P1014,Running Shoes,4,62.93,251.72
INV953804,2023-04-10,CUST0686,Canada,P1015,Winter Jacket,3,123.17,369.51
INV885844,2024-10-24,CUST0632,France,P1003,Notebook Set,2,6.87,13.74
INV464137,2024-05-08,CUST0388,Canada,P1002,Bluetooth Speaker,3,34.85,104.55
INV891500,2024-02-11,CUST0275,Australia,P1007,Yoga Mat,5,19.6,98.0
INV732892,2024-08-24,CUST0307,France,P1008,Water Bottle,3,11.65,34.95
INV861734,2024-04-08,CUST0331,Uk,P1015,Winter Jacket,1,120.89,120.89
INV922336,2024-11-22,CUST0072,Germany,P1015,Winter Jacket,2,120.21,240.42
INV908617,2024-07-31,CUST0104,India,P1009,Backpack,2,45.33,90.66
INV239484,2023-01-24,CUST0327,Usa,P1002,Bluetooth Speaker,5,36.01,180.05
INV306361,2024-01-05,CUST0758,Uk,P1001,Wireless Mouse,3,15.28,45.84
INV448579,2024-06-10,CUST0439,France,P1009,Backpack,5,44.19,220.95
INV968155,2024-12-18,CUST0580,France,P1010,Phone Case,2,9.64,19.28
INV305614,2024-07-12,CUST0127,India,P1014,Running Shoes,5,66.61,333.05
INV602756,2024-02-24,CUST0678,Germany,P1011,Table Lamp,1,27.3,27.3
INV193588,2024-12-12,CUST0345,France,P1006,Coffee Mug,5,8.1,40.5
INV728811,2024-07-25,CUST0462,France,P1006,Coffee Mug,1,8.11,8.11
INV532511,2023-08-19,CUST0274,Germany,P1010,Phone Case,4,9.81,39.24
INV684122,2024-11-13,CUST0481,Usa,P1001,Wireless Mouse,3,16.32,48.96
INV199701,2023-01-01,CUST0333,Canada,P1001,Wireless Mouse,5,16.15,80.75
INV269472,2024-10-14,CUST0011,Usa,P1009,Backpack,1,44.44,44.44
INV579026,2024-12-20,CUST0264,France,P1002,Bluetooth Speaker,4,35.94,143.76
INV875414,2023-12-15,CUST0638,Brazil,P1005,Office Chair,1,92.09,92.09
INV834297,2024-06-16,CUST0331,Uk,P1007,Yoga Mat,4,19.3,77.2
INV477808,2024-09-15,CUST0701,Australia,P1015,Winter Jacket,1,117.75,117.75
INV218225,2023-09-12,CUST0343,Usa,P1015,Winter Jacket,1,124.67,124.67
INV859618,2024-05-21,CUST0621,Usa,P1002,Bluetooth Speaker,4,33.74,134.96
INV999786,2024-10-26,CUST0325,India,P1003,Notebook Set,2,6.54,13.08
INV317949,2024-11-20,CUST0301,Australia,P1014,Running Shoes,2,62.15,124.3
INV847202,2023-01-17,CUST0325,India,P1001,Wireless Mouse,4,15.71,62.84
INV451414,2023-11-19,CUST0055,Brazil,P1009,Backpack,5,45.65,228.25
INV908463,2024-10-01,CUST0465,India,P1009,Backpack,1,43.87,43.87
INV105423,2024-02-21,CUST0482,India,P1014,Running Shoes,2,63.39,126.78
INV328715,2024-04-05,CUST0311,Uk,P1002,Bluetooth Speaker,4,35.09,140.36
INV779989,2024-08-29,CUST0732,Germany,P1005,Office Chair,5,86.89,434.45
INV368666,2024-11-25,CUST0679,Uk,P1014,Running Shoes,5,66.68,333.4
INV135473,2024-07-14,CUST0636,Australia,P1006,Coffee Mug,4,8.07,32.28
INV214338,2023-09-10,CUST0505,Uk,P1003,Notebook Set,2,6.92,13.84
INV700937,2024-12-30,CUST0580,France,P1010,Phone Case,3,9.93,29.79
INV920650,2023-10-03,CUST0176,Usa,P1001,Wireless Mouse,2,16.4,32.8
INV991270,2024-09-07,CUST0333,Canada,P1009,Backpack,1,45.01,45.01
INV845112,2024-01-07,CUST0191,France,P1013,Sticky Notes Pack,3,4.05,12.15
INV601114,2024-08-27,CUST0573,Germany,P1011,Table Lamp,3,27.49,82.47
INV916613,2023-11-17,CUST0288,Brazil,P1002,Bluetooth Speaker,4,35.66,142.64
INV547117,2024-11-12,CUST0248,Australia,P1007,Yoga Mat,4,20.34,81.36
INV312672,2024-03-12,CUST0588,France,P1009,Backpack,1,43.7,43.7
INV562380,2024-01-04,CUST0616,Canada,P1015,Winter Jacket,1,123.84,123.84
INV490697,2024-04-28,CUST0663,Australia,P1006,Coffee Mug,3,8.21,24.63
INV187106,2024-12-06,CUST0631,France,P1009,Backpack,2,43.92,87.84
INV192486,2024-03-12,CUST0264,France,P1006,Coffee Mug,5,8.14,40.7
INV304214,2024-10-15,CUST0691,Germany,P1011,Table Lamp,1,28.02,28.02
INV188279,2024-04-01,CUST0613,Canada,P1012,Gaming Headset,1,55.89,55.89
INV245900,2024-06-14,CUST0427,Germany,P1005,Office Chair,2,88.35,176.7
INV982173,2024-02-23,CUST0139,India,P1003,Notebook Set,3,6.54,19.62
INV707933,2023-01-01,CUST0096,Uk,P1012,Gaming Headset,4,57.18,228.72
INV764193,2024-09-17,CUST0770,Canada,P1002,Bluetooth Speaker,2,34.43,68.86
INV571921,2024-04-24,CUST0630,India,P1014,Running Shoes,4,64.49,257.96
INV425447,2024-01-21,CUST0018,Usa,P1010,Phone Case,5,9.7,48.5
INV555136,2024-10-11,CUST0026,Canada,P1005,Office Chair,3,90.18,270.54
INV537901,2024-11-24,CUST0159,France,P1013,Sticky Notes Pack,1,4.38,4.38
INV999947,2024-09-03,CUST0634,Usa,P1009,Backpack,3,44.31,132.93
INV581296,2024-09-08,CUST0396,Usa,P1006,Coffee Mug,1,8.65,8.65
INV867593,2024-10-10,CUST0750,Australia,P1014,Running Shoes,2,63.49,126.98
INV488039,2024-11-14,CUST0616,Canada,P1006,Coffee Mug,5,8.42,42.1
INV859268,2023-12-18,CUST0553,Usa,P1007,Yoga Mat,4,20.79,83.16
INV809049,2023-12-03,CUST0210,Usa,P1011,Table Lamp,1,27.83,27.83
INV445462,2024-07-15,CUST0443,Canada,P1004,Desk Lamp,2,22.3,44.6
INV942223,2024-12-15,CUST0315,Germany,P1011,Table Lamp,5,27.87,139.35
INV238137,2024-10-22,CUST0479,Germany,P1013,Sticky Notes Pack,3,4.43,13.29
INV903981,2024-09-25,CUST0782,Australia,P1015,Winter Jacket,4,121.83,487.32
INV373387,2023-09-29,CUST0622,France,P1004,Desk Lamp,1,21.56,21.56
INV621104,2024-10-28,CUST0315,Germany,P1001,Wireless Mouse,4,15.53,62.12
INV346449,2024-08-03,CUST0199,Brazil,P1003,Notebook Set,3,6.85,20.55
INV508948,2024-06-24,CUST0423,Usa,P1012,Gaming Headset,5,56.85,284.25
INV641274,2024-12-21,CUST0006,France,P1003,Notebook Set,3,6.85,20.55
INV666626,2023-01-01,CUST0325,India,P1003,Notebook Set,1,6.95,6.95
INV640505,2024-10-28,CUST0178,Australia,P1001,Wireless Mouse,2,15.34,30.68
INV334615,2024-12-15,CUST0142,Germany,P1007,Yoga Mat,2,20.61,41.22
INV453862,2024-11-13,CUST0679,Uk,P1011,Table Lamp,1,28.05,28.05
INV489821,2024-10-17,CUST0747,Uk,P1015,Winter Jacket,1,122.59,122.59
INV632881,2024-05-15,CUST0791,Germany,P1015,Winter Jacket,1,123.17,123.17
INV594719,2023-03-23,CUST0678,Germany,P1009,Backpack,3,43.72,131.16
INV780047,2024-07-24,CUST0476,Canada,P1010,Phone Case,4,9.91,39.64
INV588095,2024-09-08,CUST0270,Australia,P1009,Backpack,5,45.26,226.3
INV832736,2024-08-15,CUST0682,Usa,P1002,Bluetooth Speaker,5,33.97,169.85
INV468236,2024-06-09,CUST0458,France,P1007,Yoga Mat,4,20.13,80.52
INV386574,2024-10-15,CUST0176,Usa,P1010,Phone Case,3,9.78,29.34
INV108853,2024-06-25,CUST0625,Australia,P1012,Gaming Headset,5,57.5,287.5
INV499371,2024-10-06,CUST0546,Australia,P1008,Water Bottle,2,11.48,22.96
INV718602,2024-09-24,CUST0800,France,P1004,Desk Lamp,2,22.92,45.84
INV171203,2024-03-05,CUST0348,Australia,P1008,Water Bottle,3,11.27,33.81
INV732546,2024-10-18,CUST0016,France,P1014,Running Shoes,2,63.21,126.42
INV275672,2023-12-26,CUST0076,India,P1001,Wireless Mouse,3,16.09,48.27
INV735762,2024-10-08,CUST0117,Germany,P1010,Phone Case,2,10.11,20.22
INV278131,2024-08-01,CUST0436,Brazil,P1003,Notebook Set,5,6.52,32.6
INV695249,2024-12-04,CUST0742,India,P1007,Yoga Mat,3,19.99,59.97
INV591594,2024-11-19,CUST0760,France,P1005,Office Chair,3,89.64,268.92
INV247538,2024-10-24,CUST0254,Canada,P1014,Running Shoes,5,67.5,337.5
INV794374,2024-08-06,CUST0749,Germany,P1011,Table Lamp,2,26.93,53.86
INV895218,2024-10-03,CUST0492,Usa,P1004,Desk Lamp,5,21.1,105.5
INV440355,2024-04-06,CUST0535,France,P1003,Notebook Set,2,6.61,13.22
INV576331,2023-11-18,CUST0691,Germany,P1010,Phone Case,1,10.13,10.13
INV831986,2024-01-19,CUST0140,Australia,P1005,Office Chair,4,87.35,349.4
INV210319,2023-01-01,CUST0772,Australia,P1009,Backpack,5,46.57,232.85
INV257980,2024-01-19,CUST0636,Australia,P1010,Phone Case,5,10.02,50.1
INV206672,2024-11-06,CUST0636,Australia,P1011,Table Lamp,3,27.92,83.76
INV295660,2023-11-28,CUST0493,Canada,P1013,Sticky Notes Pack,4,4.43,17.72
INV508051,2024-08-16,CUST0453,Uk,P1005,Office Chair,3,90.1,270.3
INV574738,2024-11-21,CUST0682,Usa,P1010,Phone Case,3,10.16,30.48
INV224319,2024-10-24,CUST0167,Usa,P1006,Coffee Mug,3,8.25,24.75
INV392946,2024-05-24,CUST0591,India,P1013,Sticky Notes Pack,4,4.11,16.44
INV391025,2024-07-12,CUST0343,Usa,P1015,Winter Jacket,4,118.73,474.92
INV618044,2024-10-15,CUST0494,Germany,P1008,Water Bottle,3,11.47,34.41
INV935842,2024-05-12,CUST0114,Brazil,P1008,Water Bottle,3,11.49,34.47
INV306105,2024-12-17,CUST0695,Canada,P1001,Wireless Mouse,3,15.52,46.56
INV695498,2023-01-01,CUST0240,France,P1015,Winter Jacket,1,114.36,114.36
INV372657,2024-02-25,CUST0076,India,P1013,Sticky Notes Pack,2,4.26,8.52
INV156542,2024-12-08,CUST0456,Brazil,P1013,Sticky Notes Pack,1,4.2,4.2
INV301138,2024-11-21,CUST0535,France,P1005,Office Chair,5,94.41,472.05
INV586018,2023-01-01,CUST0665,India,P1013,Sticky Notes Pack,5,4.22,21.1
INV720620,2024-12-04,CUST0453,Uk,P1011,Table Lamp,4,27.94,111.76
INV803806,2023-12-09,CUST0699,Germany,P1001,Wireless Mouse,3,15.24,45.72
INV685401,2023-12-22,CUST0221,France,P1003,Notebook Set,5,6.6,33.0
INV868160,2024-11-27,CUST0364,Brazil,P1011,Table Lamp,1,27.14,27.14
INV863020,2024-06-11,CUST0015,Germany,P1008,Water Bottle,1,11.04,11.04
INV176918,2023-05-21,CUST0781,Brazil,P1015,Winter Jacket,1,121.79,121.79
INV276527,2024-10-08,CUST0586,France,P1012,Gaming Headset,2,57.69,115.38
INV315430,2024-10-31,CUST0149,Brazil,P1002,Bluetooth Speaker,2,34.58,69.16
INV856943,2024-09-07,CUST0371,Australia,P1004,Desk Lamp,1,22.18,22.18
INV103797,2024-09-18,CUST0034,Canada,P1011,Table Lamp,4,27.48,109.92
INV685688,2024-09-13,CUST0735,Brazil,P1006,Coffee Mug,5,8.47,42.35
INV863667,2024-10-28,CUST0196,Uk,P1015,Winter Jacket,5,118.26,591.3
INV529516,2023-08-25,CUST0475,Canada,P1014,Running Shoes,4,68.11,272.44
INV607869,2023-12-27,CUST0103,India,P1015,Winter Jacket,4,118.74,474.96
INV833635,2024-09-05,CUST0657,Uk,P1001,Wireless Mouse,1,15.46,15.46
INV831033,2024-03-23,CUST0289,France,P1009,Backpack,4,47.14,188.56
INV577404,2024-01-29,CUST0613,Canada,P1011,Table Lamp,5,28.24,141.2
INV952762,2024-08-08,CUST0159,France,P1014,Running Shoes,2,62.7,125.4
INV813377,2024-12-13,CUST0637,France,P1008,Water Bottle,5,11.91,59.55
INV733500,2024-02-06,CUST0750,Australia,P1009,Backpack,5,46.76,233.8
INV801680,2024-05-01,CUST0153,India,P1008,Water Bottle,3,11.21,33.63
INV321136,2024-11-08,CUST0338,Usa,P1006,Coffee Mug,2,8.56,17.12
INV886546,2024-05-16,CUST0735,Brazil,P1002,Bluetooth Speaker,2,35.51,71.02
INV422709,2023-11-07,CUST0555,India,P1013,Sticky Notes Pack,5,4.15,20.75
INV475832,2024-11-08,CUST0214,Australia,P1007,Yoga Mat,2,20.23,40.46
INV581612,2024-12-17,CUST0693,France,P1003,Notebook Set,5,6.44,32.2
INV522848,2023-01-01,CUST0661,India,P1008,Water Bottle,2,11.2,22.4
INV488199,2024-09-27,CUST0406,France,P1001,Wireless Mouse,5,15.23,76.15
INV418078,2024-03-15,CUST0213,Australia,P1002,Bluetooth Speaker,3,35.64,106.92
INV652554,2023-11-06,CUST0044,France,P1006,Coffee Mug,2,7.88,15.76
INV621104,2024-10-12,CUST0461,India,P1007,Yoga Mat,4,19.07,76.28
INV769592,2024-07-26,CUST0013,Australia,P1004,Desk Lamp,1,21.45,21.45
INV579372,2023-09-12,CUST0565,India,P1005,Office Chair,2,91.49,182.98
INV292164,2024-02-12,CUST0057,Canada,P1001,Wireless Mouse,1,16.55,16.55
INV987933,2024-10-23,CUST0639,France,P1003,Notebook Set,2,6.99,13.98
INV159233,2024-09-27,CUST0636,Australia,P1006,Coffee Mug,5,8.47,42.35
INV617379,2024-12-14,CUST0503,Brazil,P1013,Sticky Notes Pack,2,4.09,8.18
INV333123,2024-10-31,CUST0016,France,P1011,Table Lamp,3,26.38,79.14
INV974787,2023-05-27,CUST0730,Usa,P1002,Bluetooth Speaker,3,33.26,99.78
INV545549,2024-10-18,CUST0458,France,P1014,Running Shoes,5,65.76,328.8
INV540301,2024-06-14,CUST0391,Australia,P1011,Table Lamp,5,28.66,143.3
INV351408,2024-07-21,CUST0220,Brazil,P1011,Table Lamp,5,26.79,133.95
INV381535,2024-08-28,CUST0798,Germany,P1010,Phone Case,4,9.69,38.76
INV363872,2024-12-28,CUST0132,Australia,P1011,Table Lamp,3,26.51,79.53
INV530657,2023-04-29,CUST0245,Germany,P1005,Office Chair,4,91.05,364.2
INV176918,2023-05-21,CUST0781,Brazil,P1001,Wireless Mouse,5,15.23,76.15
INV592914,2023-05-27,CUST0706,Australia,P1012,Gaming Headset,1,53.1,53.1
INV476660,2023-01-01,CUST0301,Australia,P1009,Backpack,2,46.37,92.74
INV866040,2023-01-01,CUST0717,Brazil,P1002,Bluetooth Speaker,1,35.03,35.03
INV688134,2023-01-01,CUST0187,India,P1004,Desk Lamp,2,23.09,46.18
INV126001,2024-10-29,CUST0636,Australia,P1002,Bluetooth Speaker,4,34.19,136.76
INV105735,2024-09-10,CUST0514,India,P1003,Notebook Set,5,6.71,33.55
INV829894,2023-01-01,CUST0457,Uk,P1006,Coffee Mug,5,8.28,41.4
INV667386,2023-07-21,CUST0200,Usa,P1007,Yoga Mat,5,20.82,104.1
INV632941,2024-03-11,CUST0578,India,P1004,Desk Lamp,2,21.8,43.6
INV997957,2024-09-08,CUST0589,Usa,P1013,Sticky Notes Pack,2,4.18,8.36
INV590132,2024-11-18,CUST0276,India,P1005,Office Chair,1,86.19,86.19
INV893259,2024-11-22,CUST0204,Australia,P1008,Water Bottle,1,11.51,11.51
INV862127,2023-09-17,CUST0540,Australia,P1003,Notebook Set,1,6.7,6.7
INV825210,2023-11-16,CUST0539,France,P1009,Backpack,1,43.49,43.49
INV897219,2024-10-10,CUST0117,Germany,P1001,Wireless Mouse,1,16.2,16.2
INV392162,2023-09-03,CUST0616,Canada,P1003,Notebook Set,5,6.94,34.7
INV609306,2024-08-22,CUST0359,Usa,P1005,Office Chair,2,91.71,183.42
INV969383,2024-11-12,CUST0440,Brazil,P1013,Sticky Notes Pack,4,4.16,16.64
INV727221,2024-12-02,CUST0607,France,P1003,Notebook Set,2,7.08,14.16
INV925004,2024-05-10,CUST0249,Brazil,P1010,Phone Case,3,9.87,29.61
INV867915,2024-09-26,CUST0073,Canada,P1013,Sticky Notes Pack,1,4.46,4.46
INV616293,2024-08-23,CUST0661,India,P1001,Wireless Mouse,1,16.61,16.61
INV935842,2024-05-12,CUST0114,Brazil,P1014,Running Shoes,2,67.16,134.32
INV987401,2024-08-12,CUST0188,France,P1002,Bluetooth Speaker,5,33.05,165.25
INV572939,2024-07-12,CUST0245,Germany,P1014,Running Shoes,2,66.56,133.12
INV459591,2024-09-29,CUST0593,Australia,P1009,Backpack,3,46.65,139.95
INV100085,2024-03-27,CUST0272,Brazil,P1006,Coffee Mug,1,8.56,8.56
INV570404,2024-09-04,CUST0570,Brazil,P1009,Backpack,4,44.39,177.56
INV473280,2024-05-05,CUST0229,Brazil,P1001,Wireless Mouse,1,15.49,15.49
INV344862,2023-01-01,CUST0453,Uk,P1001,Wireless Mouse,3,15.82,47.46
INV911076,2024-07-14,CUST0754,Australia,P1008,Water Bottle,2,11.91,23.82
INV435242,2023-08-26,CUST0667,Usa,P1003,Notebook Set,1,6.52,6.52
INV730922,2024-03-16,CUST0474,Usa,P1015,Winter Jacket,1,120.87,120.87
INV610905,2024-07-27,CUST0440,Brazil,P1010,Phone Case,2,9.96,19.92
INV886742,2024-09-09,CUST0717,Brazil,P1005,Office Chair,1,87.76,87.76
INV644135,2024-10-22,CUST0645,Australia,P1003,Notebook Set,5,6.73,33.65
INV100834,2023-01-01,CUST0632,France,P1002,Bluetooth Speaker,3,33.57,100.71
INV164029,2024-06-24,CUST0081,Germany,P1005,Office Chair,5,92.84,464.2
INV965104,2024-11-22,CUST0057,Canada,P1010,Phone Case,5,9.53,47.65
INV305557,2023-07-31,CUST0444,Germany,P1002,Bluetooth Speaker,4,33.65,134.6
INV837757,2024-09-04,CUST0066,Brazil,P1005,Office Chair,2,93.72,187.44
INV384022,2024-09-15,CUST0190,Canada,P1009,Backpack,2,43.05,86.1
INV508861,2024-09-19,CUST0454,Canada,P1009,Backpack,1,46.08,46.08
INV363581,2024-09-02,CUST0410,France,P1010,Phone Case,4,9.83,39.32
INV495225,2024-01-24,CUST0632,France,P1014,Running Shoes,1,64.74,64.74
INV107150,2024-12-07,CUST0603,Canada,P1002,Bluetooth Speaker,1,35.71,35.71
INV170402,2024-07-26,CUST0693,France,P1003,Notebook Set,3,6.71,20.13
INV165981,2023-01-04,CUST0288,Brazil,P1005,Office Chair,5,90.19,450.95
INV896805,2023-11-21,CUST0580,France,P1005,Office Chair,5,89.3,446.5
INV435726,2024-11-08,CUST0462,France,P1004,Desk Lamp,5,21.75,108.75
INV741991,2023-04-11,CUST0034,Canada,P1014,Running Shoes,5,64.45,322.25
INV757148,2024-12-17,CUST0664,Uk,P1005,Office Chair,3,90.96,272.88
INV852513,2023-01-01,CUST0238,Germany,P1005,Office Chair,2,91.89,183.78
INV463577,2023-05-19,CUST0751,Canada,P1012,Gaming Headset,4,57.4,229.6
INV471704,2024-02-11,CUST0424,Canada,P1002,Bluetooth Speaker,3,34.54,103.62
INV546682,2023-01-01,CUST0153,India,P1012,Gaming Headset,5,57.05,285.25
INV263448,2024-08-07,CUST0512,Canada,P1013,Sticky Notes Pack,5,4.22,21.1
INV235699,2024-05-17,CUST0028,Germany,P1010,Phone Case,2,9.58,19.16
INV709474,2023-12-22,CUST0001,Germany,P1003,Notebook Set,4,6.96,27.84
INV597681,2024-07-09,CUST0331,Uk,P1013,Sticky Notes Pack,3,4.25,12.75
INV338930,2024-04-06,CUST0140,Australia,P1008,Water Bottle,4,11.86,47.44
INV648866,2024-06-26,CUST0155,India,P1005,Office Chair,3,87.21,261.63
INV880427,2024-08-07,CUST0570,Brazil,P1011,Table Lamp,2,28.13,56.26
INV960017,2023-04-30,CUST0136,Canada,P1004,Desk Lamp,3,22.27,66.81
INV384199,2023-10-11,CUST0211,France,P1010,Phone Case,4,9.85,39.4
INV974768,2024-08-01,CUST0708,Usa,P1010,Phone Case,2,10.47,20.94
INV476196,2024-09-02,CUST0153,India,P1008,Water Bottle,3,11.63,34.89
INV184636,2024-06-13,CUST0771,Brazil,P1007,Yoga Mat,2,19.6,39.2
INV872961,2024-11-28,CUST0174,India,P1006,Coffee Mug,1,8.17,8.17
INV967841,2024-10-23,CUST0458,France,P1014,Running Shoes,2,67.29,134.58
INV202966,2023-07-26,CUST0491,Australia,P1014,Running Shoes,2,65.9,131.8
INV204287,2024-09-18,CUST0034,Canada,P1004,Desk Lamp,2,21.19,42.38
INV998741,2024-05-16,CUST0195,Australia,P1001,Wireless Mouse,2,15.26,30.52
INV398323,2024-11-18,CUST0678,Germany,P1015,Winter Jacket,3,118.93,356.79
INV999673,2023-11-05,CUST0745,France,P1015,Winter Jacket,1,125.8,125.8
INV868196,2024-11-28,CUST0351,Australia,P1005,Office Chair,1,87.03,87.03
INV993560,2024-05-12,CUST0267,Germany,P1011,Table Lamp,1,27.33,27.33
INV141233,2024-12-02,CUST0382,Germany,P1001,Wireless Mouse,2,16.13,32.26
INV149389,2023-01-01,CUST0288,Brazil,P1002,Bluetooth Speaker,4,35.09,140.36
INV572222,2024-10-06,CUST0210,Usa,P1004,Desk Lamp,3,22.28,66.84
INV596921,2023-01-01,CUST0115,Usa,P1013,Sticky Notes Pack,2,4.43,8.86
INV826338,2023-09-06,CUST0264,France,P1008,Water Bottle,5,11.02,55.1
INV272135,2023-01-01,CUST0651,Brazil,P1011,Table Lamp,2,26.51,53.02
INV536672,2024-11-12,CUST0382,Germany,P1008,Water Bottle,5,11.39,56.95
INV424580,2024-05-28,CUST0769,Canada,P1008,Water Bottle,4,11.99,47.96
INV526172,2024-05-28,CUST0792,Usa,P1003,Notebook Set,2,6.78,13.56
INV473822,2023-11-03,CUST0058,Brazil,P1002,Bluetooth Speaker,2,35.64,71.28
INV948486,2024-03-29,CUST0092,Australia,P1007,Yoga Mat,5,19.58,97.9
INV540241,2023-06-29,CUST0703,Canada,P1003,Notebook Set,2,6.96,13.92
INV580604,2024-01-16,CUST0087,Australia,P1010,Phone Case,3,10.21,30.63
INV536524,2024-10-27,CUST0214,Australia,P1003,Notebook Set,5,7.0,35.0
INV272298,2024-07-29,CUST0012,Canada,P1001,Wireless Mouse,5,15.86,79.3
INV454810,2024-11-21,CUST0104,India,P1009,Backpack,1,47.1,47.1
INV383839,2024-11-30,CUST0213,Australia,P1005,Office Chair,4,87.1,348.4
INV977082,2024-05-07,CUST0152,Uk,P1011,Table Lamp,3,27.73,83.19
INV502592,2024-09-10,CUST0731,India,P1009,Backpack,2,43.78,87.56
INV537901,2024-11-24,CUST0159,France,P1002,Bluetooth Speaker,4,32.93,131.72
INV151193,2024-02-05,CUST0755,Uk,P1002,Bluetooth Speaker,2,36.22,72.44
INV371698,2024-10-10,CUST0345,France,P1015,Winter Jacket,1,119.29,119.29
INV904200,2024-12-22,CUST0064,Brazil,P1013,Sticky Notes Pack,1,4.3,4.3
INV800632,2023-09-23,CUST0483,Australia,P1010,Phone Case,2,10.44,20.88
INV836528,2024-06-30,CUST0784,France,P1006,Coffee Mug,3,8.12,24.36
INV816676,2023-06-22,CUST0571,Canada,P1013,Sticky Notes Pack,2,4.22,8.44
INV400686,2024-08-16,CUST0489,Brazil,P1014,Running Shoes,2,62.36,124.72
INV809697,2024-11-14,CUST0358,Germany,P1015,Winter Jacket,5,124.58,622.9
INV651042,2024-11-23,CUST0414,Australia,P1004,Desk Lamp,4,22.02,88.08
INV541616,2024-11-28,CUST0533,Usa,P1006,Coffee Mug,1,8.06,8.06
INV826792,2024-07-25,CUST0165,Usa,P1011,Table Lamp,2,28.36,56.72
INV907877,2023-12-01,CUST0195,Australia,P1014,Running Shoes,3,66.93,200.79
INV458173,2023-11-19,CUST0603,Canada,P1007,Yoga Mat,4,20.89,83.56
INV782766,2024-09-15,CUST0276,India,P1002,Bluetooth Speaker,4,36.04,144.16
INV598442,2024-12-16,CUST0551,Brazil,P1014,Running Shoes,4,61.83,247.32
INV181016,2024-12-05,CUST0289,France,P1012,Gaming Headset,5,56.36,281.8
INV554053,2024-01-28,CUST0766,Brazil,P1002,Bluetooth Speaker,5,33.59,167.95
INV158008,2024-03-30,CUST0333,Canada,P1011,Table Lamp,5,28.29,141.45
INV115059,2024-07-01,CUST0277,Uk,P1005,Office Chair,4,89.02,356.08
INV943089,2023-06-01,CUST0366,India,P1010,Phone Case,2,9.88,19.76
INV634579,2023-11-07,CUST0731,India,P1014,Running Shoes,4,65.15,260.6
INV895925,2023-12-22,CUST0044,France,P1012,Gaming Headset,3,53.69,161.07
INV783339,2024-05-31,CUST0387,Brazil,P1010,Phone Case,2,9.65,19.3
INV464271,2024-08-29,CUST0237,Usa,P1011,Table Lamp,3,27.91,83.73
INV175631,2024-04-05,CUST0182,Brazil,P1014,Running Shoes,4,67.18,268.72
INV502652,2024-11-25,CUST0109,Australia,P1015,Winter Jacket,3,115.18,345.54
INV147210,2024-11-23,CUST0212,India,P1015,Winter Jacket,1,114.33,114.33
INV708320,2023-01-01,CUST0670,Brazil,P1003,Notebook Set,2,7.04,14.08
INV316444,2023-12-12,CUST0398,Usa,P1011,Table Lamp,4,28.27,113.08
INV371436,2024-11-23,CUST0013,Australia,P1015,Winter Jacket,3,125.43,376.29
INV774008,2023-12-09,CUST0648,Usa,P1008,Water Bottle,4,11.5,46.0
INV891815,2024-04-01,CUST0787,Uk,P1012,Gaming Headset,2,56.85,113.7
INV550911,2024-09-02,CUST0274,Germany,P1015,Winter Jacket,2,123.68,247.36
INV692501,2024-10-31,CUST0736,Uk,P1004,Desk Lamp,1,21.37,21.37
INV545086,2024-01-07,CUST0737,Australia,P1005,Office Chair,5,87.55,437.75
INV803814,2024-10-11,CUST0153,India,P1007,Yoga Mat,4,20.65,82.6
INV916171,2024-08-19,CUST0587,Canada,P1002,Bluetooth Speaker,1,35.14,35.14
INV816211,2023-10-29,CUST0532,France,P1001,Wireless Mouse,5,16.41,82.05
INV281121,2024-12-26,CUST0727,Germany,P1004,Desk Lamp,2,21.51,43.02
INV941114,2024-11-17,CUST0789,Uk,P1012,Gaming Headset,4,55.96,223.84
INV501031,2024-11-03,CUST0349,France,P1005,Office Chair,5,92.1,460.5
INV252577,2024-08-26,CUST0064,Brazil,P1011,Table Lamp,4,26.3,105.2
INV674294,2024-07-25,CUST0272,Brazil,P1014,Running Shoes,5,63.46,317.3
INV530341,2023-10-15,CUST0085,Usa,P1014,Running Shoes,4,67.92,271.68
INV940191,2023-10-07,CUST0507,Brazil,P1003,Notebook Set,5,7.08,35.4
INV867593,2024-10-10,CUST0750,Australia,P1014,Running Shoes,1,67.71,67.71
INV467418,2023-01-01,CUST0264,France,P1010,Phone Case,1,9.7,9.7
INV522526,2023-07-10,CUST0590,Brazil,P1005,Office Chair,4,88.51,354.04
INV868160,2024-11-27,CUST0364,Brazil,P1014,Running Shoes,1,67.16,67.16
INV559792,2023-11-22,CUST0242,Australia,P1006,Coffee Mug,1,8.03,8.03
INV104326,2024-07-19,CUST0689,Usa,P1008,Water Bottle,1,11.37,11.37
INV335515,2023-09-09,CUST0117,Germany,P1004,Desk Lamp,3,23.03,69.09
INV165070,2024-08-02,CUST0490,Canada,P1015,Winter Jacket,1,119.59,119.59
INV247526,2024-11-19,CUST0080,Uk,P1005,Office Chair,2,88.28,176.56
INV220334,2023-01-01,CUST0405,Germany,P1010,Phone Case,5,10.27,51.35
INV463577,2023-05-19,CUST0751,Canada,P1015,Winter Jacket,3,118.9,356.7
INV747866,2024-02-19,CUST0740,Brazil,P1009,Backpack,3,45.89,137.67
INV939756,2024-08-22,CUST0339,Brazil,P1011,Table Lamp,3,28.06,84.18
INV448669,2024-08-16,CUST0238,Germany,P1015,Winter Jacket,1,116.92,116.92
INV945063,2024-10-16,CUST0037,Germany,P1013,Sticky Notes Pack,1,4.14,4.14
INV126403,2024-08-01,CUST0011,Usa,P1002,Bluetooth Speaker,4,33.48,133.92
INV764193,2024-09-17,CUST0770,Canada,P1005,Office Chair,5,93.72,468.6
INV568476,2024-04-05,CUST0236,Australia,P1001,Wireless Mouse,2,15.23,30.46
INV230673,2023-01-01,CUST0367,Usa,P1001,Wireless Mouse,5,15.55,77.75
INV758731,2024-07-30,CUST0632,France,P1001,Wireless Mouse,5,16.72,83.6
INV235699,2024-05-17,CUST0028,Germany,P1008,Water Bottle,2,10.93,21.86
INV834781,2023-07-09,CUST0287,Brazil,P1001,Wireless Mouse,3,15.66,46.98
INV640505,2024-10-28,CUST0178,Australia,P1001,Wireless Mouse,4,16.18,64.72
INV646959,2024-06-30,CUST0536,France,P1015,Winter Jacket,5,120.28,601.4
INV938519,2024-08-14,CUST0566,Usa,P1001,Wireless Mouse,4,16.46,65.84
INV273615,2024-07-10,CUST0708,Usa,P1004,Desk Lamp,1,21.87,21.87
INV644105,2023-01-01,CUST0076,India,P1009,Backpack,2,43.37,86.74
INV376370,2024-02-11,CUST0631,France,P1013,Sticky Notes Pack,1,4.29,4.29
INV145248,2024-10-13,CUST0512,Canada,P1011,Table Lamp,2,26.63,53.26
INV893917,2024-11-18,CUST0371,Australia,P1005,Office Chair,1,93.9,93.9
INV334843,2024-04-20,CUST0533,Usa,P1005,Office Chair,5,88.96,444.8
INV328478,2024-08-05,CUST0535,France,P1003,Notebook Set,3,6.97,20.91
INV809135,2024-03-27,CUST0754,Australia,P1003,Notebook Set,4,6.75,27.0
INV522763,2024-12-06,CUST0479,Germany,P1006,Coffee Mug,5,8.65,43.25
INV463620,2024-04-10,CUST0661,India,P1006,Coffee Mug,4,8.14,32.56
INV163810,2024-08-15,CUST0703,Canada,P1011,Table Lamp,1,27.59,27.59
INV704265,2024-10-10,CUST0745,France,P1011,Table Lamp,2,28.08,56.16
INV104326,2024-07-19,CUST0689,Usa,P1004,Desk Lamp,4,22.61,90.44
INV171864,2023-01-01,CUST0533,Usa,P1011,Table Lamp,2,28.44,56.88
INV346782,2024-04-29,CUST0723,Australia,P1015,Winter Jacket,4,123.86,495.44
INV431549,2024-08-19,CUST0536,France,P1013,Sticky Notes Pack,2,4.36,8.72
INV870032,2023-08-21,CUST0369,Uk,P1006,Coffee Mug,4,7.88,31.52
INV490660,2024-08-06,CUST0043,France,P1010,Phone Case,5,10.23,51.15
INV675441,2024-11-06,CUST0556,Brazil,P1010,Phone Case,3,9.67,29.01
INV971117,2024-09-19,CUST0091,Brazil,P1009,Backpack,5,44.57,222.85
INV529990,2023-04-15,CUST0238,Germany,P1014,Running Shoes,4,64.15,256.6
INV683876,2024-11-11,CUST0260,Canada,P1002,Bluetooth Speaker,3,32.87,98.61
INV501775,2024-11-28,CUST0694,Germany,P1006,Coffee Mug,2,7.9,15.8
INV485603,2023-12-27,CUST0086,France,P1006,Coffee Mug,5,8.04,40.2
INV889019,2024-02-08,CUST0742,India,P1008,Water Bottle,3,11.38,34.14
INV917671,2024-11-02,CUST0481,Usa,P1006,Coffee Mug,2,8.15,16.3
INV551952,2024-11-05,CUST0096,Uk,P1004,Desk Lamp,1,21.2,21.2
INV146845,2023-10-07,CUST0684,Usa,P1010,Phone Case,2,9.7,19.4
INV104424,2024-12-06,CUST0732,Germany,P1002,Bluetooth Speaker,4,33.81,135.24
INV727674,2024-10-17,CUST0397,Australia,P1006,Coffee Mug,2,7.87,15.74
INV814789,2024-11-17,CUST0755,Uk,P1012,Gaming Headset,5,55.54,277.7
INV139825,2024-09-17,CUST0210,Usa,P1001,Wireless Mouse,4,16.72,66.88
INV393518,2024-05-27,CUST0013,Australia,P1006,Coffee Mug,3,8.06,24.18
INV341730,2023-01-01,CUST0692,Canada,P1014,Running Shoes,5,64.04,320.2
INV282445,2024-09-01,CUST0476,Canada,P1014,Running Shoes,1,67.67,67.67
INV472067,2024-06-10,CUST0177,France,P1011,Table Lamp,2,28.6,57.2
INV782766,2024-09-15,CUST0276,India,P1009,Backpack,2,43.4,86.8
INV737047,2024-08-17,CUST0291,Germany,P1015,Winter Jacket,2,120.75,241.5
INV473812,2024-02-27,CUST0772,Australia,P1009,Backpack,1,42.83,42.83
INV296158,2024-04-12,CUST0172,Germany,P1015,Winter Jacket,5,114.32,571.6
INV985932,2024-11-30,CUST0264,France,P1014,Running Shoes,1,64.79,64.79
INV537413,2024-05-24,CUST0533,Usa,P1008,Water Bottle,3,11.65,34.95
INV195693,2023-02-04,CUST0442,Usa,P1013,Sticky Notes Pack,2,4.4,8.8
INV633970,2024-08-08,CUST0580,France,P1012,Gaming Headset,1,54.68,54.68
INV731730,2024-07-03,CUST0188,France,P1012,Gaming Headset,2,57.55,115.1
INV858936,2024-10-21,CUST0020,Australia,P1001,Wireless Mouse,3,16.05,48.15
INV313682,2024-12-29,CUST0745,France,P1007,Yoga Mat,4,20.52,82.08
INV892756,2024-12-25,CUST0098,Australia,P1003,Notebook Set,2,6.89,13.78
INV317354,2024-11-05,CUST0763,Brazil,P1001,Wireless Mouse,2,16.71,33.42
INV725979,2024-08-28,CUST0781,Brazil,P1010,Phone Case,1,9.54,9.54
INV218970,2024-10-17,CUST0343,Usa,P1009,Backpack,4,47.23,188.92
INV781814,2024-03-21,CUST0157,Australia,P1010,Phone Case,1,9.67,9.67
INV117733,2024-12-21,CUST0761,Brazil,P1001,Wireless Mouse,2,16.26,32.52
INV836958,2024-08-15,CUST0296,Canada,P1010,Phone Case,3,9.57,28.71
INV960903,2024-04-28,CUST0757,Usa,P1014,Running Shoes,2,64.18,128.36
INV574738,2024-11-21,CUST0682,Usa,P1013,Sticky Notes Pack,2,4.07,8.14
INV140278,2024-11-03,CUST0167,Usa,P1004,Desk Lamp,5,21.32,106.6
INV826052,2024-09-27,CUST0461,India,P1002,Bluetooth Speaker,1,35.85,35.85
INV407423,2024-05-09,CUST0139,India,P1005,Office Chair,3,91.24,273.72
INV183633,2023-05-29,CUST0512,Canada,P1014,Running Shoes,2,63.1,126.2
INV520929,2024-12-19,CUST0692,Canada,P1010,Phone Case,2,9.85,19.7
INV504824,2023-03-31,CUST0400,Uk,P1005,Office Chair,2,91.03,182.06
INV672854,2024-05-14,CUST0350,France,P1010,Phone Case,1,9.57,9.57
INV561893,2024-02-14,CUST0723,Australia,P1008,Water Bottle,3,10.96,32.88
INV173301,2024-03-21,CUST0691,Germany,P1003,Notebook Set,4,6.78,27.12
INV709288,2024-12-05,CUST0590,Brazil,P1002,Bluetooth Speaker,4,33.77,135.08
INV611749,2023-07-23,CUST0245,Germany,P1004,Desk Lamp,3,21.0,63.0
INV655582,2023-01-01,CUST0499,France,P1015,Winter Jacket,5,115.65,578.25
INV279372,2023-12-23,CUST0664,Uk,P1014,Running Shoes,3,67.21,201.63
INV513347,2024-10-18,CUST0580,France,P1008,Water Bottle,5,12.01,60.05
INV863916,2024-11-18,CUST0176,Usa,P1006,Coffee Mug,4,8.08,32.32
INV727150,2023-09-21,CUST0667,Usa,P1011,Table Lamp,4,26.16,104.64
INV973926,2023-03-02,CUST0571,Canada,P1004,Desk Lamp,2,22.46,44.92
INV729247,2024-11-13,CUST0689,Usa,P1010,Phone Case,1,9.56,9.56
INV661110,2023-12-07,CUST0555,India,P1014,Running Shoes,4,65.03,260.12
INV319130,2024-07-30,CUST0209,Australia,P1004,Desk Lamp,5,22.38,111.9
INV944313,2024-02-17,CUST0087,Australia,P1014,Running Shoes,5,63.72,318.6
INV844633,2023-01-01,CUST0076,India,P1006,Coffee Mug,2,8.26,16.52
INV838186,2024-06-09,CUST0076,India,P1009,Backpack,5,45.67,228.35
INV421851,2023-10-29,CUST0702,India,P1015,Winter Jacket,5,116.66,583.3
INV117230,2023-03-16,CUST0493,Canada,P1007,Yoga Mat,4,20.99,83.96
INV978566,2024-09-03,CUST0678,Germany,P1003,Notebook Set,4,6.65,26.6
INV575475,2023-08-21,CUST0076,India,P1009,Backpack,5,43.05,215.25
INV734747,2023-07-24,CUST0121,Canada,P1007,Yoga Mat,3,20.42,61.26
INV718678,2024-04-17,CUST0152,Uk,P1013,Sticky Notes Pack,1,4.43,4.43
INV550541,2024-06-12,CUST0337,Germany,P1007,Yoga Mat,1,20.46,20.46
INV896671,2024-08-22,CUST0545,Canada,P1012,Gaming Headset,4,56.62,226.48
INV139996,2024-09-05,CUST0498,Brazil,P1015,Winter Jacket,3,114.16,342.48
INV719696,2024-06-14,CUST0729,Usa,P1007,Yoga Mat,4,20.15,80.6
INV928073,2023-01-01,CUST0546,Australia,P1004,Desk Lamp,3,21.99,65.97
INV465272,2024-06-01,CUST0443,Canada,P1004,Desk Lamp,4,22.39,89.56
INV476800,2023-10-10,CUST0706,Australia,P1004,Desk Lamp,2,21.72,43.44
INV443061,2023-01-01,CUST0212,India,P1012,Gaming Headset,3,53.9,161.7
INV332831,2024-11-30,CUST0072,Germany,P1011,Table Lamp,5,27.09,135.45
INV727221,2024-12-02,CUST0607,France,P1012,Gaming Headset,1,56.92,56.92
INV162289,2024-02-22,CUST0758,Uk,P1001,Wireless Mouse,5,16.0,80.0
INV927044,2024-12-02,CUST0764,India,P1011,Table Lamp,4,28.18,112.72
INV894172,2024-08-12,CUST0019,Australia,P1001,Wireless Mouse,1,15.6,15.6
INV182845,2024-03-21,CUST0637,France,P1014,Running Shoes,5,63.64,318.2
INV539698,2024-11-07,CUST0333,Canada,P1001,Wireless Mouse,4,16.18,64.72
INV727196,2024-10-08,CUST0692,Canada,P1012,Gaming Headset,4,57.17,228.68
INV509904,2023-01-01,CUST0622,France,P1008,Water Bottle,4,11.54,46.16
INV925282,2024-07-13,CUST0233,Brazil,P1001,Wireless Mouse,4,15.95,63.8
INV245235,2024-10-22,CUST0241,India,P1002,Bluetooth Speaker,4,35.92,143.68
INV614873,2024-12-24,CUST0429,Germany,P1013,Sticky Notes Pack,5,4.44,22.2
INV764404,2024-01-05,CUST0088,Germany,P1012,Gaming Headset,4,55.9,223.6
INV603549,2024-09-27,CUST0429,Germany,P1012,Gaming Headset,2,52.47,104.94
INV607622,2024-01-08,CUST0797,India,P1012,Gaming Headset,5,55.72,278.6
INV186766,2024-09-25,CUST0213,Australia,P1005,Office Chair,1,87.98,87.98
INV454101,2023-11-13,CUST0631,France,P1003,Notebook Set,5,6.77,33.85
INV842379,2023-06-06,CUST0004,India,P1010,Phone Case,4,9.56,38.24
INV688186,2024-01-31,CUST0515,France,P1007,Yoga Mat,1,20.59,20.59
INV244162,2024-10-21,CUST0214,Australia,P1011,Table Lamp,1,27.58,27.58
INV225909,2024-12-21,CUST0213,Australia,P1005,Office Chair,5,92.85,464.25
INV860050,2023-01-01,CUST0667,Usa,P1001,Wireless Mouse,4,15.47,61.88
INV351525,2023-01-01,CUST0791,Germany,P1003,Notebook Set,3,6.55,19.65
INV657409,2024-02-04,CUST0592,Canada,P1013,Sticky Notes Pack,1,4.32,4.32
INV764868,2024-11-08,CUST0124,Australia,P1014,Running Shoes,3,64.21,192.63
INV137304,2024-02-25,CUST0368,France,P1006,Coffee Mug,3,8.41,25.23
INV261237,2023-10-06,CUST0631,France,P1004,Desk Lamp,5,21.02,105.1
INV977773,2024-07-12,CUST0701,Australia,P1010,Phone Case,5,10.01,50.05
INV541108,2024-08-04,CUST0730,Usa,P1011,Table Lamp,4,26.87,107.48
INV912700,2023-01-01,CUST0608,Canada,P1001,Wireless Mouse,2,15.49,30.98
INV895604,2024-11-19,CUST0228,France,P1002,Bluetooth Speaker,3,36.05,108.15
INV219528,2024-11-19,CUST0410,France,P1010,Phone Case,2,10.32,20.64
INV440383,2024-12-20,CUST0300,Germany,P1015,Winter Jacket,1,115.87,115.87
INV932418,2024-06-05,CUST0011,Usa,P1009,Backpack,4,43.1,172.4
INV230266,2024-11-14,CUST0057,Canada,P1009,Backpack,1,45.83,45.83
INV796536,2024-12-04,CUST0345,France,P1010,Phone Case,3,9.99,29.97
INV260223,2024-12-13,CUST0028,Germany,P1007,Yoga Mat,3,19.17,57.51
INV791159,2024-09-17,CUST0478,France,P1005,Office Chair,1,88.66,88.66
INV171016,2023-12-20,CUST0589,Usa,P1008,Water Bottle,1,11.56,11.56
INV261230,2023-09-21,CUST0652,Uk,P1001,Wireless Mouse,4,15.76,63.04
INV832404,2024-07-12,CUST0395,Germany,P1007,Yoga Mat,2,20.37,40.74
INV956142,2024-11-25,CUST0055,Brazil,P1014,Running Shoes,3,65.93,197.79
INV970344,2024-01-13,CUST0337,Germany,P1010,Phone Case,1,10.35,10.35
INV822319,2023-01-01,CUST0622,France,P1010,Phone Case,4,9.79,39.16
INV313581,2024-10-31,CUST0034,Canada,P1011,Table Lamp,4,28.53,114.12
INV910620,2023-11-01,CUST0594,Germany,P1007,Yoga Mat,4,19.0,76.0
INV761314,2024-05-28,CUST0731,India,P1011,Table Lamp,3,26.57,79.71
INV646867,2024-11-09,CUST0152,Uk,P1014,Running Shoes,5,65.31,326.55
INV857061,2024-06-18,CUST0288,Brazil,P1004,Desk Lamp,5,23.04,115.2
INV508948,2024-06-24,CUST0423,Usa,P1015,Winter Jacket,1,117.32,117.32
INV972685,2024-07-13,CUST0675,Canada,P1011,Table Lamp,4,26.39,105.56
INV504779,2024-08-28,CUST0270,Australia,P1007,Yoga Mat,1,19.77,19.77
INV734808,2023-01-01,CUST0382,Germany,P1001,Wireless Mouse,5,16.54,82.7
INV184994,2024-04-13,CUST0052,Australia,P1001,Wireless Mouse,3,15.75,47.25
INV551039,2023-07-08,CUST0709,France,P1008,Water Bottle,1,11.85,11.85
INV520586,2023-09-07,CUST0652,Uk,P1008,Water Bottle,1,11.19,11.19
INV791147,2024-07-08,CUST0793,France,P1009,Backpack,3,45.68,137.04
INV349836,2024-08-26,CUST0446,Canada,P1015,Winter Jacket,3,122.51,367.53
INV610579,2024-12-02,CUST0603,Canada,P1014,Running Shoes,2,68.03,136.06
INV902541,2024-07-09,CUST0539,France,P1012,Gaming Headset,5,56.41,282.05
INV301515,2024-04-07,CUST0194,Canada,P1012,Gaming Headset,2,55.23,110.46
INV221414,2023-03-27,CUST0356,Usa,P1014,Running Shoes,5,65.53,327.65
INV680502,2024-11-16,CUST0175,Canada,P1015,Winter Jacket,3,116.7,350.1
INV932775,2024-11-10,CUST0647,Germany,P1008,Water Bottle,4,11.67,46.68
INV299008,2023-07-02,CUST0624,Canada,P1010,Phone Case,4,9.61,38.44
INV836528,2024-06-30,CUST0784,France,P1006,Coffee Mug,3,8.12,24.36
INV104249,2024-03-17,CUST0348,Australia,P1007,Yoga Mat,5,20.88,104.4
INV497772,2024-08-07,CUST0192,Canada,P1007,Yoga Mat,5,20.32,101.6
INV426881,2024-05-15,CUST0756,Canada,P1002,Bluetooth Speaker,1,33.15,33.15
INV611224,2024-05-06,CUST0406,France,P1014,Running Shoes,5,67.33,336.65
INV397856,2024-12-06,CUST0159,France,P1007,Yoga Mat,1,19.17,19.17
INV448835,2023-09-03,CUST0506,Canada,P1004,Desk Lamp,4,21.71,86.84
INV641740,2024-09-11,CUST0355,France,P1010,Phone Case,2,10.46,20.92
INV423038,2024-11-12,CUST0371,Australia,P1012,Gaming Headset,5,57.38,286.9
INV275820,2024-03-21,CUST0320,Canada,P1008,Water Bottle,1,11.99,11.99
INV348167,2023-01-01,CUST0096,Uk,P1006,Coffee Mug,2,8.62,17.24
INV967059,2024-11-15,CUST0301,Australia,P1011,Table Lamp,2,26.42,52.84
INV434711,2024-01-11,CUST0382,Germany,P1010,Phone Case,2,9.89,19.78
INV346449,2024-08-03,CUST0199,Brazil,P1001,Wireless Mouse,5,16.12,80.6
INV497765,2024-09-18,CUST0748,Germany,P1010,Phone Case,5,9.83,49.15
INV498424,2024-08-12,CUST0363,Germany,P1010,Phone Case,4,9.82,39.28
INV547344,2024-09-01,CUST0097,Brazil,P1014,Running Shoes,3,66.24,198.72
INV262039,2024-07-21,CUST0014,Uk,P1007,Yoga Mat,5,19.49,97.45
INV720130,2024-12-16,CUST0117,Germany,P1014,Running Shoes,5,62.14,310.7
INV483789,2024-06-28,CUST0088,Germany,P1006,Coffee Mug,1,8.63,8.63
INV942735,2024-09-03,CUST0778,Uk,P1013,Sticky Notes Pack,5,4.31,21.55
INV952338,2024-05-31,CUST0795,Australia,P1004,Desk Lamp,4,22.59,90.36
INV812168,2024-04-30,CUST0064,Brazil,P1014,Running Shoes,2,67.7,135.4
INV295773,2023-01-01,CUST0627,Australia,P1009,Backpack,1,45.33,45.33
INV511396,2024-12-25,CUST0207,Usa,P1007,Yoga Mat,1,20.38,20.38
INV705219,2024-12-15,CUST0610,France,P1012,Gaming Headset,2,55.13,110.26
INV931650,2024-05-25,CUST0782,Australia,P1001,Wireless Mouse,3,15.65,46.95
INV601132,2024-11-26,CUST0601,France,P1008,Water Bottle,4,11.51,46.04
INV766322,2024-03-13,CUST0736,Uk,P1003,Notebook Set,3,6.97,20.91
INV986858,2023-01-01,CUST0370,India,P1004,Desk Lamp,4,22.49,89.96
INV550422,2024-02-27,CUST0157,Australia,P1011,Table Lamp,5,27.12,135.6
INV948293,2024-02-04,CUST0755,Uk,P1002,Bluetooth Speaker,1,33.04,33.04
INV785758,2023-01-01,CUST0006,France,P1005,Office Chair,2,88.02,176.04
INV236988,2023-11-18,CUST0688,Usa,P1002,Bluetooth Speaker,1,34.49,34.49
INV617841,2024-10-22,CUST0492,Usa,P1011,Table Lamp,4,28.18,112.72
INV307968,2023-12-30,CUST0568,India,P1005,Office Chair,3,91.77,275.31
INV783837,2024-02-23,CUST0631,France,P1007,Yoga Mat,5,20.2,101.0
INV120342,2024-11-02,CUST0800,France,P1015,Winter Jacket,1,124.02,124.02
INV519238,2024-12-21,CUST0006,France,P1015,Winter Jacket,4,120.7,482.8
INV624489,2024-04-06,CUST0333,Canada,P1003,Notebook Set,1,6.51,6.51
INV905022,2024-12-08,CUST0350,France,P1005,Office Chair,2,86.01,172.02
INV754702,2024-04-15,CUST0238,Germany,P1005,Office Chair,4,89.56,358.24
INV839293,2024-09-12,CUST0504,France,P1008,Water Bottle,4,11.23,44.92
INV618346,2024-07-31,CUST0648,Usa,P1015,Winter Jacket,4,122.31,489.24
INV425982,2024-12-15,CUST0225,Germany,P1004,Desk Lamp,5,22.86,114.3
INV528605,2024-05-08,CUST0203,Australia,P1007,Yoga Mat,3,20.03,60.09
INV714169,2024-12-07,CUST0096,Uk,P1002,Bluetooth Speaker,5,35.11,175.55
INV219211,2024-05-15,CUST0463,Germany,P1008,Water Bottle,3,11.92,35.76
INV159985,2024-04-26,CUST0736,Uk,P1002,Bluetooth Speaker,2,35.83,71.66
INV187154,2024-06-22,CUST0533,Usa,P1010,Phone Case,5,9.77,48.85
INV819188,2023-09-15,CUST0680,India,P1009,Backpack,1,44.28,44.28
INV532511,2023-08-19,CUST0274,Germany,P1005,Office Chair,4,90.4,361.6
INV586349,2024-12-16,CUST0791,Germany,P1007,Yoga Mat,2,19.52,39.04
INV848929,2024-05-30,CUST0049,France,P1002,Bluetooth Speaker,1,35.22,35.22
INV758853,2024-05-30,CUST0781,Brazil,P1011,Table Lamp,5,28.75,143.75
INV151109,2024-07-17,CUST0737,Australia,P1009,Backpack,4,44.07,176.28
INV864565,2024-03-12,CUST0098,Australia,P1001,Wireless Mouse,4,15.28,61.12
INV720860,2024-06-30,CUST0731,India,P1013,Sticky Notes Pack,4,4.18,16.72
INV849598,2024-07-17,CUST0212,India,P1001,Wireless Mouse,1,16.61,16.61
INV124837,2024-06-01,CUST0307,France,P1014,Running Shoes,1,66.68,66.68
INV883757,2024-10-09,CUST0588,France,P1011,Table Lamp,5,26.22,131.1
INV557938,2024-10-01,CUST0493,Canada,P1005,Office Chair,2,89.03,178.06
INV453667,2023-11-13,CUST0679,Uk,P1008,Water Bottle,2,11.72,23.44
INV292429,2024-01-31,CUST0013,Australia,P1014,Running Shoes,2,61.98,123.96
INV117230,2023-03-16,CUST0493,Canada,P1001,Wireless Mouse,4,15.9,63.6
INV995847,2024-08-30,CUST0281,Canada,P1001,Wireless Mouse,2,16.32,32.64
INV595543,2024-06-22,CUST0759,France,P1013,Sticky Notes Pack,3,4.16,12.48
INV572101,2023-10-11,CUST0658,Germany,P1004,Desk Lamp,5,22.74,113.7
INV216839,2024-01-14,CUST0096,Uk,P1012,Gaming Headset,2,54.22,108.44
INV369961,2024-09-08,CUST0406,France,P1004,Desk Lamp,1,22.8,22.8
INV534057,2023-04-22,CUST0546,Australia,P1007,Yoga Mat,3,19.97,59.91
INV150860,2023-11-15,CUST0263,France,P1007,Yoga Mat,4,20.89,83.56
INV477578,2024-06-21,CUST0289,France,P1002,Bluetooth Speaker,4,33.59,134.36
INV992765,2024-03-24,CUST0169,Brazil,P1009,Backpack,2,44.89,89.78
INV474198,2024-06-30,CUST0239,Canada,P1013,Sticky Notes Pack,3,4.07,12.21
INV560149,2024-09-12,CUST0709,France,P1013,Sticky Notes Pack,5,4.04,20.2
INV118042,2023-12-04,CUST0771,Brazil,P1013,Sticky Notes Pack,5,4.17,20.85
INV212195,2024-10-05,CUST0603,Canada,P1003,Notebook Set,2,7.0,14.0
INV640011,2024-10-23,CUST0045,Uk,P1012,Gaming Headset,5,57.16,285.8
INV117323,2024-10-22,CUST0028,Germany,P1014,Running Shoes,5,63.01,315.05
INV430767,2024-12-16,CUST0072,Germany,P1004,Desk Lamp,5,23.07,115.35
INV988168,2024-12-05,CUST0608,Canada,P1005,Office Chair,1,88.92,88.92
INV225909,2024-12-21,CUST0213,Australia,P1013,Sticky Notes Pack,4,4.05,16.2
INV844633,2023-01-01,CUST0076,India,P1011,Table Lamp,2,26.23,52.46
INV732892,2024-08-24,CUST0307,France,P1002,Bluetooth Speaker,2,36.16,72.32
INV470608,2023-07-17,CUST0730,Usa,P1007,Yoga Mat,4,19.36,77.44
INV992738,2023-11-28,CUST0529,Uk,P1011,Table Lamp,3,28.74,86.22
INV820802,2024-04-18,CUST0688,Usa,P1012,Gaming Headset,4,52.5,210.0
INV675523,2024-09-21,CUST0511,India,P1012,Gaming Headset,1,53.11,53.11
INV757951,2023-01-01,CUST0240,France,P1006,Coffee Mug,2,7.95,15.9
INV163013,2024-10-16,CUST0333,Canada,P1003,Notebook Set,2,6.69,13.38
INV319050,2023-01-01,CUST0655,Uk,P1011,Table Lamp,3,26.14,78.42
INV200503,2024-05-24,CUST0027,Usa,P1015,Winter Jacket,5,125.65,628.25
INV650932,2023-03-06,CUST0301,Australia,P1012,Gaming Headset,4,56.19,224.76
INV139825,2024-09-17,CUST0210,Usa,P1002,Bluetooth Speaker,1,35.99,35.99
INV292164,2024-02-12,CUST0057,Canada,P1001,Wireless Mouse,3,16.16,48.48
INV235927,2024-02-15,CUST0071,Germany,P1009,Backpack,5,47.02,235.1
INV798825,2024-03-08,CUST0120,France,P1013,Sticky Notes Pack,5,4.1,20.5
INV615625,2024-11-25,CUST0749,Germany,P1011,Table Lamp,1,28.1,28.1
INV435240,2024-11-28,CUST0660,Brazil,P1007,Yoga Mat,4,19.42,77.68
INV798825,2024-03-08,CUST0120,France,P1004,Desk Lamp,5,22.12,110.6
INV117954,2024-07-23,CUST0068,France,P1015,Winter Jacket,1,125.43,125.43
INV798959,2024-09-09,CUST0583,Australia,P1012,Gaming Headset,1,54.59,54.59
INV726169,2024-12-12,CUST0796,Australia,P1010,Phone Case,1,9.95,9.95
INV452898,2024-11-20,CUST0652,Uk,P1004,Desk Lamp,5,21.24,106.2
INV815117,2024-11-12,CUST0382,Germany,P1003,Notebook Set,5,6.98,34.9
INV282516,2024-06-19,CUST0758,Uk,P1008,Water Bottle,1,12.03,12.03
INV591203,2024-10-27,CUST0545,Canada,P1008,Water Bottle,3,11.87,35.61
INV795018,2023-11-14,CUST0670,Brazil,P1011,Table Lamp,3,27.47,82.41
INV231336,2024-03-29,CUST0174,India,P1012,Gaming Headset,3,52.51,157.53
INV698012,2023-01-01,CUST0187,India,P1002,Bluetooth Speaker,4,36.06,144.24
INV317995,2024-08-14,CUST0738,Canada,P1013,Sticky Notes Pack,3,4.05,12.15
INV556840,2023-10-11,CUST0704,France,P1002,Bluetooth Speaker,5,33.26,166.3
INV733500,2024-02-06,CUST0750,Australia,P1003,Notebook Set,4,6.91,27.64
INV338252,2024-12-25,CUST0548,Brazil,P1004,Desk Lamp,2,21.74,43.48
INV685167,2024-12-18,CUST0212,India,P1007,Yoga Mat,4,20.19,80.76
INV826792,2024-07-25,CUST0165,Usa,P1001,Wireless Mouse,1,15.3,15.3
INV817912,2024-06-18,CUST0014,Uk,P1009,Backpack,1,44.13,44.13
INV542669,2024-11-27,CUST0713,India,P1007,Yoga Mat,2,19.04,38.08
INV296920,2023-01-21,CUST0288,Brazil,P1008,Water Bottle,3,11.69,35.07
INV326509,2023-01-01,CUST0288,Brazil,P1005,Office Chair,2,94.36,188.72
INV705219,2024-12-15,CUST0610,France,P1005,Office Chair,5,87.12,435.6
INV236988,2023-11-18,CUST0688,Usa,P1015,Winter Jacket,2,124.95,249.9
INV699230,2024-10-24,CUST0657,Uk,P1003,Notebook Set,4,6.7,26.8
INV293982,2024-07-28,CUST0042,Uk,P1005,Office Chair,5,88.8,444.0
INV465272,2024-06-01,CUST0443,Canada,P1002,Bluetooth Speaker,4,34.39,137.56
INV945549,2024-06-10,CUST0756,Canada,P1009,Backpack,1,45.77,45.77
INV971486,2024-10-08,CUST0175,Canada,P1012,Gaming Headset,2,52.65,105.3
INV717662,2023-07-09,CUST0630,India,P1001,Wireless Mouse,2,15.32,30.64
INV169300,2024-10-02,CUST0438,Brazil,P1011,Table Lamp,1,26.34,26.34
INV271520,2023-01-01,CUST0688,Usa,P1009,Backpack,5,45.17,225.85
INV895218,2024-10-03,CUST0492,Usa,P1014,Running Shoes,3,66.97,200.91
INV568398,2024-08-06,CUST0658,Germany,P1009,Backpack,2,46.91,93.82
INV373406,2024-03-28,CUST0338,Usa,P1007,Yoga Mat,5,19.47,97.35
INV929019,2024-12-01,CUST0742,India,P1014,Running Shoes,1,62.83,62.83
INV534108,2024-11-08,CUST0616,Canada,P1007,Yoga Mat,5,20.19,100.95
INV895414,2024-11-13,CUST0351,Australia,P1006,Coffee Mug,5,8.43,42.15
INV899775,2023-10-01,CUST0518,Germany,P1001,Wireless Mouse,1,15.61,15.61
INV229610,2024-08-03,CUST0657,Uk,P1001,Wireless Mouse,2,15.69,31.38
INV220841,2024-11-13,CUST0288,Brazil,P1005,Office Chair,5,91.43,457.15
INV992205,2024-01-04,CUST0228,France,P1010,Phone Case,2,9.94,19.88
INV140760,2023-01-01,CUST0404,Uk,P1008,Water Bottle,4,11.71,46.84
INV988255,2023-04-06,CUST0462,France,P1006,Coffee Mug,4,8.49,33.96
INV748262,2024-12-29,CUST0549,Usa,P1001,Wireless Mouse,2,15.24,30.48
INV944177,2024-04-03,CUST0195,Australia,P1007,Yoga Mat,5,19.91,99.55
INV881680,2024-12-01,CUST0482,India,P1001,Wireless Mouse,1,16.41,16.41
INV602257,2024-11-03,CUST0314,France,P1005,Office Chair,1,91.81,91.81
INV860050,2023-01-01,CUST0667,Usa,P1009,Backpack,4,45.43,181.72
INV553871,2024-05-04,CUST0351,Australia,P1007,Yoga Mat,4,18.99,75.96
INV766077,2024-04-15,CUST0463,Germany,P1015,Winter Jacket,4,123.09,492.36
INV197294,2023-10-24,CUST0517,Brazil,P1015,Winter Jacket,2,116.59,233.18
INV652476,2024-11-25,CUST0241,India,P1002,Bluetooth Speaker,1,34.71,34.71
INV529252,2024-01-14,CUST0666,Canada,P1005,Office Chair,2,86.25,172.5
INV626697,2024-10-02,CUST0349,France,P1005,Office Chair,4,93.12,372.48
INV451905,2024-12-04,CUST0596,Australia,P1003,Notebook Set,4,6.51,26.04
INV390053,2024-11-17,CUST0589,Usa,P1014,Running Shoes,4,66.3,265.2
INV307824,2024-11-18,CUST0342,Germany,P1006,Coffee Mug,5,8.06,40.3
INV777002,2024-01-26,CUST0143,Germany,P1003,Notebook Set,3,6.83,20.49
INV264398,2024-07-09,CUST0061,Usa,P1004,Desk Lamp,1,22.78,22.78
INV158055,2024-10-26,CUST0187,India,P1015,Winter Jacket,4,120.11,480.44
INV820784,2024-12-06,CUST0208,Usa,P1015,Winter Jacket,5,123.57,617.85
INV123000,2023-02-09,CUST0648,Usa,P1013,Sticky Notes Pack,4,4.37,17.48
INV969140,2024-10-26,CUST0082,Australia,P1003,Notebook Set,5,6.76,33.8
INV868494,2024-09-12,CUST0785,India,P1014,Running Shoes,5,66.15,330.75
INV533337,2024-10-18,CUST0219,Canada,P1012,Gaming Headset,5,56.93,284.65
INV145757,2023-09-23,CUST0495,Canada,P1014,Running Shoes,4,66.2,264.8
INV211185,2024-07-29,CUST0091,Brazil,P1005,Office Chair,3,91.7,275.1
INV504824,2023-03-31,CUST0400,Uk,P1010,Phone Case,5,9.88,49.4
INV133715,2024-06-14,CUST0187,India,P1011,Table Lamp,4,27.26,109.04
INV816211,2023-10-29,CUST0532,France,P1015,Winter Jacket,4,124.73,498.92
INV448226,2024-12-03,CUST0478,France,P1001,Wireless Mouse,3,15.33,45.99
INV520644,2024-05-21,CUST0776,Germany,P1001,Wireless Mouse,2,16.42,32.84
INV868912,2024-11-28,CUST0150,Germany,P1003,Notebook Set,4,6.82,27.28
INV423032,2024-04-12,CUST0348,Australia,P1007,Yoga Mat,3,19.01,57.03
INV628965,2024-01-14,CUST0288,Brazil,P1013,Sticky Notes Pack,4,4.4,17.6
INV220841,2024-11-13,CUST0288,Brazil,P1005,Office Chair,5,91.96,459.8
INV964920,2024-07-22,CUST0391,Australia,P1004,Desk Lamp,2,21.12,42.24
INV823199,2024-03-05,CUST0317,Brazil,P1004,Desk Lamp,3,21.2,63.6
INV329390,2023-01-01,CUST0493,Canada,P1011,Table Lamp,4,27.58,110.32
INV148520,2024-06-05,CUST0090,Canada,P1014,Running Shoes,3,67.15,201.45
INV840810,2024-10-02,CUST0325,India,P1005,Office Chair,2,93.32,186.64
INV176090,2024-08-20,CUST0386,India,P1014,Running Shoes,2,63.11,126.22
INV270682,2024-10-18,CUST0360,Canada,P1014,Running Shoes,5,64.41,322.05
INV765354,2024-07-27,CUST0432,Australia,P1002,Bluetooth Speaker,3,35.75,107.25
INV861102,2024-07-13,CUST0265,India,P1001,Wireless Mouse,2,16.13,32.26
INV894777,2024-05-12,CUST0400,Uk,P1004,Desk Lamp,1,21.89,21.89
INV427335,2024-03-10,CUST0646,Usa,P1014,Running Shoes,2,66.91,133.82
INV856041,2024-10-20,CUST0510,Usa,P1005,Office Chair,3,90.6,271.8
INV732129,2023-01-01,CUST0692,Canada,P1015,Winter Jacket,4,115.7,462.8
INV606665,2023-10-11,CUST0240,France,P1008,Water Bottle,1,11.1,11.1
INV793777,2024-08-12,CUST0462,France,P1010,Phone Case,5,9.87,49.35
INV117323,2024-10-22,CUST0028,Germany,P1015,Winter Jacket,1,124.14,124.14
INV817912,2024-06-18,CUST0014,Uk,P1004,Desk Lamp,3,22.73,68.19
INV454044,2024-07-02,CUST0350,France,P1008,Water Bottle,5,11.91,59.55
INV642552,2023-09-14,CUST0014,Uk,P1001,Wireless Mouse,5,15.38,76.9
INV680433,2024-09-12,CUST0098,Australia,P1010,Phone Case,4,9.5,38.0
INV911912,2023-01-01,CUST0213,Australia,P1008,Water Bottle,3,12.0,36.0
INV965193,2023-08-29,CUST0579,Brazil,P1006,Coffee Mug,2,8.6,17.2
INV817278,2024-09-09,CUST0701,Australia,P1004,Desk Lamp,5,22.48,112.4
INV319050,2023-01-01,CUST0655,Uk,P1010,Phone Case,4,9.82,39.28
INV916142,2024-01-23,CUST0351,Australia,P1010,Phone Case,1,9.92,9.92
INV815136,2023-11-17,CUST0143,Germany,P1002,Bluetooth Speaker,3,33.16,99.48
INV382305,2024-02-13,CUST0191,France,P1014,Running Shoes,5,66.43,332.15
INV288219,2024-09-20,CUST0790,France,P1009,Backpack,5,45.02,225.1
INV871940,2024-05-12,CUST0476,Canada,P1006,Coffee Mug,3,8.47,25.41
INV923904,2024-05-12,CUST0625,Australia,P1004,Desk Lamp,1,22.04,22.04
INV319048,2024-05-26,CUST0072,Germany,P1014,Running Shoes,4,62.69,250.76
INV603549,2024-09-27,CUST0429,Germany,P1013,Sticky Notes Pack,1,4.2,4.2
INV608781,2024-06-30,CUST0245,Germany,P1005,Office Chair,5,93.27,466.35
INV374865,2024-01-22,CUST0469,France,P1014,Running Shoes,4,67.07,268.28
INV475363,2024-11-17,CUST0103,India,P1013,Sticky Notes Pack,3,4.35,13.05
INV836143,2024-12-15,CUST0430,Australia,P1010,Phone Case,2,10.14,20.28
INV923380,2023-01-01,CUST0760,France,P1007,Yoga Mat,2,19.39,38.78
INV959850,2024-09-16,CUST0369,Uk,P1001,Wireless Mouse,2,15.54,31.08
INV488482,2023-02-13,CUST0462,France,P1013,Sticky Notes Pack,4,4.08,16.32
INV628263,2024-09-17,CUST0015,Germany,P1007,Yoga Mat,3,19.15,57.45
INV964920,2024-07-22,CUST0391,Australia,P1001,Wireless Mouse,2,16.39,32.78
INV219160,2024-09-25,CUST0362,Brazil,P1008,Water Bottle,2,12.01,24.02
INV306361,2024-01-05,CUST0758,Uk,P1015,Winter Jacket,5,119.49,597.45
INV382181,2024-05-19,CUST0125,Brazil,P1005,Office Chair,3,92.58,277.74
INV231588,2024-02-18,CUST0268,Australia,P1007,Yoga Mat,5,19.53,97.65
INV559499,2024-11-17,CUST0677,France,P1009,Backpack,5,45.9,229.5
INV859242,2024-01-22,CUST0535,France,P1013,Sticky Notes Pack,3,4.38,13.14
INV381826,2024-09-09,CUST0214,Australia,P1013,Sticky Notes Pack,1,4.06,4.06
INV105735,2024-09-10,CUST0514,India,P1011,Table Lamp,2,28.22,56.44
INV818944,2023-09-23,CUST0702,India,P1007,Yoga Mat,3,19.39,58.17
INV544139,2024-12-04,CUST0260,Canada,P1002,Bluetooth Speaker,5,35.55,177.75
INV485550,2024-06-25,CUST0736,Uk,P1005,Office Chair,3,93.85,281.55
INV818045,2023-03-13,CUST0345,France,P1010,Phone Case,1,10.41,10.41
INV812713,2023-06-11,CUST0200,Usa,P1008,Water Bottle,3,11.77,35.31
INV820784,2024-12-06,CUST0208,Usa,P1001,Wireless Mouse,5,15.28,76.4
INV142083,2024-07-24,CUST0259,Usa,P1003,Notebook Set,5,6.57,32.85
INV549516,2023-01-01,CUST0331,Uk,P1005,Office Chair,3,88.76,266.28
INV925448,2024-03-30,CUST0533,Usa,P1006,Coffee Mug,2,8.34,16.68
INV537901,2024-11-24,CUST0159,France,P1010,Phone Case,3,10.32,30.96
INV453480,2024-07-21,CUST0382,Germany,P1008,Water Bottle,5,10.97,54.85
INV693472,2024-10-28,CUST0621,Usa,P1012,Gaming Headset,5,54.42,272.1
INV437995,2024-07-23,CUST0092,Australia,P1005,Office Chair,2,90.18,180.36
INV467080,2023-01-01,CUST0739,Australia,P1005,Office Chair,3,90.4,271.2
INV552116,2024-09-22,CUST0631,France,P1001,Wireless Mouse,5,16.14,80.7
INV547898,2024-05-03,CUST0657,Uk,P1001,Wireless Mouse,1,15.38,15.38
INV923639,2024-02-03,CUST0194,Canada,P1006,Coffee Mug,3,8.17,24.51
INV634772,2024-07-23,CUST0720,Germany,P1011,Table Lamp,1,27.52,27.52
INV427335,2024-03-10,CUST0646,Usa,P1007,Yoga Mat,1,19.16,19.16
INV279615,2024-02-26,CUST0772,Australia,P1006,Coffee Mug,4,8.25,33.0
INV963896,2024-01-24,CUST0424,Canada,P1006,Coffee Mug,4,8.39,33.56
INV753173,2024-05-28,CUST0327,Usa,P1008,Water Bottle,2,11.08,22.16
INV547421,2023-01-01,CUST0004,India,P1013,Sticky Notes Pack,4,4.34,17.36
INV887777,2023-09-04,CUST0177,France,P1002,Bluetooth Speaker,1,35.84,35.84
INV117883,2024-12-24,CUST0343,Usa,P1014,Running Shoes,4,65.19,260.76
INV330795,2024-06-03,CUST0232,Brazil,P1004,Desk Lamp,2,22.58,45.16
INV942223,2024-12-15,CUST0315,Germany,P1004,Desk Lamp,2,21.89,43.78
INV568408,2024-04-04,CUST0019,Australia,P1014,Running Shoes,2,65.25,130.5
INV465782,2024-02-11,CUST0397,Australia,P1010,Phone Case,1,9.96,9.96
INV380181,2024-11-13,CUST0069,Canada,P1001,Wireless Mouse,4,16.49,65.96
INV836148,2024-06-26,CUST0233,Brazil,P1007,Yoga Mat,3,19.68,59.04
INV171370,2024-10-02,CUST0486,Usa,P1003,Notebook Set,5,6.94,34.7
INV920638,2024-09-09,CUST0681,Germany,P1015,Winter Jacket,4,116.38,465.52
INV350411,2024-12-03,CUST0561,Canada,P1006,Coffee Mug,5,8.46,42.3
INV839884,2024-08-26,CUST0229,Brazil,P1009,Backpack,3,46.69,140.07
INV923488,2024-06-28,CUST0358,Germany,P1011,Table Lamp,5,26.72,133.6
INV507854,2024-07-25,CUST0056,Australia,P1015,Winter Jacket,3,122.14,366.42
INV888481,2024-12-04,CUST0471,Brazil,P1013,Sticky Notes Pack,2,4.3,8.6
INV936851,2024-09-23,CUST0276,India,P1006,Coffee Mug,5,8.55,42.75
INV137304,2024-02-25,CUST0368,France,P1009,Backpack,2,43.66,87.32
INV443541,2024-11-22,CUST0090,Canada,P1001,Wireless Mouse,4,15.3,61.2
INV233052,2024-12-28,CUST0694,Germany,P1009,Backpack,2,45.44,90.88
INV342014,2024-12-08,CUST0208,Usa,P1005,Office Chair,2,93.24,186.48
INV350428,2024-08-09,CUST0265,India,P1013,Sticky Notes Pack,4,4.05,16.2
INV125961,2023-05-14,CUST0659,India,P1015,Winter Jacket,1,115.12,115.12
INV106389,2024-09-18,CUST0054,Canada,P1007,Yoga Mat,4,20.91,83.64
INV690257,2024-10-13,CUST0392,Germany,P1009,Backpack,4,42.79,171.16
INV945063,2024-10-16,CUST0037,Germany,P1004,Desk Lamp,1,22.83,22.83
INV621010,2023-07-17,CUST0717,Brazil,P1013,Sticky Notes Pack,1,4.21,4.21
INV699387,2024-06-25,CUST0663,Australia,P1015,Winter Jacket,1,114.89,114.89
INV530657,2023-04-29,CUST0245,Germany,P1014,Running Shoes,5,63.97,319.85
INV381552,2024-11-22,CUST0170,Uk,P1008,Water Bottle,1,11.96,11.96
INV342616,2024-05-18,CUST0745,France,P1013,Sticky Notes Pack,1,4.22,4.22
INV661527,2024-12-28,CUST0331,Uk,P1003,Notebook Set,2,6.57,13.14
INV775470,2024-09-17,CUST0252,Australia,P1009,Backpack,3,43.76,131.28
INV902228,2024-09-14,CUST0546,Australia,P1008,Water Bottle,3,11.21,33.63
INV652968,2024-09-06,CUST0228,France,P1005,Office Chair,5,91.66,458.3
INV703445,2024-05-07,CUST0472,Brazil,P1001,Wireless Mouse,2,16.38,32.76
INV754749,2024-11-18,CUST0778,Uk,P1006,Coffee Mug,4,8.36,33.44
INV258130,2024-07-16,CUST0052,Australia,P1002,Bluetooth Speaker,4,34.46,137.84
INV835828,2024-11-21,CUST0491,Australia,P1013,Sticky Notes Pack,1,4.33,4.33
INV584683,2023-10-09,CUST0130,Germany,P1006,Coffee Mug,5,8.32,41.6
INV511306,2023-03-10,CUST0637,France,P1015,Winter Jacket,3,122.65,367.95
INV871622,2024-12-20,CUST0273,India,P1004,Desk Lamp,5,23.03,115.15
INV601336,2024-09-12,CUST0611,India,P1003,Notebook Set,1,6.67,6.67
INV173840,2024-11-09,CUST0143,Germany,P1007,Yoga Mat,1,20.75,20.75
INV188246,2024-09-08,CUST0608,Canada,P1014,Running Shoes,2,67.1,134.2
INV172926,2024-04-18,CUST0634,Usa,P1011,Table Lamp,2,28.17,56.34
INV789635,2024-08-07,CUST0013,Australia,P1010,Phone Case,1,9.52,9.52
INV245235,2024-10-22,CUST0241,India,P1002,Bluetooth Speaker,2,33.53,67.06
INV842813,2024-05-01,CUST0054,Canada,P1010,Phone Case,4,10.23,40.92
INV835854,2023-06-14,CUST0499,France,P1006,Coffee Mug,2,8.0,16.0
INV908169,2024-11-15,CUST0536,France,P1002,Bluetooth Speaker,3,35.14,105.42
INV794519,2024-06-22,CUST0476,Canada,P1010,Phone Case,1,10.16,10.16
INV736268,2023-11-20,CUST0429,Germany,P1004,Desk Lamp,5,21.49,107.45
INV953790,2024-09-20,CUST0325,India,P1008,Water Bottle,5,11.77,58.85
INV434860,2024-07-14,CUST0556,Brazil,P1004,Desk Lamp,3,22.59,67.77
INV583213,2023-09-05,CUST0704,France,P1011,Table Lamp,2,28.03,56.06
INV155167,2023-11-03,CUST0723,Australia,P1003,Notebook Set,3,6.45,19.35
INV927666,2024-12-13,CUST0414,Australia,P1007,Yoga Mat,4,20.66,82.64
INV434391,2024-08-21,CUST0650,Germany,P1012,Gaming Headset,5,53.16,265.8
INV622384,2024-04-22,CUST0465,India,P1004,Desk Lamp,2,23.0,46.0
INV530727,2023-09-22,CUST0040,Brazil,P1010,Phone Case,3,9.56,28.68
INV168184,2024-05-12,CUST0221,France,P1010,Phone Case,3,10.45,31.35
INV683995,2023-01-01,CUST0493,Canada,P1012,Gaming Headset,1,54.2,54.2
INV489382,2024-11-18,CUST0390,France,P1011,Table Lamp,5,26.78,133.9
INV308336,2024-01-13,CUST0424,Canada,P1004,Desk Lamp,3,21.55,64.65
INV430386,2023-01-01,CUST0190,Canada,P1008,Water Bottle,1,11.03,11.03
INV903894,2024-10-26,CUST0554,Uk,P1011,Table Lamp,2,28.06,56.12
INV389674,2023-01-01,CUST0630,India,P1001,Wireless Mouse,5,15.8,79.0
INV928234,2024-03-09,CUST0458,France,P1006,Coffee Mug,3,7.88,23.64
INV776135,2024-05-21,CUST0228,France,P1014,Running Shoes,1,66.96,66.96
INV319550,2024-05-19,CUST0194,Canada,P1003,Notebook Set,5,7.01,35.05
INV922044,2024-11-16,CUST0580,France,P1008,Water Bottle,3,11.36,34.08
INV513849,2024-01-31,CUST0359,Usa,P1011,Table Lamp,5,27.18,135.9
INV565890,2023-11-12,CUST0675,Canada,P1011,Table Lamp,4,28.23,112.92
INV920349,2023-01-30,CUST0688,Usa,P1006,Coffee Mug,4,8.01,32.04
INV451414,2023-11-19,CUST0055,Brazil,P1002,Bluetooth Speaker,4,34.17,136.68
INV338528,2024-06-04,CUST0005,Brazil,P1009,Backpack,5,43.96,219.8
INV892140,2024-12-03,CUST0162,Germany,P1009,Backpack,4,46.36,185.44
INV163425,2024-02-14,CUST0136,Canada,P1001,Wireless Mouse,5,15.97,79.85
INV210917,2023-01-01,CUST0505,Uk,P1012,Gaming Headset,3,55.1,165.3
INV276226,2023-09-24,CUST0684,Usa,P1005,Office Chair,5,93.67,468.35
INV607747,2024-06-07,CUST0363,Germany,P1010,Phone Case,5,9.82,49.1
INV747993,2023-12-16,CUST0176,Usa,P1006,Coffee Mug,3,8.36,25.08
INV334699,2024-11-26,CUST0599,Usa,P1015,Winter Jacket,5,115.97,579.85
INV137993,2024-07-24,CUST0332,France,P1013,Sticky Notes Pack,1,4.2,4.2
INV337807,2024-09-21,CUST0460,Uk,P1001,Wireless Mouse,5,15.69,78.45
INV587956,2024-10-17,CUST0692,Canada,P1009,Backpack,1,42.93,42.93
INV990067,2023-01-01,CUST0213,Australia,P1010,Phone Case,1,9.9,9.9
INV874545,2024-11-16,CUST0252,Australia,P1002,Bluetooth Speaker,3,35.61,106.83
INV855406,2023-01-01,CUST0187,India,P1013,Sticky Notes Pack,2,4.19,8.38
INV200225,2024-06-29,CUST0792,Usa,P1010,Phone Case,2,10.11,20.22
INV488079,2024-12-25,CUST0655,Uk,P1015,Winter Jacket,4,125.02,500.08
INV927559,2024-07-19,CUST0188,France,P1006,Coffee Mug,3,8.46,25.38
INV513189,2024-12-01,CUST0664,Uk,P1012,Gaming Headset,2,57.74,115.48
INV384825,2023-01-01,CUST0289,France,P1006,Coffee Mug,4,8.06,32.24
INV621104,2024-10-12,CUST0461,India,P1013,Sticky Notes Pack,2,4.3,8.6
INV544416,2024-03-01,CUST0338,Usa,P1001,Wireless Mouse,5,16.42,82.1
INV113971,2024-02-06,CUST0786,Uk,P1013,Sticky Notes Pack,4,4.3,17.2
INV155548,2024-11-04,CUST0213,Australia,P1006,Coffee Mug,1,8.53,8.53
INV703338,2024-12-20,CUST0548,Brazil,P1010,Phone Case,4,9.62,38.48
INV810104,2024-07-04,CUST0311,Uk,P1008,Water Bottle,2,11.27,22.54
INV150860,2023-11-15,CUST0263,France,P1002,Bluetooth Speaker,4,34.64,138.56
INV383839,2024-11-30,CUST0213,Australia,P1014,Running Shoes,2,65.23,130.46
INV174207,2024-07-11,CUST0293,India,P1003,Notebook Set,3,7.07,21.21
INV394993,2023-01-01,CUST0665,India,P1013,Sticky Notes Pack,4,4.45,17.8
INV797292,2024-12-09,CUST0710,India,P1005,Office Chair,2,91.91,183.82
INV848330,2023-07-17,CUST0400,Uk,P1007,Yoga Mat,1,19.01,19.01
INV351745,2024-09-14,CUST0229,Brazil,P1015,Winter Jacket,5,115.6,578.0
INV775726,2024-05-24,CUST0352,Uk,P1001,Wireless Mouse,2,16.4,32.8
INV962577,2024-12-10,CUST0560,Canada,P1009,Backpack,4,43.65,174.6
INV684425,2024-12-27,CUST0224,Brazil,P1001,Wireless Mouse,5,16.07,80.35
INV684041,2023-07-04,CUST0431,Germany,P1008,Water Bottle,2,11.82,23.64
INV160636,2023-06-08,CUST0692,Canada,P1002,Bluetooth Speaker,2,35.48,70.96
INV903910,2023-01-01,CUST0088,Germany,P1014,Running Shoes,5,68.18,340.9
INV809049,2024-11-14,CUST0479,Germany,P1004,Desk Lamp,3,22.76,68.28
INV389902,2024-02-11,CUST0480,India,P1006,Coffee Mug,4,8.19,32.76
INV208187,2024-08-01,CUST0405,Germany,P1003,Notebook Set,2,6.43,12.86
INV476028,2024-12-04,CUST0441,Usa,P1015,Winter Jacket,5,123.68,618.4
INV429874,2024-11-18,CUST0014,Uk,P1006,Coffee Mug,4,8.65,34.6
INV276869,2024-11-04,CUST0342,Germany,P1010,Phone Case,1,9.92,9.92
INV977029,2024-06-07,CUST0233,Brazil,P1014,Running Shoes,3,67.78,203.34
INV572449,2024-06-20,CUST0514,India,P1012,Gaming Headset,3,52.42,157.26
INV991360,2024-12-24,CUST0454,Canada,P1011,Table Lamp,4,28.75,115.0
INV378004,2024-09-25,CUST0554,Uk,P1008,Water Bottle,4,10.96,43.84
INV972151,2024-08-06,CUST0137,France,P1007,Yoga Mat,3,19.02,57.06
INV328194,2024-08-05,CUST0748,Germany,P1014,Running Shoes,1,63.68,63.68
INV453450,2024-11-21,CUST0004,India,P1007,Yoga Mat,2,20.18,40.36
INV532079,2024-06-29,CUST0251,Germany,P1001,Wireless Mouse,3,16.75,50.25
INV996154,2023-09-26,CUST0432,Australia,P1003,Notebook Set,3,6.98,20.94
INV415927,2024-05-24,CUST0212,India,P1001,Wireless Mouse,5,15.85,79.25
INV775047,2024-03-05,CUST0152,Uk,P1014,Running Shoes,1,65.77,65.77
INV307401,2024-10-03,CUST0126,Brazil,P1010,Phone Case,2,9.65,19.3
INV456327,2023-11-30,CUST0190,Canada,P1002,Bluetooth Speaker,5,34.22,171.1
INV884910,2023-01-01,CUST0252,Australia,P1011,Table Lamp,1,26.42,26.42
INV689527,2023-12-21,CUST0705,Australia,P1005,Office Chair,4,91.23,364.92
INV961557,2023-10-13,CUST0596,Australia,P1012,Gaming Headset,5,53.23,266.15
INV185247,2024-05-23,CUST0438,Brazil,P1001,Wireless Mouse,1,15.79,15.79
INV474963,2024-12-24,CUST0176,Usa,P1008,Water Bottle,2,10.93,21.86
INV598224,2024-07-05,CUST0208,Usa,P1007,Yoga Mat,4,20.04,80.16
INV425046,2024-10-13,CUST0479,Germany,P1015,Winter Jacket,5,115.16,575.8
INV293136,2024-09-06,CUST0556,Brazil,P1007,Yoga Mat,3,19.74,59.22
INV444295,2024-01-02,CUST0390,France,P1012,Gaming Headset,4,55.11,220.44
INV208685,2024-05-20,CUST0446,Canada,P1009,Backpack,1,45.2,45.2
INV188246,2024-09-08,CUST0608,Canada,P1014,Running Shoes,4,66.78,267.12
INV488704,2024-12-06,CUST0537,Uk,P1010,Phone Case,3,10.09,30.27
INV134801,2023-11-03,CUST0225,Germany,P1014,Running Shoes,1,67.39,67.39
INV767111,2024-12-18,CUST0498,Brazil,P1004,Desk Lamp,2,21.69,43.38
INV525159,2024-11-02,CUST0350,France,P1005,Office Chair,3,87.24,261.72
INV717279,2023-01-01,CUST0692,Canada,P1012,Gaming Headset,1,53.98,53.98
INV984364,2023-10-12,CUST0357,Canada,P1007,Yoga Mat,1,20.24,20.24
INV405734,2024-11-24,CUST0637,France,P1010,Phone Case,3,9.72,29.16
INV413526,2024-08-26,CUST0770,Canada,P1002,Bluetooth Speaker,1,34.75,34.75
INV810428,2024-07-18,CUST0605,France,P1001,Wireless Mouse,4,15.81,63.24
INV216625,2024-01-07,CUST0266,Australia,P1001,Wireless Mouse,5,15.93,79.65
INV920349,2023-01-30,CUST0688,Usa,P1007,Yoga Mat,1,20.41,20.41
INV548281,2024-12-20,CUST0289,France,P1008,Water Bottle,1,11.68,11.68
INV280005,2024-11-02,CUST0647,Germany,P1004,Desk Lamp,1,21.39,21.39
INV470259,2024-08-27,CUST0491,Australia,P1012,Gaming Headset,4,56.45,225.8
INV795689,2024-10-19,CUST0648,Usa,P1013,Sticky Notes Pack,3,4.4,13.2
INV855739,2024-04-05,CUST0480,India,P1012,Gaming Headset,4,53.31,213.24
INV897677,2024-12-21,CUST0710,India,P1010,Phone Case,4,9.64,38.56
INV957992,2024-07-11,CUST0519,France,P1007,Yoga Mat,1,20.8,20.8
INV830680,2024-12-12,CUST0775,France,P1015,Winter Jacket,1,123.81,123.81
INV249648,2024-01-13,CUST0103,India,P1013,Sticky Notes Pack,5,4.21,21.05
INV957619,2024-05-29,CUST0307,France,P1003,Notebook Set,4,6.48,25.92
INV138538,2024-11-23,CUST0535,France,P1010,Phone Case,4,10.26,41.04
INV305043,2024-06-30,CUST0311,Uk,P1013,Sticky Notes Pack,5,4.26,21.3
INV833291,2024-08-31,CUST0397,Australia,P1015,Winter Jacket,2,115.12,230.24
INV292074,2023-01-01,CUST0273,India,P1005,Office Chair,3,88.71,266.13
INV525273,2024-07-31,CUST0515,France,P1005,Office Chair,4,91.66,366.64
INV338503,2024-01-27,CUST0694,Germany,P1006,Coffee Mug,1,8.18,8.18
INV795602,2023-09-24,CUST0306,Australia,P1004,Desk Lamp,4,22.34,89.36
INV294763,2024-04-13,CUST0001,Germany,P1002,Bluetooth Speaker,1,34.49,34.49
INV692419,2024-10-03,CUST0511,India,P1002,Bluetooth Speaker,5,35.22,176.1
INV752639,2024-08-04,CUST0681,Germany,P1005,Office Chair,1,93.57,93.57
INV463374,2024-08-01,CUST0236,Australia,P1001,Wireless Mouse,3,15.23,45.69
INV457300,2024-07-22,CUST0355,France,P1015,Winter Jacket,2,118.85,237.7
INV113415,2024-02-26,CUST0161,Germany,P1009,Backpack,5,46.65,233.25
INV244162,2024-10-21,CUST0214,Australia,P1007,Yoga Mat,5,20.13,100.65
INV924976,2024-01-07,CUST0649,Uk,P1008,Water Bottle,3,11.71,35.13
INV695942,2023-01-01,CUST0001,Germany,P1010,Phone Case,2,9.84,19.68
INV301134,2024-09-25,CUST0711,Canada,P1015,Winter Jacket,1,116.31,116.31
INV645441,2024-10-15,CUST0513,Canada,P1007,Yoga Mat,4,20.44,81.76
INV468785,2024-03-14,CUST0333,Canada,P1004,Desk Lamp,1,22.41,22.41
INV314244,2024-08-20,CUST0776,Germany,P1003,Notebook Set,2,6.65,13.3
INV387974,2024-06-19,CUST0220,Brazil,P1012,Gaming Headset,3,54.24,162.72
INV463901,2024-01-14,CUST0302,Usa,P1007,Yoga Mat,5,20.87,104.35
INV284364,2024-12-03,CUST0071,Germany,P1013,Sticky Notes Pack,4,4.22,16.88
INV806626,2024-11-12,CUST0136,Canada,P1001,Wireless Mouse,3,15.25,45.75
INV284364,2024-12-03,CUST0071,Germany,P1006,Coffee Mug,1,8.42,8.42
INV277341,2024-07-24,CUST0080,Uk,P1003,Notebook Set,5,6.98,34.9
INV506070,2024-06-26,CUST0213,Australia,P1007,Yoga Mat,3,19.05,57.15
INV734200,2023-11-18,CUST0245,Germany,P1005,Office Chair,4,88.11,352.44
INV314209,2024-11-25,CUST0709,France,P1008,Water Bottle,4,10.93,43.72
INV980392,2023-09-25,CUST0498,Brazil,P1011,Table Lamp,2,26.57,53.14
INV987401,2024-08-12,CUST0188,France,P1014,Running Shoes,3,66.65,199.95
INV442308,2023-01-01,CUST0661,India,P1007,Yoga Mat,2,20.1,40.2
INV680100,2024-11-29,CUST0076,India,P1005,Office Chair,4,91.98,367.92
INV925925,2024-12-17,CUST0716,Uk,P1014,Running Shoes,2,64.72,129.44
INV315947,2024-07-02,CUST0612,Germany,P1011,Table Lamp,3,27.62,82.86
INV692845,2024-10-07,CUST0482,India,P1015,Winter Jacket,2,119.03,238.06
INV442929,2023-12-19,CUST0582,Canada,P1013,Sticky Notes Pack,3,4.41,13.23
INV723366,2024-05-19,CUST0190,Canada,P1005,Office Chair,2,85.83,171.66
INV143297,2024-07-08,CUST0374,Canada,P1008,Water Bottle,3,11.84,35.52
INV392023,2024-07-28,CUST0760,France,P1007,Yoga Mat,5,20.6,103.0
INV224865,2024-11-23,CUST0407,Australia,P1005,Office Chair,4,92.65,370.6
INV151193,2024-02-05,CUST0755,Uk,P1006,Coffee Mug,3,7.93,23.79
INV105423,2024-02-21,CUST0482,India,P1012,Gaming Headset,2,57.56,115.12
INV979807,2023-08-17,CUST0637,France,P1013,Sticky Notes Pack,2,4.36,8.72
INV537861,2024-11-06,CUST0561,Canada,P1012,Gaming Headset,1,56.94,56.94
INV960747,2023-08-20,CUST0371,Australia,P1014,Running Shoes,3,67.83,203.49
INV598216,2024-09-12,CUST0061,Usa,P1014,Running Shoes,5,62.27,311.35
INV656567,2024-11-21,CUST0505,Uk,P1009,Backpack,1,43.38,43.38
INV695456,2024-03-13,CUST0121,Canada,P1015,Winter Jacket,1,123.88,123.88
INV950141,2024-10-14,CUST0273,India,P1012,Gaming Headset,3,56.63,169.89
INV240512,2024-09-18,CUST0065,Usa,P1012,Gaming Headset,5,54.84,274.2
INV243114,2024-08-25,CUST0709,France,P1005,Office Chair,1,87.77,87.77
INV834781,2023-07-09,CUST0287,Brazil,P1003,Notebook Set,5,6.6,33.0
INV388527,2023-01-01,CUST0274,Germany,P1012,Gaming Headset,3,56.03,168.09
INV868168,2024-06-24,CUST0661,India,P1014,Running Shoes,1,65.54,65.54
INV527277,2024-12-19,CUST0533,Usa,P1008,Water Bottle,3,11.87,35.61
INV416897,2023-01-01,CUST0590,Brazil,P1005,Office Chair,2,85.74,171.48
INV230493,2024-12-10,CUST0107,France,P1011,Table Lamp,5,27.35,136.75
INV504444,2023-12-09,CUST0298,Canada,P1014,Running Shoes,2,64.21,128.42
INV876220,2023-01-01,CUST0632,France,P1007,Yoga Mat,1,20.67,20.67
INV416067,2023-01-01,CUST0117,Germany,P1009,Backpack,4,46.53,186.12
INV674902,2024-10-20,CUST0175,Canada,P1005,Office Chair,5,91.11,455.55
INV657476,2024-11-10,CUST0273,India,P1007,Yoga Mat,2,19.67,39.34
INV428119,2024-11-08,CUST0338,Usa,P1010,Phone Case,4,10.2,40.8
INV225061,2024-05-10,CUST0787,Uk,P1009,Backpack,3,42.97,128.91
INV656484,2024-02-01,CUST0792,Usa,P1008,Water Bottle,1,11.15,11.15
INV834989,2024-08-18,CUST0488,Brazil,P1010,Phone Case,5,9.63,48.15
INV431312,2024-12-14,CUST0153,India,P1005,Office Chair,3,89.44,268.32
INV872268,2023-01-01,CUST0493,Canada,P1008,Water Bottle,5,11.24,56.2
INV245090,2024-09-16,CUST0187,India,P1007,Yoga Mat,3,19.12,57.36
INV918457,2024-06-18,CUST0773,France,P1002,Bluetooth Speaker,1,35.32,35.32
INV791258,2024-08-27,CUST0333,Canada,P1014,Running Shoes,1,64.09,64.09
INV982173,2024-02-23,CUST0139,India,P1003,Notebook Set,4,6.68,26.72
INV556340,2024-11-12,CUST0778,Uk,P1010,Phone Case,5,10.05,50.25
INV133316,2024-07-28,CUST0282,Canada,P1014,Running Shoes,3,62.93,188.79
INV802448,2024-11-23,CUST0207,Usa,P1014,Running Shoes,1,63.19,63.19
INV945757,2024-09-10,CUST0692,Canada,P1008,Water Bottle,1,11.4,11.4
INV566751,2024-10-16,CUST0494,Germany,P1009,Backpack,2,46.54,93.08
INV518775,2023-10-07,CUST0348,Australia,P1002,Bluetooth Speaker,1,33.53,33.53
INV816437,2024-09-23,CUST0362,Brazil,P1004,Desk Lamp,5,21.65,108.25
INV465366,2024-04-03,CUST0587,Canada,P1006,Coffee Mug,5,8.39,41.95
INV213797,2024-12-13,CUST0192,Canada,P1014,Running Shoes,1,65.46,65.46
INV588472,2024-11-27,CUST0713,India,P1014,Running Shoes,4,65.47,261.88
INV862293,2023-06-17,CUST0198,Uk,P1002,Bluetooth Speaker,3,34.85,104.55
INV931121,2024-03-19,CUST0245,Germany,P1006,Coffee Mug,5,8.28,41.4
INV675106,2024-11-16,CUST0204,Australia,P1008,Water Bottle,3,11.63,34.89
INV451415,2024-08-28,CUST0056,Australia,P1007,Yoga Mat,3,19.79,59.37
INV542440,2024-04-07,CUST0266,Australia,P1009,Backpack,5,45.17,225.85
INV653777,2023-11-27,CUST0507,Brazil,P1013,Sticky Notes Pack,5,4.08,20.4
INV126098,2023-12-06,CUST0596,Australia,P1011,Table Lamp,1,27.51,27.51
INV738879,2024-05-09,CUST0182,Brazil,P1012,Gaming Headset,2,54.47,108.94
INV133860,2023-11-22,CUST0524,France,P1015,Winter Jacket,1,123.34,123.34
INV937222,2023-01-01,CUST0631,France,P1014,Running Shoes,5,65.66,328.3
INV538271,2024-09-10,CUST0152,Uk,P1003,Notebook Set,4,6.7,26.8
INV919131,2024-09-22,CUST0611,India,P1011,Table Lamp,4,26.57,106.28
INV547898,2024-05-03,CUST0657,Uk,P1009,Backpack,1,43.85,43.85
INV277444,2024-07-30,CUST0689,Usa,P1013,Sticky Notes Pack,4,4.3,17.2
INV591642,2024-07-01,CUST0785,India,P1014,Running Shoes,4,63.34,253.36
INV483028,2024-10-31,CUST0685,Germany,P1007,Yoga Mat,5,20.54,102.7
INV952338,2024-05-31,CUST0795,Australia,P1006,Coffee Mug,3,8.6,25.8
INV842064,2024-09-15,CUST0203,Australia,P1013,Sticky Notes Pack,4,4.04,16.16
INV557530,2024-12-05,CUST0176,Usa,P1011,Table Lamp,4,28.5,114.0
INV163810,2024-08-15,CUST0703,Canada,P1010,Phone Case,1,9.78,9.78
INV835811,2024-12-01,CUST0732,Germany,P1011,Table Lamp,5,26.61,133.05
INV200631,2024-10-04,CUST0720,Germany,P1003,Notebook Set,4,6.56,26.24
INV141506,2024-12-15,CUST0004,India,P1002,Bluetooth Speaker,5,35.84,179.2
INV718755,2024-10-11,CUST0717,Brazil,P1003,Notebook Set,4,6.7,26.8
INV988635,2024-05-30,CUST0752,India,P1009,Backpack,4,46.13,184.52
INV997957,2024-09-08,CUST0589,Usa,P1003,Notebook Set,5,6.47,32.35
INV903910,2023-01-01,CUST0088,Germany,P1009,Backpack,2,46.45,92.9
INV476196,2024-09-02,CUST0153,India,P1012,Gaming Headset,1,53.92,53.92
INV227338,2024-11-28,CUST0210,Usa,P1010,Phone Case,1,10.33,10.33
INV275549,2023-12-27,CUST0740,Brazil,P1005,Office Chair,3,89.91,269.73
INV342080,2024-12-03,CUST0353,Canada,P1007,Yoga Mat,1,20.74,20.74
INV771757,2023-07-31,CUST0261,India,P1002,Bluetooth Speaker,3,34.16,102.48
INV478810,2024-09-25,CUST0299,Germany,P1011,Table Lamp,5,26.63,133.15
INV353441,2023-06-17,CUST0214,Australia,P1003,Notebook Set,4,6.96,27.84
INV937222,2023-01-01,CUST0631,France,P1010,Phone Case,1,9.86,9.86
INV287273,2024-10-13,CUST0773,France,P1011,Table Lamp,3,28.83,86.49
INV184426,2024-07-03,CUST0541,Usa,P1014,Running Shoes,2,67.5,135.0
INV704156,2023-09-11,CUST0351,Australia,P1011,Table Lamp,5,28.77,143.85
INV171007,2024-06-03,CUST0110,Uk,P1008,Water Bottle,5,11.91,59.55
INV567213,2024-07-24,CUST0017,France,P1010,Phone Case,3,10.24,30.72
INV155167,2023-11-03,CUST0723,Australia,P1004,Desk Lamp,3,22.25,66.75
INV745729,2024-01-15,CUST0713,India,P1011,Table Lamp,4,28.56,114.24
INV171447,2024-12-13,CUST0570,Brazil,P1009,Backpack,1,43.1,43.1
INV691898,2024-08-11,CUST0055,Brazil,P1014,Running Shoes,4,65.24,260.96
INV781792,2024-12-08,CUST0670,Brazil,P1015,Winter Jacket,3,117.25,351.75
INV984964,2024-09-05,CUST0100,Usa,P1012,Gaming Headset,5,55.12,275.6
INV845880,2024-11-16,CUST0076,India,P1012,Gaming Headset,5,55.49,277.45
INV994198,2024-10-19,CUST0382,Germany,P1006,Coffee Mug,3,8.49,25.47
INV166900,2023-06-05,CUST0413,Germany,P1010,Phone Case,1,10.09,10.09
INV136005,2024-12-01,CUST0556,Brazil,P1012,Gaming Headset,2,54.94,109.88
INV501775,2024-11-28,CUST0694,Germany,P1011,Table Lamp,3,27.46,82.38
INV458106,2024-07-16,CUST0795,Australia,P1010,Phone Case,2,10.05,20.1
INV915157,2023-09-09,CUST0687,France,P1001,Wireless Mouse,4,16.21,64.84
INV202562,2024-11-05,CUST0482,India,P1002,Bluetooth Speaker,2,34.77,69.54
INV247869,2023-01-01,CUST0603,Canada,P1013,Sticky Notes Pack,5,4.16,20.8
INV772572,2024-10-09,CUST0498,Brazil,P1011,Table Lamp,3,27.62,82.86
INV403539,2023-01-01,CUST0177,France,P1002,Bluetooth Speaker,3,36.19,108.57
INV865192,2024-03-30,CUST0225,Germany,P1007,Yoga Mat,3,20.9,62.7
INV709139,2024-05-24,CUST0346,Canada,P1015,Winter Jacket,3,121.86,365.58
INV161431,2023-05-22,CUST0458,France,P1011,Table Lamp,1,27.52,27.52
INV894357,2024-09-04,CUST0034,Canada,P1002,Bluetooth Speaker,4,33.85,135.4
INV241182,2024-07-09,CUST0442,Usa,P1005,Office Chair,3,91.62,274.86
INV799540,2024-12-03,CUST0436,Brazil,P1004,Desk Lamp,2,22.8,45.6
INV847176,2023-01-01,CUST0552,Germany,P1004,Desk Lamp,2,21.38,42.76
INV279834,2023-10-19,CUST0066,Brazil,P1003,Notebook Set,2,6.65,13.3
INV948595,2024-06-12,CUST0259,Usa,P1014,Running Shoes,1,64.11,64.11
INV287045,2024-04-25,CUST0771,Brazil,P1005,Office Chair,1,85.62,85.62
INV449236,2024-07-19,CUST0120,France,P1008,Water Bottle,5,11.12,55.6
INV828833,2024-07-30,CUST0021,Brazil,P1002,Bluetooth Speaker,4,33.7,134.8
INV621010,2023-07-17,CUST0717,Brazil,P1010,Phone Case,5,10.06,50.3
INV506927,2024-09-17,CUST0548,Brazil,P1009,Backpack,5,46.23,231.15
INV238341,2024-12-29,CUST0011,Usa,P1010,Phone Case,3,9.93,29.79
INV614253,2023-01-01,CUST0694,Germany,P1011,Table Lamp,5,26.82,134.1
INV367797,2024-04-29,CUST0331,Uk,P1007,Yoga Mat,1,20.44,20.44
INV656242,2024-03-10,CUST0250,Uk,P1005,Office Chair,4,86.23,344.92
INV634753,2023-07-28,CUST0657,Uk,P1012,Gaming Headset,3,54.44,163.32
INV647701,2024-10-05,CUST0264,France,P1008,Water Bottle,3,11.95,35.85
INV681849,2023-10-29,CUST0406,France,P1013,Sticky Notes Pack,1,4.1,4.1
INV174457,2024-12-22,CUST0394,Canada,P1007,Yoga Mat,3,20.76,62.28
INV841495,2024-12-07,CUST0679,Uk,P1011,Table Lamp,2,26.43,52.86
INV647701,2024-10-05,CUST0264,France,P1008,Water Bottle,1,11.85,11.85
INV553571,2024-11-09,CUST0566,Usa,P1003,Notebook Set,3,7.0,21.0
INV657107,2024-11-16,CUST0688,Usa,P1007,Yoga Mat,5,19.55,97.75
INV164080,2024-03-23,CUST0630,India,P1012,Gaming Headset,2,53.03,106.06
INV214426,2024-06-28,CUST0170,Uk,P1011,Table Lamp,2,26.74,53.48
INV100954,2023-08-17,CUST0165,Usa,P1003,Notebook Set,5,6.95,34.75
INV273223,2024-12-18,CUST0596,Australia,P1001,Wireless Mouse,4,16.5,66.0
INV540176,2024-11-05,CUST0333,Canada,P1008,Water Bottle,5,10.93,54.65
INV550062,2024-11-20,CUST0688,Usa,P1002,Bluetooth Speaker,4,33.92,135.68
INV542717,2024-10-29,CUST0457,Uk,P1005,Office Chair,5,87.39,436.95
INV452589,2024-06-11,CUST0465,India,P1012,Gaming Headset,4,56.53,226.12
INV734424,2024-12-29,CUST0244,Uk,P1010,Phone Case,5,10.12,50.6
INV967450,2024-09-03,CUST0418,Brazil,P1002,Bluetooth Speaker,1,34.91,34.91
INV944942,2024-04-04,CUST0213,Australia,P1001,Wireless Mouse,1,16.47,16.47
INV224550,2024-03-11,CUST0732,Germany,P1007,Yoga Mat,5,19.53,97.65
INV669426,2024-04-28,CUST0100,Usa,P1013,Sticky Notes Pack,1,4.28,4.28
INV169994,2024-12-12,CUST0623,India,P1010,Phone Case,3,10.12,30.36
INV632108,2024-05-26,CUST0304,France,P1007,Yoga Mat,5,19.78,98.9
INV635873,2024-08-20,CUST0511,India,P1013,Sticky Notes Pack,4,4.46,17.84
INV436699,2024-09-02,CUST0196,Uk,P1012,Gaming Headset,4,55.06,220.24
INV564084,2024-11-24,CUST0348,Australia,P1015,Winter Jacket,2,119.62,239.24
INV710214,2024-01-03,CUST0728,Uk,P1005,Office Chair,2,87.36,174.72
INV186647,2024-11-04,CUST0240,France,P1011,Table Lamp,2,26.49,52.98
INV762563,2024-11-07,CUST0497,Brazil,P1012,Gaming Headset,5,54.34,271.7
INV276156,2024-11-21,CUST0241,India,P1004,Desk Lamp,1,22.01,22.01
INV747447,2023-08-02,CUST0479,Germany,P1003,Notebook Set,1,6.95,6.95
INV431782,2024-11-21,CUST0541,Usa,P1012,Gaming Headset,4,54.59,218.36
INV215742,2024-12-06,CUST0075,Canada,P1013,Sticky Notes Pack,3,4.43,13.29
INV497352,2024-12-26,CUST0238,Germany,P1013,Sticky Notes Pack,2,4.26,8.52
INV202899,2024-03-25,CUST0213,Australia,P1002,Bluetooth Speaker,2,34.93,69.86
INV614873,2024-12-24,CUST0429,Germany,P1014,Running Shoes,2,66.54,133.08
INV261395,2023-01-01,CUST0349,France,P1010,Phone Case,5,9.83,49.15
INV182845,2024-03-21,CUST0637,France,P1007,Yoga Mat,4,19.92,79.68
INV672655,2024-06-18,CUST0669,India,P1005,Office Chair,2,86.16,172.32
INV234056,2024-07-26,CUST0405,Germany,P1009,Backpack,4,45.09,180.36
INV987579,2024-03-06,CUST0771,Brazil,P1001,Wireless Mouse,1,16.16,16.16
INV682078,2023-01-01,CUST0740,Brazil,P1009,Backpack,1,42.94,42.94
INV101657,2023-10-01,CUST0413,Germany,P1006,Coffee Mug,4,8.55,34.2
INV544416,2024-03-01,CUST0338,Usa,P1005,Office Chair,3,85.53,256.59
INV859998,2024-04-05,CUST0325,India,P1004,Desk Lamp,1,22.99,22.99
INV595350,2024-06-15,CUST0657,Uk,P1002,Bluetooth Speaker,5,35.85,179.25
INV675892,2024-06-22,CUST0579,Brazil,P1005,Office Chair,3,93.15,279.45
INV239617,2024-03-26,CUST0761,Brazil,P1014,Running Shoes,3,63.4,190.2
INV290118,2024-09-11,CUST0331,Uk,P1001,Wireless Mouse,4,15.95,63.8
INV868306,2023-01-01,CUST0207,Usa,P1005,Office Chair,2,90.92,181.84
INV889019,2024-02-08,CUST0742,India,P1007,Yoga Mat,2,19.13,38.26
INV607822,2024-11-14,CUST0226,Brazil,P1014,Running Shoes,3,62.19,186.57
INV282736,2024-12-15,CUST0621,Usa,P1010,Phone Case,5,10.48,52.4
INV648467,2024-10-05,CUST0252,Australia,P1014,Running Shoes,4,65.36,261.44
INV200567,2024-09-26,CUST0349,France,P1013,Sticky Notes Pack,5,4.06,20.3
INV311111,2024-08-16,CUST0725,Uk,P1002,Bluetooth Speaker,3,36.21,108.63
INV427596,2024-08-14,CUST0028,Germany,P1006,Coffee Mug,2,8.23,16.46
INV220334,2023-01-01,CUST0405,Germany,P1002,Bluetooth Speaker,3,33.89,101.67
INV874941,2024-12-15,CUST0587,Canada,P1005,Office Chair,4,86.35,345.4
INV540727,2024-08-05,CUST0147,Germany,P1001,Wireless Mouse,2,15.77,31.54
INV900394,2024-10-01,CUST0608,Canada,P1001,Wireless Mouse,3,15.76,47.28
INV938446,2024-08-18,CUST0014,Uk,P1008,Water Bottle,1,11.32,11.32
INV890538,2024-07-19,CUST0572,Germany,P1005,Office Chair,3,92.48,277.44
INV950141,2024-10-14,CUST0273,India,P1001,Wireless Mouse,3,15.56,46.68
INV839051,2024-12-05,CUST0345,France,P1006,Coffee Mug,4,7.99,31.96
INV795018,2023-11-14,CUST0670,Brazil,P1015,Winter Jacket,5,118.23,591.15
INV434693,2024-11-05,CUST0545,Canada,P1006,Coffee Mug,2,8.28,16.56
INV719097,2023-10-18,CUST0022,Usa,P1003,Notebook Set,2,6.81,13.62
INV832482,2024-11-23,CUST0596,Australia,P1004,Desk Lamp,3,21.79,65.37
INV768401,2024-09-07,CUST0176,Usa,P1004,Desk Lamp,5,22.94,114.7
INV530732,2024-07-22,CUST0579,Brazil,P1011,Table Lamp,3,27.91,83.73
INV416638,2024-07-28,CUST0571,Canada,P1010,Phone Case,3,9.74,29.22
INV986338,2024-07-06,CUST0535,France,P1010,Phone Case,3,10.08,30.24
INV348167,2023-01-01,CUST0096,Uk,P1014,Running Shoes,1,65.27,65.27
INV735396,2024-07-01,CUST0785,India,P1014,Running Shoes,1,65.14,65.14
INV917671,2024-11-02,CUST0481,Usa,P1014,Running Shoes,5,67.36,336.8
INV466081,2024-12-17,CUST0546,Australia,P1006,Coffee Mug,2,8.08,16.16
INV730922,2024-03-16,CUST0474,Usa,P1015,Winter Jacket,5,123.86,619.3
INV648948,2024-09-22,CUST0677,France,P1007,Yoga Mat,2,20.07,40.14
INV981483,2024-02-22,CUST0670,Brazil,P1010,Phone Case,4,9.66,38.64
INV712606,2023-08-28,CUST0200,Usa,P1008,Water Bottle,4,11.1,44.4
INV868645,2024-12-19,CUST0694,Germany,P1011,Table Lamp,1,28.87,28.87
INV995110,2024-06-07,CUST0675,Canada,P1001,Wireless Mouse,3,16.07,48.21
INV176058,2024-08-12,CUST0046,Uk,P1001,Wireless Mouse,1,15.77,15.77
INV120342,2024-11-02,CUST0800,France,P1015,Winter Jacket,2,125.17,250.34
INV862691,2024-11-03,CUST0004,India,P1015,Winter Jacket,4,114.14,456.56
INV594381,2024-09-17,CUST0590,Brazil,P1014,Running Shoes,4,68.19,272.76
INV800121,2024-07-01,CUST0595,Usa,P1008,Water Bottle,3,11.74,35.22
INV883607,2024-08-10,CUST0378,India,P1010,Phone Case,2,9.52,19.04
INV557311,2024-09-24,CUST0799,Australia,P1009,Backpack,5,44.41,222.05
INV789391,2024-09-20,CUST0514,India,P1003,Notebook Set,2,6.92,13.84
INV379432,2024-08-09,CUST0697,France,P1007,Yoga Mat,3,20.3,60.9
INV688908,2024-10-22,CUST0472,Brazil,P1014,Running Shoes,5,64.96,324.8
INV532238,2024-11-08,CUST0748,Germany,P1003,Notebook Set,5,6.5,32.5
INV393845,2024-08-25,CUST0652,Uk,P1014,Running Shoes,4,61.9,247.6
INV944942,2024-04-04,CUST0213,Australia,P1003,Notebook Set,3,6.65,19.95
INV541616,2024-11-28,CUST0533,Usa,P1009,Backpack,5,44.97,224.85
INV117230,2023-03-16,CUST0493,Canada,P1013,Sticky Notes Pack,5,4.12,20.6
INV657045,2023-10-19,CUST0208,Usa,P1013,Sticky Notes Pack,5,4.23,21.15
INV436699,2024-09-02,CUST0196,Uk,P1010,Phone Case,3,10.06,30.18
INV701884,2023-09-20,CUST0571,Canada,P1015,Winter Jacket,5,118.11,590.55
INV272298,2024-07-29,CUST0012,Canada,P1009,Backpack,3,45.1,135.3
INV610778,2024-12-01,CUST0447,Brazil,P1006,Coffee Mug,3,8.0,24.0
INV640801,2023-01-01,CUST0350,France,P1012,Gaming Headset,5,54.65,273.25
INV796807,2024-03-15,CUST0120,France,P1015,Winter Jacket,3,120.19,360.57
INV362404,2024-12-11,CUST0407,Australia,P1006,Coffee Mug,3,7.91,23.73
INV909164,2024-04-07,CUST0199,Brazil,P1003,Notebook Set,2,6.8,13.6
INV786125,2024-01-03,CUST0614,Brazil,P1015,Winter Jacket,5,120.09,600.45
INV809049,2024-11-14,CUST0479,Germany,P1011,Table Lamp,1,27.42,27.42
INV442929,2023-12-19,CUST0582,Canada,P1011,Table Lamp,4,27.71,110.84
INV330401,2023-06-03,CUST0103,India,P1009,Backpack,5,47.23,236.15
INV276527,2024-10-08,CUST0586,France,P1005,Office Chair,2,92.38,184.76
INV874941,2024-12-15,CUST0587,Canada,P1006,Coffee Mug,1,8.38,8.38
INV933942,2024-08-12,CUST0622,France,P1004,Desk Lamp,5,21.1,105.5
INV225514,2023-07-08,CUST0129,India,P1015,Winter Jacket,1,118.48,118.48
INV749082,2024-06-22,CUST0682,Usa,P1014,Running Shoes,2,63.43,126.86
INV133400,2024-08-21,CUST0098,Australia,P1009,Backpack,5,43.27,216.35
INV258156,2024-12-11,CUST0407,Australia,P1004,Desk Lamp,3,22.42,67.26
INV251074,2024-01-13,CUST0231,France,P1008,Water Bottle,4,11.27,45.08
INV502120,2024-11-10,CUST0412,India,P1001,Wireless Mouse,1,15.67,15.67
INV945029,2024-11-03,CUST0679,Uk,P1005,Office Chair,3,89.37,268.11
INV578137,2024-12-08,CUST0103,India,P1001,Wireless Mouse,1,15.77,15.77
INV377825,2024-09-10,CUST0333,Canada,P1014,Running Shoes,1,67.44,67.44
INV183633,2023-05-29,CUST0512,Canada,P1003,Notebook Set,1,6.6,6.6
INV797492,2023-10-12,CUST0433,Usa,P1009,Backpack,1,44.41,44.41
INV764868,2024-11-08,CUST0124,Australia,P1010,Phone Case,5,9.62,48.1
INV465731,2024-12-24,CUST0646,Usa,P1009,Backpack,5,47.15,235.75
INV381535,2024-08-28,CUST0798,Germany,P1010,Phone Case,4,10.02,40.08
INV940191,2023-10-07,CUST0507,Brazil,P1012,Gaming Headset,1,56.32,56.32
INV903845,2024-10-25,CUST0025,Uk,P1009,Backpack,4,47.22,188.88
INV609555,2023-03-13,CUST0419,India,P1006,Coffee Mug,2,8.09,16.18
INV148439,2024-08-27,CUST0320,Canada,P1010,Phone Case,3,9.68,29.04
INV338591,2024-06-10,CUST0585,Brazil,P1002,Bluetooth Speaker,4,33.65,134.6
INV889121,2023-01-01,CUST0153,India,P1011,Table Lamp,2,26.92,53.84
INV931036,2024-06-11,CUST0344,Uk,P1008,Water Bottle,3,11.62,34.86
INV674161,2024-12-20,CUST0616,Canada,P1002,Bluetooth Speaker,4,36.13,144.52
INV750758,2024-09-04,CUST0700,India,P1007,Yoga Mat,4,20.29,81.16
INV733965,2024-07-25,CUST0315,Germany,P1010,Phone Case,3,10.01,30.03
INV966563,2023-11-06,CUST0401,France,P1007,Yoga Mat,2,19.24,38.48
INV333003,2024-07-13,CUST0636,Australia,P1002,Bluetooth Speaker,5,35.94,179.7
INV891090,2024-09-24,CUST0609,Australia,P1009,Backpack,5,43.75,218.75
INV857215,2023-01-01,CUST0665,India,P1010,Phone Case,3,10.31,30.93
INV160547,2024-11-13,CUST0597,France,P1009,Backpack,5,46.62,233.1
INV518552,2024-09-24,CUST0006,France,P1012,Gaming Headset,4,53.1,212.4
INV119241,2024-01-17,CUST0150,Germany,P1001,Wireless Mouse,5,15.94,79.7
INV131534,2024-05-03,CUST0228,France,P1009,Backpack,4,43.49,173.96
INV933556,2023-12-11,CUST0505,Uk,P1002,Bluetooth Speaker,4,34.07,136.28
INV882690,2023-01-01,CUST0699,Germany,P1012,Gaming Headset,5,57.74,288.7
INV132020,2024-09-08,CUST0536,France,P1005,Office Chair,1,93.0,93.0
INV132474,2023-06-08,CUST0495,Canada,P1013,Sticky Notes Pack,5,4.43,22.15
INV817634,2023-01-01,CUST0103,India,P1002,Bluetooth Speaker,3,33.98,101.94
INV483906,2024-07-08,CUST0013,Australia,P1014,Running Shoes,4,62.18,248.72
INV872895,2023-01-01,CUST0004,India,P1007,Yoga Mat,5,20.05,100.25
INV599495,2024-12-20,CUST0289,France,P1003,Notebook Set,5,6.77,33.85
INV316722,2023-08-03,CUST0414,Australia,P1008,Water Bottle,1,11.34,11.34
INV295103,2024-08-11,CUST0738,Canada,P1010,Phone Case,4,10.34,41.36
INV816238,2023-11-14,CUST0594,Germany,P1012,Gaming Headset,2,54.1,108.2
INV749913,2024-10-12,CUST0248,Australia,P1015,Winter Jacket,5,121.9,609.5
INV608781,2024-06-30,CUST0245,Germany,P1002,Bluetooth Speaker,5,35.1,175.5
INV688603,2024-09-05,CUST0176,Usa,P1005,Office Chair,4,89.27,357.08
INV103507,2024-04-01,CUST0357,Canada,P1006,Coffee Mug,5,8.39,41.95
INV442810,2023-10-28,CUST0366,India,P1002,Bluetooth Speaker,4,34.79,139.16
INV741991,2023-04-11,CUST0034,Canada,P1009,Backpack,2,43.73,87.46
INV100770,2023-01-01,CUST0622,France,P1015,Winter Jacket,5,124.22,621.1
INV219679,2023-01-01,CUST0098,Australia,P1013,Sticky Notes Pack,1,4.06,4.06
INV448980,2023-02-05,CUST0310,Usa,P1009,Backpack,1,43.21,43.21
INV922336,2024-11-22,CUST0072,Germany,P1015,Winter Jacket,4,114.11,456.44
INV133082,2024-06-14,CUST0491,Australia,P1009,Backpack,4,47.14,188.56
INV959249,2023-01-01,CUST0580,France,P1011,Table Lamp,1,27.73,27.73
INV304558,2023-01-01,CUST0190,Canada,P1014,Running Shoes,5,66.92,334.6
INV703132,2023-08-01,CUST0545,Canada,P1011,Table Lamp,1,27.43,27.43
INV500225,2024-12-02,CUST0289,France,P1001,Wireless Mouse,5,15.98,79.9
INV304531,2024-02-17,CUST0082,Australia,P1005,Office Chair,4,86.39,345.56
INV627125,2023-06-20,CUST0063,Germany,P1001,Wireless Mouse,5,15.93,79.65
INV100834,2023-01-01,CUST0632,France,P1003,Notebook Set,1,6.87,6.87
INV106863,2024-09-14,CUST0259,Usa,P1002,Bluetooth Speaker,3,34.32,102.96
INV635634,2023-01-01,CUST0333,Canada,P1012,Gaming Headset,3,53.78,161.34
INV287045,2024-04-25,CUST0771,Brazil,P1006,Coffee Mug,2,8.12,16.24
INV303701,2024-10-13,CUST0392,Germany,P1010,Phone Case,4,10.41,41.64
INV753261,2024-08-31,CUST0319,Brazil,P1009,Backpack,3,47.17,141.51
INV645441,2024-10-15,CUST0513,Canada,P1005,Office Chair,2,86.27,172.54
INV383340,2024-02-23,CUST0441,Usa,P1015,Winter Jacket,1,120.48,120.48
INV159985,2024-04-26,CUST0736,Uk,P1012,Gaming Headset,4,55.48,221.92
INV148487,2024-05-31,CUST0270,Australia,P1003,Notebook Set,2,7.08,14.16
INV981483,2024-02-22,CUST0670,Brazil,P1014,Running Shoes,2,63.93,127.86
INV379269,2023-10-17,CUST0518,Germany,P1008,Water Bottle,2,11.16,22.32
INV814903,2023-01-01,CUST0238,Germany,P1014,Running Shoes,3,65.48,196.44
INV191131,2024-11-21,CUST0006,France,P1013,Sticky Notes Pack,2,4.26,8.52
INV325602,2023-03-27,CUST0034,Canada,P1005,Office Chair,1,88.23,88.23
INV398295,2024-10-20,CUST0045,Uk,P1004,Desk Lamp,1,21.07,21.07
INV317388,2024-07-10,CUST0683,Canada,P1004,Desk Lamp,2,22.96,45.92
INV571032,2023-03-13,CUST0599,Usa,P1011,Table Lamp,4,27.09,108.36
INV211672,2023-03-19,CUST0238,Germany,P1013,Sticky Notes Pack,3,4.31,12.93
INV656080,2024-08-26,CUST0692,Canada,P1008,Water Bottle,4,11.31,45.24
INV373397,2024-11-28,CUST0001,Germany,P1015,Winter Jacket,1,114.08,114.08
INV357003,2023-04-03,CUST0225,Germany,P1004,Desk Lamp,3,22.0,66.0
INV685450,2024-12-15,CUST0153,India,P1015,Winter Jacket,2,115.12,230.24
INV566613,2024-12-16,CUST0064,Brazil,P1003,Notebook Set,5,6.96,34.8
INV962845,2024-09-07,CUST0652,Uk,P1004,Desk Lamp,5,21.55,107.75
INV878174,2023-08-02,CUST0575,India,P1013,Sticky Notes Pack,1,4.2,4.2
INV226852,2023-01-01,CUST0260,Canada,P1007,Yoga Mat,1,20.51,20.51
INV522659,2024-10-01,CUST0460,Uk,P1015,Winter Jacket,2,123.61,247.22
INV506051,2024-07-03,CUST0665,India,P1009,Backpack,5,44.72,223.6
INV998472,2024-11-20,CUST0709,France,P1006,Coffee Mug,3,8.24,24.72
INV340236,2023-01-01,CUST0717,Brazil,P1015,Winter Jacket,2,116.7,233.4
INV735040,2024-11-14,CUST0289,France,P1001,Wireless Mouse,5,15.35,76.75
INV331879,2023-01-01,CUST0153,India,P1013,Sticky Notes Pack,2,4.05,8.1
INV396773,2024-08-05,CUST0633,Uk,P1012,Gaming Headset,3,55.06,165.18
INV941523,2023-01-01,CUST0760,France,P1014,Running Shoes,4,66.15,264.6
INV431853,2024-08-05,CUST0383,Australia,P1013,Sticky Notes Pack,2,4.32,8.64
INV660640,2024-07-26,CUST0346,Canada,P1002,Bluetooth Speaker,2,33.64,67.28
INV893446,2024-10-13,CUST0180,India,P1004,Desk Lamp,2,21.55,43.1
INV462493,2023-12-06,CUST0630,India,P1001,Wireless Mouse,5,15.39,76.95
INV130995,2024-06-11,CUST0264,France,P1014,Running Shoes,3,67.49,202.47
INV461674,2024-08-01,CUST0245,Germany,P1014,Running Shoes,3,66.04,198.12
INV216625,2024-01-07,CUST0266,Australia,P1006,Coffee Mug,1,7.9,7.9
INV948627,2023-10-28,CUST0590,Brazil,P1004,Desk Lamp,3,22.14,66.42
INV219160,2024-09-25,CUST0362,Brazil,P1007,Yoga Mat,1,20.0,20.0
INV947436,2024-08-02,CUST0176,Usa,P1014,Running Shoes,3,66.81,200.43
INV940572,2024-11-22,CUST0038,Germany,P1003,Notebook Set,1,6.77,6.77
INV827880,2024-06-28,CUST0076,India,P1009,Backpack,3,43.71,131.13
INV179906,2023-01-01,CUST0096,Uk,P1015,Winter Jacket,5,114.91,574.55
INV448949,2024-12-20,CUST0493,Canada,P1013,Sticky Notes Pack,3,4.37,13.11
INV746892,2024-12-13,CUST0741,Brazil,P1010,Phone Case,4,9.55,38.2
INV509238,2024-03-11,CUST0088,Germany,P1014,Running Shoes,4,65.26,261.04
INV711451,2024-06-13,CUST0737,Australia,P1011,Table Lamp,3,28.17,84.51
INV878160,2024-10-12,CUST0407,Australia,P1009,Backpack,5,45.38,226.9
INV720746,2024-06-15,CUST0134,Usa,P1011,Table Lamp,1,27.77,27.77
INV791279,2023-04-26,CUST0717,Brazil,P1006,Coffee Mug,4,8.18,32.72
INV773316,2024-07-08,CUST0769,Canada,P1006,Coffee Mug,1,8.21,8.21
INV918656,2024-09-07,CUST0402,Canada,P1012,Gaming Headset,4,54.08,216.32
INV518109,2024-10-18,CUST0078,Uk,P1013,Sticky Notes Pack,2,4.16,8.32
INV787578,2024-12-29,CUST0228,France,P1012,Gaming Headset,2,56.7,113.4
INV216551,2024-08-08,CUST0386,India,P1002,Bluetooth Speaker,5,35.08,175.4
INV800121,2024-07-01,CUST0595,Usa,P1012,Gaming Headset,5,55.86,279.3
INV756890,2023-09-09,CUST0289,France,P1006,Coffee Mug,1,7.9,7.9
INV405299,2024-12-13,CUST0279,France,P1015,Winter Jacket,3,123.15,369.45
INV559834,2024-07-16,CUST0291,Germany,P1010,Phone Case,4,9.79,39.16
INV508460,2024-02-20,CUST0072,Germany,P1004,Desk Lamp,4,21.99,87.96
INV510101,2024-08-17,CUST0345,France,P1013,Sticky Notes Pack,2,4.38,8.76
INV128939,2024-08-29,CUST0541,Usa,P1014,Running Shoes,2,64.37,128.74
INV242197,2024-10-22,CUST0632,France,P1003,Notebook Set,5,6.63,33.15
INV940927,2024-08-27,CUST0753,Canada,P1010,Phone Case,1,10.39,10.39
INV706712,2023-07-16,CUST0713,India,P1007,Yoga Mat,5,20.8,104.0
INV526249,2024-07-30,CUST0178,Australia,P1009,Backpack,3,42.87,128.61
INV156048,2024-09-25,CUST0753,Canada,P1006,Coffee Mug,5,8.08,40.4
INV968822,2023-07-02,CUST0315,Germany,P1003,Notebook Set,1,6.42,6.42
INV564842,2024-10-07,CUST0665,India,P1014,Running Shoes,4,62.71,250.84
INV924137,2024-08-10,CUST0272,Brazil,P1012,Gaming Headset,1,54.6,54.6
INV180916,2024-02-10,CUST0005,Brazil,P1004,Desk Lamp,1,22.52,22.52
INV642350,2024-07-31,CUST0631,France,P1005,Office Chair,5,93.78,468.9
INV562776,2024-10-21,CUST0139,India,P1001,Wireless Mouse,1,15.74,15.74
INV572363,2023-11-27,CUST0299,Germany,P1010,Phone Case,4,10.14,40.56
INV423574,2024-01-29,CUST0516,Usa,P1010,Phone Case,5,10.32,51.6
INV257998,2024-09-10,CUST0557,India,P1010,Phone Case,4,10.38,41.52
INV662333,2024-07-15,CUST0681,Germany,P1003,Notebook Set,2,7.08,14.16
INV995782,2024-08-24,CUST0331,Uk,P1001,Wireless Mouse,5,15.3,76.5
INV483106,2023-02-24,CUST0596,Australia,P1008,Water Bottle,3,11.29,33.87
INV973009,2023-10-26,CUST0742,India,P1003,Notebook Set,4,6.53,26.12
INV378439,2024-12-11,CUST0661,India,P1005,Office Chair,3,88.93,266.79
INV217266,2024-10-28,CUST0597,France,P1009,Backpack,3,42.92,128.76
INV851339,2024-07-15,CUST0536,France,P1013,Sticky Notes Pack,3,4.18,12.54
INV856712,2024-04-21,CUST0637,France,P1009,Backpack,1,47.23,47.23
INV978069,2024-08-14,CUST0792,Usa,P1003,Notebook Set,5,6.93,34.65
INV416672,2023-11-22,CUST0453,Uk,P1009,Backpack,5,44.39,221.95
INV703152,2024-06-17,CUST0238,Germany,P1007,Yoga Mat,1,19.55,19.55
INV267841,2024-10-23,CUST0366,India,P1008,Water Bottle,5,11.2,56.0
INV757136,2024-09-08,CUST0072,Germany,P1011,Table Lamp,1,26.48,26.48
INV312492,2024-05-31,CUST0006,France,P1001,Wireless Mouse,2,16.0,32.0
INV238137,2024-10-22,CUST0479,Germany,P1007,Yoga Mat,5,19.68,98.4
INV718252,2024-11-23,CUST0126,Brazil,P1008,Water Bottle,3,11.04,33.12
INV576691,2024-04-23,CUST0533,Usa,P1011,Table Lamp,5,27.0,135.0
INV953846,2024-12-19,CUST0584,Uk,P1002,Bluetooth Speaker,4,36.2,144.8
INV342907,2024-05-18,CUST0785,India,P1012,Gaming Headset,3,54.29,162.87
INV118505,2023-05-15,CUST0209,Australia,P1015,Winter Jacket,2,121.09,242.18
INV670685,2024-12-05,CUST0228,France,P1009,Backpack,1,45.34,45.34
INV918520,2024-02-19,CUST0143,Germany,P1010,Phone Case,5,9.74,48.7
INV845880,2024-11-16,CUST0076,India,P1008,Water Bottle,2,11.18,22.36
INV945723,2024-06-26,CUST0475,Canada,P1005,Office Chair,4,88.21,352.84
INV231232,2023-12-22,CUST0252,Australia,P1003,Notebook Set,4,6.86,27.44
INV600512,2024-06-17,CUST0371,Australia,P1007,Yoga Mat,4,20.74,82.96
INV902470,2023-08-30,CUST0292,Uk,P1003,Notebook Set,5,6.98,34.9
INV518191,2023-09-07,CUST0680,India,P1015,Winter Jacket,4,119.27,477.08
INV489381,2024-07-23,CUST0068,France,P1014,Running Shoes,3,63.34,190.02
INV439545,2024-06-27,CUST0600,France,P1015,Winter Jacket,5,121.83,609.15
INV261750,2023-10-15,CUST0418,Brazil,P1003,Notebook Set,3,6.54,19.62
INV793549,2024-07-30,CUST0087,Australia,P1001,Wireless Mouse,3,16.07,48.21
INV433060,2024-12-09,CUST0294,France,P1008,Water Bottle,1,12.05,12.05
INV993171,2024-10-02,CUST0754,Australia,P1003,Notebook Set,4,7.01,28.04
INV635634,2023-01-01,CUST0333,Canada,P1001,Wireless Mouse,4,16.12,64.48
INV889750,2024-08-27,CUST0564,Australia,P1007,Yoga Mat,4,20.13,80.52
INV139132,2024-10-17,CUST0595,Usa,P1008,Water Bottle,1,11.77,11.77
INV435771,2023-08-02,CUST0656,Canada,P1007,Yoga Mat,3,19.32,57.96
INV865697,2024-02-19,CUST0465,India,P1009,Backpack,3,45.26,135.78
INV829751,2023-09-02,CUST0685,Germany,P1007,Yoga Mat,5,19.03,95.15
INV235890,2023-12-07,CUST0570,Brazil,P1013,Sticky Notes Pack,1,4.21,4.21
INV944176,2024-07-25,CUST0250,Uk,P1012,Gaming Headset,2,56.62,113.24
INV874724,2023-12-24,CUST0011,Usa,P1004,Desk Lamp,3,22.0,66.0
INV334227,2023-01-01,CUST0090,Canada,P1003,Notebook Set,3,6.44,19.32
INV126001,2024-10-29,CUST0636,Australia,P1002,Bluetooth Speaker,4,35.65,142.6
INV989931,2024-08-03,CUST0573,Germany,P1013,Sticky Notes Pack,3,4.05,12.15
INV101552,2023-02-16,CUST0692,Canada,P1006,Coffee Mug,3,8.51,25.53
INV917807,2023-05-05,CUST0135,India,P1006,Coffee Mug,1,8.18,8.18
INV474198,2024-06-30,CUST0239,Canada,P1008,Water Bottle,5,11.4,57.0
INV851021,2024-09-03,CUST0415,Australia,P1012,Gaming Headset,5,53.34,266.7
INV988871,2024-05-25,CUST0588,France,P1009,Backpack,5,45.26,226.3
INV626540,2024-09-09,CUST0781,Brazil,P1015,Winter Jacket,2,121.54,243.08
INV731438,2024-04-18,CUST0672,India,P1013,Sticky Notes Pack,4,4.29,17.16
INV151440,2024-05-07,CUST0373,Brazil,P1003,Notebook Set,1,6.96,6.96
INV790848,2024-12-13,CUST0505,Uk,P1005,Office Chair,4,94.05,376.2
INV754211,2024-04-14,CUST0310,Usa,P1013,Sticky Notes Pack,2,4.22,8.44
INV918325,2024-08-05,CUST0082,Australia,P1005,Office Chair,2,91.66,183.32
INV827880,2024-06-28,CUST0076,India,P1012,Gaming Headset,3,54.0,162.0
INV502652,2024-11-25,CUST0109,Australia,P1012,Gaming Headset,2,52.61,105.22
INV826338,2023-09-06,CUST0264,France,P1006,Coffee Mug,3,8.45,25.35
INV802957,2024-11-10,CUST0229,Brazil,P1008,Water Bottle,5,11.33,56.65
INV611868,2024-06-03,CUST0752,India,P1014,Running Shoes,5,63.31,316.55
INV443794,2024-03-31,CUST0238,Germany,P1002,Bluetooth Speaker,2,35.93,71.86
INV937222,2023-01-01,CUST0631,France,P1003,Notebook Set,2,6.45,12.9
INV159233,2024-09-27,CUST0636,Australia,P1003,Notebook Set,1,6.87,6.87
INV438607,2024-08-18,CUST0325,India,P1008,Water Bottle,2,11.67,23.34
INV992357,2024-11-12,CUST0076,India,P1002,Bluetooth Speaker,4,34.78,139.12
INV300891,2023-01-01,CUST0213,Australia,P1009,Backpack,5,44.79,223.95
INV916539,2024-04-10,CUST0580,France,P1007,Yoga Mat,2,20.24,40.48
INV226212,2024-04-30,CUST0761,Brazil,P1007,Yoga Mat,5,19.43,97.15
INV711939,2024-11-28,CUST0126,Brazil,P1001,Wireless Mouse,4,16.01,64.04
INV433842,2024-08-23,CUST0104,India,P1001,Wireless Mouse,1,15.54,15.54
INV630909,2024-12-09,CUST0782,Australia,P1003,Notebook Set,4,6.61,26.44
INV267106,2023-12-30,CUST0701,Australia,P1006,Coffee Mug,1,8.53,8.53
INV544304,2024-08-14,CUST0014,Uk,P1008,Water Bottle,4,12.06,48.24
INV500375,2024-06-16,CUST0669,India,P1005,Office Chair,3,88.61,265.83
INV559792,2023-11-22,CUST0242,Australia,P1003,Notebook Set,3,6.97,20.91
INV691361,2024-06-14,CUST0311,Uk,P1013,Sticky Notes Pack,2,4.22,8.44
INV139996,2024-09-05,CUST0498,Brazil,P1003,Notebook Set,5,6.9,34.5
INV230686,2024-05-14,CUST0311,Uk,P1004,Desk Lamp,1,21.4,21.4
INV581133,2023-11-27,CUST0195,Australia,P1008,Water Bottle,4,11.81,47.24
INV669872,2024-07-01,CUST0090,Canada,P1001,Wireless Mouse,1,16.78,16.78
INV811819,2023-12-12,CUST0219,Canada,P1007,Yoga Mat,2,20.24,40.48
INV549861,2024-02-24,CUST0487,France,P1014,Running Shoes,3,61.96,185.88
INV162968,2023-11-14,CUST0478,France,P1007,Yoga Mat,3,19.26,57.78
INV808031,2024-05-18,CUST0625,Australia,P1008,Water Bottle,1,11.6,11.6
INV475405,2024-10-11,CUST0501,France,P1010,Phone Case,3,10.45,31.35
INV707742,2024-10-28,CUST0493,Canada,P1008,Water Bottle,2,11.57,23.14
INV384124,2024-03-23,CUST0121,Canada,P1002,Bluetooth Speaker,2,34.94,69.88
INV549657,2023-03-12,CUST0333,Canada,P1007,Yoga Mat,5,19.73,98.65
INV970220,2024-08-10,CUST0725,Uk,P1003,Notebook Set,4,6.65,26.6
INV160990,2024-10-21,CUST0652,Uk,P1005,Office Chair,3,88.01,264.03
INV725913,2024-11-28,CUST0528,Australia,P1001,Wireless Mouse,4,16.14,64.56
INV643906,2024-12-25,CUST0098,Australia,P1007,Yoga Mat,4,19.34,77.36
INV506051,2024-07-03,CUST0665,India,P1002,Bluetooth Speaker,3,33.81,101.43
INV606940,2024-08-31,CUST0681,Germany,P1001,Wireless Mouse,5,16.25,81.25
INV897499,2024-08-23,CUST0534,Uk,P1010,Phone Case,1,10.37,10.37
INV617155,2023-11-23,CUST0552,Germany,P1015,Winter Jacket,3,125.54,376.62
INV546682,2023-01-01,CUST0153,India,P1005,Office Chair,5,87.29,436.45
INV774384,2023-08-30,CUST0286,Australia,P1004,Desk Lamp,5,21.36,106.8
INV336082,2024-06-24,CUST0606,Brazil,P1003,Notebook Set,2,6.91,13.82
INV833286,2024-10-03,CUST0190,Canada,P1006,Coffee Mug,1,8.27,8.27
INV469378,2024-09-04,CUST0207,Usa,P1015,Winter Jacket,3,118.57,355.71
INV311025,2024-07-21,CUST0345,France,P1011,Table Lamp,5,27.87,139.35
INV878904,2024-09-29,CUST0247,India,P1013,Sticky Notes Pack,3,4.34,13.02
INV534057,2023-04-22,CUST0546,Australia,P1011,Table Lamp,5,27.15,135.75
INV895127,2024-11-27,CUST0414,Australia,P1008,Water Bottle,4,11.0,44.0
INV451307,2024-10-14,CUST0273,India,P1001,Wireless Mouse,5,16.28,81.4
INV159188,2024-11-28,CUST0175,Canada,P1005,Office Chair,4,94.03,376.12
INV400016,2024-11-01,CUST0217,Australia,P1013,Sticky Notes Pack,1,4.23,4.23
INV183937,2024-08-11,CUST0199,Brazil,P1012,Gaming Headset,4,55.87,223.48
INV775470,2024-09-17,CUST0252,Australia,P1001,Wireless Mouse,2,16.41,32.82
INV680502,2024-11-16,CUST0175,Canada,P1003,Notebook Set,5,6.63,33.15
INV560824,2024-09-28,CUST0749,Germany,P1004,Desk Lamp,1,21.97,21.97
INV604168,2024-06-14,CUST0370,India,P1002,Bluetooth Speaker,2,35.47,70.94
INV855969,2024-06-26,CUST0403,India,P1015,Winter Jacket,4,124.92,499.68
INV330283,2024-12-01,CUST0623,India,P1002,Bluetooth Speaker,4,32.81,131.24
INV749082,2024-06-22,CUST0682,Usa,P1009,Backpack,5,42.91,214.55
INV299503,2023-08-04,CUST0502,Usa,P1013,Sticky Notes Pack,1,4.32,4.32
INV930195,2023-12-02,CUST0529,Uk,P1008,Water Bottle,2,11.67,23.34
INV693406,2024-02-22,CUST0126,Brazil,P1011,Table Lamp,5,27.0,135.0
INV131819,2024-12-12,CUST0076,India,P1004,Desk Lamp,1,21.71,21.71
INV548609,2024-07-09,CUST0001,Germany,P1001,Wireless Mouse,2,16.31,32.62
INV276156,2024-11-21,CUST0241,India,P1010,Phone Case,2,10.28,20.56
INV565619,2024-07-30,CUST0028,Germany,P1003,Notebook Set,5,6.77,33.85
INV111184,2023-08-30,CUST0051,Germany,P1009,Backpack,1,45.69,45.69
INV314001,2024-08-05,CUST0104,India,P1013,Sticky Notes Pack,4,4.46,17.84
INV801494,2024-08-22,CUST0357,Canada,P1012,Gaming Headset,4,52.62,210.48
INV478596,2024-08-18,CUST0785,India,P1008,Water Bottle,4,11.71,46.84
INV152910,2024-05-16,CUST0166,Usa,P1010,Phone Case,4,9.97,39.88
INV830805,2024-07-03,CUST0263,France,P1014,Running Shoes,1,63.01,63.01
INV377825,2024-09-10,CUST0333,Canada,P1006,Coffee Mug,4,7.93,31.72
INV999719,2024-01-11,CUST0039,Usa,P1008,Water Bottle,4,11.92,47.68
INV899725,2024-03-07,CUST0235,India,P1005,Office Chair,3,88.95,266.85
INV557855,2024-09-09,CUST0707,India,P1012,Gaming Headset,1,56.5,56.5
INV476283,2024-12-13,CUST0260,Canada,P1008,Water Bottle,2,11.09,22.18
INV998472,2024-11-20,CUST0709,France,P1014,Running Shoes,5,65.6,328.0
INV919527,2024-12-29,CUST0642,Australia,P1002,Bluetooth Speaker,4,32.82,131.28
INV224156,2023-12-29,CUST0221,France,P1007,Yoga Mat,3,20.79,62.37
INV262899,2024-05-19,CUST0703,Canada,P1015,Winter Jacket,2,122.96,245.92
INV266574,2024-12-10,CUST0096,Uk,P1010,Phone Case,5,9.69,48.45
INV277341,2024-07-24,CUST0080,Uk,P1014,Running Shoes,3,67.04,201.12
INV228305,2023-12-19,CUST0039,Usa,P1014,Running Shoes,5,64.74,323.7
INV754619,2024-08-16,CUST0064,Brazil,P1008,Water Bottle,2,11.91,23.82
INV606940,2024-08-31,CUST0681,Germany,P1002,Bluetooth Speaker,5,34.7,173.5
INV708407,2024-04-17,CUST0351,Australia,P1003,Notebook Set,3,6.99,20.97
INV443387,2024-04-05,CUST0440,Brazil,P1015,Winter Jacket,4,121.6,486.4
INV581133,2023-11-27,CUST0195,Australia,P1013,Sticky Notes Pack,4,4.22,16.88
INV958261,2024-11-02,CUST0276,India,P1010,Phone Case,1,10.38,10.38
INV303369,2024-09-03,CUST0490,Canada,P1001,Wireless Mouse,3,16.33,48.99
INV831986,2024-01-19,CUST0140,Australia,P1014,Running Shoes,2,64.17,128.34
INV502274,2024-11-20,CUST0546,Australia,P1007,Yoga Mat,1,20.02,20.02
INV334699,2024-11-26,CUST0599,Usa,P1012,Gaming Headset,4,53.1,212.4
INV721064,2024-12-29,CUST0245,Germany,P1015,Winter Jacket,3,117.18,351.54
INV335515,2023-09-09,CUST0117,Germany,P1002,Bluetooth Speaker,4,34.34,137.36
INV747988,2024-01-26,CUST0004,India,P1013,Sticky Notes Pack,3,4.21,12.63
INV730559,2024-04-06,CUST0798,Germany,P1006,Coffee Mug,3,7.9,23.7
INV280569,2024-12-14,CUST0400,Uk,P1010,Phone Case,1,10.07,10.07
INV509187,2023-01-01,CUST0056,Australia,P1002,Bluetooth Speaker,3,33.15,99.45
INV559803,2024-08-28,CUST0593,Australia,P1015,Winter Jacket,5,118.57,592.85
INV986658,2023-11-07,CUST0096,Uk,P1014,Running Shoes,5,68.18,340.9
INV707413,2023-01-01,CUST0301,Australia,P1009,Backpack,5,46.13,230.65
INV264398,2024-07-09,CUST0061,Usa,P1014,Running Shoes,5,64.62,323.1
INV634923,2023-05-19,CUST0493,Canada,P1001,Wireless Mouse,3,15.52,46.56
INV853649,2024-11-23,CUST0170,Uk,P1015,Winter Jacket,2,124.2,248.4
INV571013,2024-12-30,CUST0213,Australia,P1008,Water Bottle,3,11.56,34.68
INV302309,2024-11-01,CUST0692,Canada,P1006,Coffee Mug,1,8.49,8.49
INV299503,2023-08-04,CUST0502,Usa,P1011,Table Lamp,3,27.41,82.23
INV170402,2024-07-26,CUST0693,France,P1014,Running Shoes,1,65.06,65.06
INV696427,2024-03-02,CUST0762,Canada,P1005,Office Chair,4,89.02,356.08
INV341392,2024-09-08,CUST0707,India,P1005,Office Chair,1,93.2,93.2
INV602192,2024-12-14,CUST0718,Brazil,P1011,Table Lamp,2,28.11,56.22
INV264066,2024-06-02,CUST0149,Brazil,P1012,Gaming Headset,5,55.24,276.2
INV249120,2024-04-26,CUST0107,France,P1002,Bluetooth Speaker,5,34.45,172.25
INV478692,2024-10-01,CUST0616,Canada,P1003,Notebook Set,1,6.69,6.69
INV211565,2024-01-11,CUST0176,Usa,P1011,Table Lamp,4,28.19,112.76
INV391549,2024-09-08,CUST0754,Australia,P1009,Backpack,2,44.45,88.9
INV992205,2024-01-04,CUST0228,France,P1008,Water Bottle,4,11.19,44.76
INV472124,2023-12-16,CUST0213,Australia,P1013,Sticky Notes Pack,5,4.21,21.05
INV162412,2024-08-18,CUST0339,Brazil,P1003,Notebook Set,1,6.95,6.95
INV873069,2023-08-13,CUST0261,India,P1004,Desk Lamp,3,21.55,64.65
INV392725,2023-01-01,CUST0757,Usa,P1012,Gaming Headset,3,52.64,157.92
INV922175,2024-08-08,CUST0072,Germany,P1003,Notebook Set,2,6.58,13.16
INV531945,2024-04-25,CUST0729,Usa,P1008,Water Bottle,1,11.94,11.94
INV527277,2024-12-19,CUST0533,Usa,P1011,Table Lamp,3,27.05,81.15
INV835633,2024-08-12,CUST0674,Germany,P1013,Sticky Notes Pack,5,4.35,21.75
INV820802,2024-04-18,CUST0688,Usa,P1014,Running Shoes,2,62.85,125.7
INV406617,2024-10-12,CUST0590,Brazil,P1013,Sticky Notes Pack,5,4.14,20.7
INV249120,2024-04-26,CUST0107,France,P1005,Office Chair,2,93.08,186.16
INV871305,2023-01-01,CUST0548,Brazil,P1006,Coffee Mug,4,8.63,34.52
INV679577,2023-10-09,CUST0643,India,P1001,Wireless Mouse,5,15.8,79.0
INV500225,2024-12-02,CUST0289,France,P1010,Phone Case,2,10.1,20.2
INV540176,2024-11-05,CUST0333,Canada,P1004,Desk Lamp,2,22.35,44.7
INV523950,2023-01-01,CUST0289,France,P1001,Wireless Mouse,5,15.24,76.2
INV418732,2024-02-24,CUST0787,Uk,P1005,Office Chair,5,89.08,445.4
INV770847,2023-01-03,CUST0142,Germany,P1009,Backpack,5,45.35,226.75
INV242197,2024-10-22,CUST0632,France,P1009,Backpack,1,44.91,44.91
INV722401,2024-12-10,CUST0470,Germany,P1003,Notebook Set,2,6.79,13.58
INV955238,2024-06-12,CUST0791,Germany,P1009,Backpack,5,43.75,218.75
INV874941,2024-12-15,CUST0587,Canada,P1005,Office Chair,5,89.86,449.3
INV991270,2024-09-07,CUST0333,Canada,P1005,Office Chair,4,90.91,363.64
INV953467,2024-11-27,CUST0536,France,P1010,Phone Case,5,9.54,47.7
INV337160,2024-09-17,CUST0061,Usa,P1002,Bluetooth Speaker,2,35.9,71.8
INV497907,2024-12-18,CUST0498,Brazil,P1011,Table Lamp,4,26.4,105.6
INV763638,2024-07-16,CUST0150,Germany,P1014,Running Shoes,3,67.74,203.22
INV579367,2023-01-01,CUST0351,Australia,P1003,Notebook Set,2,6.49,12.98
INV195692,2024-10-13,CUST0103,India,P1005,Office Chair,1,86.07,86.07
INV769112,2024-06-20,CUST0627,Australia,P1008,Water Bottle,3,12.02,36.06
INV728871,2024-12-29,CUST0096,Uk,P1005,Office Chair,5,86.92,434.6
INV842379,2023-06-06,CUST0004,India,P1004,Desk Lamp,3,22.43,67.29
INV789156,2024-07-05,CUST0204,Australia,P1015,Winter Jacket,2,124.61,249.22
INV960017,2023-04-30,CUST0136,Canada,P1001,Wireless Mouse,1,15.81,15.81
INV341021,2024-11-10,CUST0240,France,P1015,Winter Jacket,1,116.35,116.35
INV338528,2024-06-04,CUST0005,Brazil,P1005,Office Chair,3,91.95,275.85
INV265188,2024-02-27,CUST0638,Brazil,P1002,Bluetooth Speaker,4,35.4,141.6
INV484295,2024-12-02,CUST0329,Uk,P1010,Phone Case,1,9.56,9.56
INV821010,2024-11-27,CUST0685,Germany,P1004,Desk Lamp,2,21.77,43.54
INV616210,2024-04-17,CUST0170,Uk,P1001,Wireless Mouse,5,15.91,79.55
INV667045,2024-04-16,CUST0723,Australia,P1002,Bluetooth Speaker,3,33.28,99.84
INV398898,2024-05-04,CUST0212,India,P1009,Backpack,2,45.26,90.52
INV933739,2023-04-11,CUST0033,Germany,P1014,Running Shoes,3,66.38,199.14
INV191372,2024-06-28,CUST0152,Uk,P1005,Office Chair,2,89.6,179.2
INV579410,2024-03-19,CUST0077,France,P1012,Gaming Headset,1,55.29,55.29
INV808031,2024-05-18,CUST0625,Australia,P1011,Table Lamp,4,28.49,113.96
INV864188,2023-05-06,CUST0625,Australia,P1010,Phone Case,1,10.16,10.16
INV831779,2023-01-01,CUST0310,Usa,P1010,Phone Case,2,10.02,20.04
INV397549,2024-10-31,CUST0571,Canada,P1008,Water Bottle,2,11.46,22.92
INV825469,2023-01-01,CUST0260,Canada,P1011,Table Lamp,4,26.9,107.6
INV410806,2024-02-14,CUST0498,Brazil,P1010,Phone Case,5,9.52,47.6
INV220494,2024-11-14,CUST0753,Canada,P1012,Gaming Headset,2,52.77,105.54
INV862987,2023-12-27,CUST0191,France,P1004,Desk Lamp,3,22.02,66.06
INV945029,2024-11-03,CUST0679,Uk,P1015,Winter Jacket,3,123.58,370.74
INV492266,2024-07-21,CUST0001,Germany,P1006,Coffee Mug,4,8.6,34.4
INV264256,2024-09-25,CUST0264,France,P1009,Backpack,2,44.42,88.84
INV207003,2024-10-17,CUST0256,France,P1004,Desk Lamp,4,21.19,84.76
INV668996,2024-12-16,CUST0250,Uk,P1011,Table Lamp,5,28.2,141.0
INV260223,2024-12-13,CUST0028,Germany,P1009,Backpack,2,45.83,91.66
INV838756,2024-07-30,CUST0391,Australia,P1012,Gaming Headset,5,53.38,266.9
INV848317,2024-10-12,CUST0714,Australia,P1014,Running Shoes,3,66.33,198.99
INV508499,2024-11-16,CUST0210,Usa,P1003,Notebook Set,2,6.85,13.7
INV928129,2023-07-19,CUST0330,Germany,P1013,Sticky Notes Pack,1,4.07,4.07
INV349725,2024-06-14,CUST0579,Brazil,P1015,Winter Jacket,5,118.88,594.4
INV496936,2024-05-10,CUST0575,India,P1003,Notebook Set,3,7.02,21.06
INV976807,2024-08-21,CUST0366,India,P1007,Yoga Mat,1,20.92,20.92
INV579372,2023-09-12,CUST0565,India,P1013,Sticky Notes Pack,5,4.05,20.25
INV846382,2024-05-11,CUST0104,India,P1015,Winter Jacket,3,115.02,345.06
INV475370,2024-09-09,CUST0678,Germany,P1015,Winter Jacket,3,118.63,355.89
INV114703,2024-11-06,CUST0397,Australia,P1011,Table Lamp,3,27.55,82.65
INV443794,2024-03-31,CUST0238,Germany,P1012,Gaming Headset,3,52.97,158.91
INV331729,2024-07-10,CUST0451,Uk,P1007,Yoga Mat,4,20.53,82.12
INV316707,2024-12-23,CUST0230,India,P1007,Yoga Mat,2,20.11,40.22
INV282736,2024-12-15,CUST0621,Usa,P1012,Gaming Headset,1,54.44,54.44
INV112171,2024-06-09,CUST0343,Usa,P1004,Desk Lamp,5,22.91,114.55
INV936849,2023-10-31,CUST0342,Germany,P1004,Desk Lamp,2,21.55,43.1
INV574411,2023-10-11,CUST0540,Australia,P1014,Running Shoes,5,65.78,328.9
INV172926,2024-04-18,CUST0634,Usa,P1008,Water Bottle,1,11.35,11.35
INV436139,2024-07-18,CUST0422,France,P1003,Notebook Set,4,6.53,26.12
INV131047,2024-01-06,CUST0039,Usa,P1009,Backpack,3,46.05,138.15
INV554053,2024-01-28,CUST0766,Brazil,P1015,Winter Jacket,2,120.55,241.1
INV919862,2024-03-10,CUST0427,Germany,P1004,Desk Lamp,2,22.01,44.02
INV847665,2024-12-03,CUST0717,Brazil,P1003,Notebook Set,4,6.77,27.08
INV534858,2024-11-14,CUST0057,Canada,P1003,Notebook Set,1,6.57,6.57
INV999008,2023-01-01,CUST0627,Australia,P1002,Bluetooth Speaker,2,33.36,66.72
INV109564,2024-11-20,CUST0351,Australia,P1003,Notebook Set,2,7.02,14.04
INV201648,2024-04-26,CUST0067,Uk,P1010,Phone Case,4,10.34,41.36
INV552807,2024-12-22,CUST0467,India,P1009,Backpack,1,45.8,45.8
INV520929,2024-12-19,CUST0692,Canada,P1009,Backpack,3,44.4,133.2
INV256707,2024-12-14,CUST0038,Germany,P1006,Coffee Mug,1,8.38,8.38
INV202281,2024-05-16,CUST0561,Canada,P1011,Table Lamp,5,28.41,142.05
INV372385,2024-12-01,CUST0482,India,P1004,Desk Lamp,3,20.95,62.85
INV347077,2024-02-27,CUST0708,Usa,P1002,Bluetooth Speaker,5,33.5,167.5
INV481047,2023-09-30,CUST0535,France,P1012,Gaming Headset,3,56.7,170.1
INV144415,2024-06-01,CUST0419,India,P1003,Notebook Set,3,6.53,19.59
INV481032,2024-11-25,CUST0664,Uk,P1013,Sticky Notes Pack,3,4.23,12.69
INV895414,2024-11-13,CUST0351,Australia,P1007,Yoga Mat,5,19.9,99.5
INV769592,2024-07-26,CUST0013,Australia,P1004,Desk Lamp,3,21.35,64.05
INV338363,2024-06-16,CUST0233,Brazil,P1006,Coffee Mug,2,8.05,16.1
INV936773,2024-04-08,CUST0051,Germany,P1013,Sticky Notes Pack,1,4.12,4.12
INV364074,2024-01-08,CUST0357,Canada,P1002,Bluetooth Speaker,2,34.66,69.32
INV604795,2024-09-12,CUST0246,Uk,P1008,Water Bottle,5,12.05,60.25
INV170337,2024-08-13,CUST0298,Canada,P1005,Office Chair,2,85.64,171.28
INV135149,2024-11-25,CUST0512,Canada,P1013,Sticky Notes Pack,1,4.19,4.19
INV915181,2024-12-05,CUST0533,Usa,P1003,Notebook Set,5,7.0,35.0
INV816480,2024-06-17,CUST0596,Australia,P1005,Office Chair,1,92.96,92.96
INV590130,2023-12-24,CUST0411,France,P1002,Bluetooth Speaker,4,36.09,144.36
INV448949,2024-12-20,CUST0493,Canada,P1004,Desk Lamp,2,22.03,44.06
INV658922,2023-09-18,CUST0011,Usa,P1011,Table Lamp,5,28.31,141.55
INV920453,2024-05-21,CUST0005,Brazil,P1014,Running Shoes,1,62.59,62.59
INV892607,2024-08-02,CUST0416,France,P1009,Backpack,2,46.64,93.28
INV384022,2024-09-15,CUST0190,Canada,P1013,Sticky Notes Pack,3,4.43,13.29
INV303369,2024-09-03,CUST0490,Canada,P1007,Yoga Mat,2,19.25,38.5
INV965740,2024-10-16,CUST0587,Canada,P1009,Backpack,3,44.19,132.57
INV749078,2024-07-13,CUST0082,Australia,P1002,Bluetooth Speaker,2,34.25,68.5
INV354774,2023-04-18,CUST0701,Australia,P1013,Sticky Notes Pack,4,4.12,16.48
INV224977,2024-09-23,CUST0639,France,P1004,Desk Lamp,5,22.73,113.65
INV855406,2023-01-01,CUST0187,India,P1014,Running Shoes,4,62.69,250.76
INV101657,2023-10-01,CUST0413,Germany,P1015,Winter Jacket,1,119.07,119.07
INV999896,2024-08-09,CUST0291,Germany,P1006,Coffee Mug,2,8.04,16.08
INV155806,2024-06-12,CUST0596,Australia,P1005,Office Chair,4,90.01,360.04
INV937220,2024-08-15,CUST0349,France,P1013,Sticky Notes Pack,5,4.25,21.25
INV361610,2024-06-09,CUST0536,France,P1014,Running Shoes,3,67.6,202.8
INV833791,2023-09-25,CUST0731,India,P1009,Backpack,5,47.0,235.0
INV506018,2024-11-05,CUST0563,India,P1003,Notebook Set,3,6.58,19.74
INV305043,2024-06-30,CUST0311,Uk,P1011,Table Lamp,3,27.58,82.74
INV779117,2023-10-04,CUST0161,Germany,P1004,Desk Lamp,2,22.46,44.92
INV564836,2024-01-23,CUST0577,Uk,P1006,Coffee Mug,3,8.65,25.95
INV591594,2024-11-19,CUST0760,France,P1011,Table Lamp,2,26.22,52.44
INV279372,2023-12-23,CUST0664,Uk,P1015,Winter Jacket,1,123.57,123.57
INV821202,2024-11-19,CUST0152,Uk,P1011,Table Lamp,1,27.75,27.75
INV996490,2024-07-01,CUST0717,Brazil,P1012,Gaming Headset,4,56.06,224.24
INV277779,2024-05-25,CUST0795,Australia,P1009,Backpack,1,47.04,47.04
INV553274,2023-08-08,CUST0580,France,P1011,Table Lamp,3,27.05,81.15
INV764153,2024-12-14,CUST0558,Germany,P1005,Office Chair,3,89.01,267.03
INV969140,2024-10-26,CUST0082,Australia,P1009,Backpack,2,44.3,88.6
INV697087,2023-01-01,CUST0580,France,P1003,Notebook Set,5,6.6,33.0
INV632881,2024-05-15,CUST0791,Germany,P1014,Running Shoes,2,63.94,127.88
INV457433,2023-10-14,CUST0013,Australia,P1014,Running Shoes,4,66.38,265.52
INV446908,2024-12-09,CUST0508,Germany,P1010,Phone Case,4,10.39,41.56
INV650932,2023-03-06,CUST0301,Australia,P1009,Backpack,3,45.12,135.36
INV264193,2024-09-25,CUST0493,Canada,P1005,Office Chair,1,89.86,89.86
INV863243,2024-12-28,CUST0745,France,P1014,Running Shoes,1,68.21,68.21
INV919131,2024-09-22,CUST0611,India,P1009,Backpack,5,45.63,228.15
INV485606,2023-10-19,CUST0625,Australia,P1004,Desk Lamp,1,22.09,22.09
INV471386,2024-05-30,CUST0159,France,P1013,Sticky Notes Pack,1,4.14,4.14
INV249093,2024-10-24,CUST0721,Brazil,P1006,Coffee Mug,1,8.25,8.25
INV378778,2024-05-17,CUST0708,Usa,P1009,Backpack,5,47.05,235.25
INV390009,2023-09-18,CUST0705,Australia,P1014,Running Shoes,3,63.96,191.88
INV714180,2024-12-03,CUST0288,Brazil,P1012,Gaming Headset,1,53.28,53.28
INV871693,2024-12-13,CUST0325,India,P1002,Bluetooth Speaker,3,35.28,105.84
INV636026,2024-10-29,CUST0771,Brazil,P1013,Sticky Notes Pack,4,4.26,17.04
INV982552,2023-01-01,CUST0245,Germany,P1001,Wireless Mouse,1,16.04,16.04
INV312950,2024-03-05,CUST0280,Usa,P1012,Gaming Headset,2,52.6,105.2
INV220312,2024-02-10,CUST0516,Usa,P1002,Bluetooth Speaker,1,33.85,33.85
INV915952,2023-12-03,CUST0712,France,P1011,Table Lamp,1,26.38,26.38
INV297816,2024-12-05,CUST0275,Australia,P1011,Table Lamp,3,27.77,83.31
INV579136,2024-07-03,CUST0625,Australia,P1014,Running Shoes,5,62.87,314.35
INV212195,2024-10-05,CUST0603,Canada,P1013,Sticky Notes Pack,4,4.07,16.28
INV171955,2024-07-04,CUST0311,Uk,P1015,Winter Jacket,3,123.01,369.03
INV890032,2024-09-20,CUST0310,Usa,P1010,Phone Case,2,9.67,19.34
INV504503,2024-12-19,CUST0640,Germany,P1005,Office Chair,5,86.65,433.25
INV717182,2024-10-13,CUST0458,France,P1007,Yoga Mat,5,19.75,98.75
INV656567,2024-11-21,CUST0505,Uk,P1002,Bluetooth Speaker,4,34.71,138.84
INV662770,2023-11-23,CUST0063,Germany,P1015,Winter Jacket,3,115.78,347.34
INV268324,2024-06-24,CUST0001,Germany,P1015,Winter Jacket,3,114.13,342.39
INV584683,2023-10-09,CUST0130,Germany,P1010,Phone Case,2,10.16,20.32
INV109502,2024-03-09,CUST0538,France,P1012,Gaming Headset,1,57.39,57.39
INV591642,2024-07-01,CUST0785,India,P1001,Wireless Mouse,4,15.88,63.52
INV337160,2023-01-01,CUST0350,France,P1006,Coffee Mug,5,8.12,40.6
INV890489,2024-02-11,CUST0301,Australia,P1003,Notebook Set,1,6.74,6.74
INV356387,2024-09-23,CUST0622,France,P1014,Running Shoes,4,67.23,268.92
INV983450,2024-03-07,CUST0195,Australia,P1014,Running Shoes,2,67.91,135.82
INV451415,2024-01-05,CUST0233,Brazil,P1009,Backpack,1,43.94,43.94
INV896180,2023-01-20,CUST0466,Uk,P1014,Running Shoes,4,66.44,265.76
INV528629,2024-07-08,CUST0708,Usa,P1005,Office Chair,5,94.4,472.0
INV917738,2024-02-11,CUST0052,Australia,P1004,Desk Lamp,2,22.33,44.66
INV193817,2024-07-19,CUST0675,Canada,P1011,Table Lamp,4,28.43,113.72
INV809135,2024-03-27,CUST0754,Australia,P1013,Sticky Notes Pack,5,4.13,20.65
INV726169,2024-12-12,CUST0796,Australia,P1009,Backpack,1,42.91,42.91
INV447090,2024-12-04,CUST0250,Uk,P1009,Backpack,1,46.67,46.67
INV199707,2023-11-03,CUST0527,Uk,P1001,Wireless Mouse,4,16.56,66.24
INV670685,2024-12-05,CUST0228,France,P1012,Gaming Headset,4,57.07,228.28
INV240552,2024-06-13,CUST0355,France,P1011,Table Lamp,1,28.79,28.79
INV337160,2023-01-01,CUST0350,France,P1010,Phone Case,2,10.45,20.9
INV312950,2024-03-05,CUST0280,Usa,P1001,Wireless Mouse,5,16.57,82.85
INV861102,2024-07-13,CUST0265,India,P1007,Yoga Mat,2,19.47,38.94
INV611928,2024-10-29,CUST0522,Germany,P1013,Sticky Notes Pack,2,4.26,8.52
INV799942,2024-08-14,CUST0329,Uk,P1009,Backpack,5,44.58,222.9
INV553871,2024-05-04,CUST0351,Australia,P1004,Desk Lamp,4,21.96,87.84
INV196613,2023-08-09,CUST0505,Uk,P1005,Office Chair,5,92.21,461.05
INV489415,2023-01-01,CUST0349,France,P1014,Running Shoes,3,63.01,189.03
INV465731,2024-12-24,CUST0646,Usa,P1002,Bluetooth Speaker,2,34.88,69.76
INV904970,2024-09-25,CUST0041,France,P1008,Water Bottle,2,11.55,23.1
INV938446,2024-08-18,CUST0014,Uk,P1008,Water Bottle,3,11.04,33.12
INV805587,2024-07-07,CUST0476,Canada,P1005,Office Chair,5,94.21,471.05
INV330899,2024-07-26,CUST0172,Germany,P1009,Backpack,1,45.57,45.57
INV156762,2023-07-17,CUST0004,India,P1013,Sticky Notes Pack,5,4.26,21.3
INV177430,2024-08-22,CUST0246,Uk,P1011,Table Lamp,1,26.29,26.29
INV972359,2024-12-04,CUST0794,Australia,P1004,Desk Lamp,5,22.73,113.65
INV171016,2023-12-20,CUST0589,Usa,P1014,Running Shoes,3,64.06,192.18
INV753784,2024-06-11,CUST0782,Australia,P1014,Running Shoes,1,63.4,63.4
INV714766,2023-01-01,CUST0454,Canada,P1007,Yoga Mat,5,20.26,101.3
INV595350,2024-06-15,CUST0657,Uk,P1014,Running Shoes,1,68.05,68.05
INV856041,2024-10-20,CUST0510,Usa,P1003,Notebook Set,3,6.65,19.95
INV769592,2024-07-26,CUST0013,Australia,P1011,Table Lamp,3,28.09,84.27
INV852513,2023-01-01,CUST0238,Germany,P1002,Bluetooth Speaker,3,34.03,102.09
INV326525,2024-12-15,CUST0055,Brazil,P1014,Running Shoes,5,62.54,312.7
INV831369,2024-02-18,CUST0278,France,P1008,Water Bottle,1,11.03,11.03
INV435242,2023-08-26,CUST0667,Usa,P1002,Bluetooth Speaker,4,35.14,140.56
INV863020,2024-06-11,CUST0015,Germany,P1006,Coffee Mug,3,7.96,23.88
INV547117,2024-11-12,CUST0248,Australia,P1006,Coffee Mug,5,8.19,40.95
INV718257,2024-11-30,CUST0055,Brazil,P1015,Winter Jacket,4,124.25,497.0
INV224183,2024-03-28,CUST0378,India,P1003,Notebook Set,1,6.95,6.95
INV466564,2023-12-04,CUST0260,Canada,P1006,Coffee Mug,2,8.14,16.28
INV270518,2024-09-14,CUST0133,Germany,P1008,Water Bottle,4,11.69,46.76
INV545256,2024-07-14,CUST0228,France,P1015,Winter Jacket,2,119.69,239.38
INV749082,2024-06-22,CUST0682,Usa,P1001,Wireless Mouse,1,15.75,15.75
INV611386,2024-11-06,CUST0630,India,P1015,Winter Jacket,3,124.88,374.64
INV934554,2024-05-21,CUST0366,India,P1003,Notebook Set,3,7.06,21.18
INV618563,2023-08-08,CUST0318,Brazil,P1006,Coffee Mug,1,8.64,8.64
INV759176,2024-07-31,CUST0532,France,P1005,Office Chair,5,93.33,466.65
INV997924,2024-04-25,CUST0299,Germany,P1001,Wireless Mouse,4,15.6,62.4
INV565619,2024-07-30,CUST0028,Germany,P1006,Coffee Mug,5,7.89,39.45
INV749217,2024-09-18,CUST0048,Australia,P1002,Bluetooth Speaker,1,35.97,35.97
INV878146,2023-11-26,CUST0220,Brazil,P1002,Bluetooth Speaker,4,33.99,135.96
INV808690,2024-11-14,CUST0189,Uk,P1008,Water Bottle,2,11.92,23.84
INV124280,2024-06-11,CUST0214,Australia,P1012,Gaming Headset,1,54.64,54.64
INV139132,2024-10-17,CUST0595,Usa,P1005,Office Chair,4,94.47,377.88
INV402250,2024-09-04,CUST0079,Germany,P1013,Sticky Notes Pack,3,4.06,12.18
INV336470,2023-04-28,CUST0656,Canada,P1012,Gaming Headset,3,54.02,162.06
INV232222,2024-12-24,CUST0334,India,P1014,Running Shoes,5,67.6,338.0
INV546241,2024-07-29,CUST0359,Usa,P1006,Coffee Mug,3,8.45,25.35
INV772644,2023-11-27,CUST0452,India,P1003,Notebook Set,2,6.55,13.1
INV320193,2024-01-16,CUST0298,Canada,P1006,Coffee Mug,2,7.92,15.84
INV824565,2024-06-07,CUST0126,Brazil,P1007,Yoga Mat,2,19.86,39.72
INV573821,2024-07-19,CUST0723,Australia,P1008,Water Bottle,2,11.23,22.46
INV967627,2024-07-31,CUST0320,Canada,P1006,Coffee Mug,4,8.34,33.36
INV817634,2023-01-01,CUST0103,India,P1009,Backpack,2,43.58,87.16
INV622117,2024-08-30,CUST0049,France,P1004,Desk Lamp,1,23.06,23.06
INV959553,2024-03-22,CUST0612,Germany,P1001,Wireless Mouse,5,15.82,79.1
INV225061,2024-05-10,CUST0787,Uk,P1011,Table Lamp,1,28.45,28.45
INV952743,2023-09-12,CUST0389,Uk,P1005,Office Chair,2,93.04,186.08
INV691361,2024-06-14,CUST0311,Uk,P1004,Desk Lamp,5,22.57,112.85
INV351444,2024-09-24,CUST0313,Australia,P1002,Bluetooth Speaker,1,35.21,35.21
INV878904,2024-09-29,CUST0247,India,P1008,Water Bottle,3,11.37,34.11
INV557855,2024-09-09,CUST0707,India,P1001,Wireless Mouse,4,15.81,63.24
INV289770,2024-11-09,CUST0219,Canada,P1004,Desk Lamp,3,21.42,64.26
INV636316,2024-07-07,CUST0630,India,P1003,Notebook Set,2,6.66,13.32
INV475518,2024-11-17,CUST0520,Germany,P1011,Table Lamp,2,27.26,54.52
INV853649,2024-11-23,CUST0170,Uk,P1001,Wireless Mouse,2,16.5,33.0
INV770847,2023-01-03,CUST0142,Germany,P1015,Winter Jacket,5,114.15,570.75
INV932393,2024-10-28,CUST0688,Usa,P1008,Water Bottle,4,11.97,47.88
INV407810,2024-12-06,CUST0445,Brazil,P1007,Yoga Mat,3,20.73,62.19
INV342014,2024-12-08,CUST0208,Usa,P1004,Desk Lamp,2,21.95,43.9
INV100466,2023-03-22,CUST0791,Germany,P1009,Backpack,2,46.15,92.3
INV621483,2024-01-11,CUST0076,India,P1010,Phone Case,2,10.3,20.6
INV393601,2024-12-12,CUST0782,Australia,P1005,Office Chair,4,91.16,364.64
INV526832,2024-12-02,CUST0747,Uk,P1014,Running Shoes,1,68.18,68.18
INV897499,2024-08-23,CUST0534,Uk,P1010,Phone Case,2,9.68,19.36
INV389990,2024-02-25,CUST0284,Uk,P1005,Office Chair,2,86.38,172.76
INV389501,2024-03-14,CUST0130,Germany,P1012,Gaming Headset,5,56.53,282.65
INV996577,2023-11-12,CUST0675,Canada,P1004,Desk Lamp,2,22.77,45.54
INV484295,2024-12-02,CUST0329,Uk,P1005,Office Chair,2,86.97,173.94
INV971436,2024-06-02,CUST0155,India,P1010,Phone Case,1,9.52,9.52
INV794790,2023-01-01,CUST0287,Brazil,P1004,Desk Lamp,1,22.08,22.08
INV779989,2024-08-29,CUST0732,Germany,P1014,Running Shoes,5,62.59,312.95
INV319227,2024-07-17,CUST0703,Canada,P1006,Coffee Mug,5,8.16,40.8
INV668834,2024-03-22,CUST0621,Usa,P1009,Backpack,2,44.89,89.78
INV173885,2024-04-21,CUST0454,Canada,P1008,Water Bottle,5,11.31,56.55
INV450276,2024-03-04,CUST0103,India,P1006,Coffee Mug,1,7.99,7.99
INV759594,2024-06-25,CUST0374,Canada,P1003,Notebook Set,2,6.58,13.16
INV889750,2024-08-27,CUST0564,Australia,P1010,Phone Case,5,10.46,52.3
INV390087,2024-07-16,CUST0585,Brazil,P1006,Coffee Mug,2,8.17,16.34
INV303691,2024-07-20,CUST0389,Uk,P1005,Office Chair,3,88.38,265.14
INV828432,2024-06-13,CUST0663,Australia,P1002,Bluetooth Speaker,1,34.39,34.39
INV564033,2024-04-26,CUST0207,Usa,P1005,Office Chair,3,93.48,280.44
INV633970,2024-08-08,CUST0580,France,P1001,Wireless Mouse,3,16.04,48.12
INV988255,2023-04-06,CUST0462,France,P1011,Table Lamp,5,26.43,132.15
INV926451,2024-04-18,CUST0177,France,P1004,Desk Lamp,2,22.32,44.64
INV683713,2024-04-08,CUST0602,Germany,P1007,Yoga Mat,4,20.84,83.36
INV196956,2023-08-01,CUST0301,Australia,P1012,Gaming Headset,1,52.85,52.85
INV549657,2023-03-12,CUST0333,Canada,P1013,Sticky Notes Pack,4,4.43,17.72
INV813224,2024-06-01,CUST0451,Uk,P1004,Desk Lamp,2,21.5,43.0
INV875890,2024-05-25,CUST0130,Germany,P1009,Backpack,5,47.11,235.55
INV689706,2024-05-24,CUST0346,Canada,P1003,Notebook Set,5,6.48,32.4
INV191307,2024-12-17,CUST0550,Australia,P1007,Yoga Mat,5,20.7,103.5
INV509818,2024-11-21,CUST0462,France,P1002,Bluetooth Speaker,3,33.64,100.92
INV869188,2024-02-24,CUST0364,Brazil,P1009,Backpack,4,43.79,175.16
INV470760,2024-06-28,CUST0637,France,P1012,Gaming Headset,2,54.63,109.26
INV657995,2024-05-22,CUST0631,France,P1003,Notebook Set,2,6.89,13.78
INV599053,2024-08-15,CUST0315,Germany,P1002,Bluetooth Speaker,1,34.25,34.25
INV549516,2023-01-01,CUST0331,Uk,P1005,Office Chair,1,93.63,93.63
INV765400,2024-07-05,CUST0121,Canada,P1001,Wireless Mouse,3,15.35,46.05
INV435240,2024-11-28,CUST0660,Brazil,P1006,Coffee Mug,4,8.38,33.52
INV679704,2023-07-17,CUST0615,Germany,P1013,Sticky Notes Pack,5,4.46,22.3
INV113058,2024-03-16,CUST0177,France,P1013,Sticky Notes Pack,3,4.32,12.96
INV948912,2024-10-02,CUST0165,Usa,P1010,Phone Case,2,9.59,19.18
INV877742,2024-10-20,CUST0208,Usa,P1001,Wireless Mouse,3,15.38,46.14
INV442555,2024-03-31,CUST0415,Australia,P1013,Sticky Notes Pack,2,4.43,8.86
INV766099,2024-10-29,CUST0224,Brazil,P1007,Yoga Mat,5,20.31,101.55
INV183532,2024-09-15,CUST0046,Uk,P1002,Bluetooth Speaker,4,35.28,141.12
INV735886,2024-04-24,CUST0608,Canada,P1013,Sticky Notes Pack,4,4.35,17.4
INV321149,2024-05-22,CUST0580,France,P1013,Sticky Notes Pack,3,4.16,12.48
INV976494,2023-12-09,CUST0507,Brazil,P1005,Office Chair,2,90.4,180.8
INV665575,2023-09-11,CUST0264,France,P1011,Table Lamp,1,27.8,27.8
INV492941,2023-07-26,CUST0058,Brazil,P1012,Gaming Headset,4,53.6,214.4
INV376337,2024-03-09,CUST0766,Brazil,P1010,Phone Case,2,10.0,20.0
INV595720,2024-10-01,CUST0651,Brazil,P1002,Bluetooth Speaker,3,32.95,98.85
INV921619,2023-08-17,CUST0332,France,P1003,Notebook Set,5,7.04,35.2
INV685450,2024-12-15,CUST0153,India,P1010,Phone Case,3,9.83,29.49
INV317971,2024-01-31,CUST0701,Australia,P1012,Gaming Headset,1,52.79,52.79
INV129131,2023-10-09,CUST0702,India,P1009,Backpack,1,46.52,46.52
INV257290,2023-01-01,CUST0570,Brazil,P1012,Gaming Headset,1,56.04,56.04
INV509430,2023-09-27,CUST0532,France,P1013,Sticky Notes Pack,1,4.1,4.1
INV399551,2023-01-01,CUST0657,Uk,P1007,Yoga Mat,2,20.64,41.28
INV628468,2024-04-07,CUST0612,Germany,P1009,Backpack,3,46.15,138.45
INV594719,2023-03-23,CUST0678,Germany,P1003,Notebook Set,5,7.04,35.2
INV770706,2024-07-26,CUST0547,Usa,P1008,Water Bottle,5,11.1,55.5
INV675661,2024-11-09,CUST0688,Usa,P1006,Coffee Mug,4,8.51,34.04
INV256883,2024-12-21,CUST0168,Australia,P1014,Running Shoes,4,61.87,247.48
INV666278,2024-06-19,CUST0090,Canada,P1011,Table Lamp,2,26.43,52.86
INV328478,2024-08-05,CUST0535,France,P1012,Gaming Headset,1,53.05,53.05
INV731730,2024-07-03,CUST0188,France,P1013,Sticky Notes Pack,4,4.25,17.0
INV603846,2023-01-01,CUST0264,France,P1014,Running Shoes,3,66.25,198.75
INV767075,2023-01-01,CUST0378,India,P1007,Yoga Mat,5,19.09,95.45
INV827375,2023-01-01,CUST0289,France,P1006,Coffee Mug,1,8.52,8.52
INV668834,2024-03-22,CUST0621,Usa,P1001,Wireless Mouse,2,15.82,31.64
INV793265,2024-06-30,CUST0438,Brazil,P1002,Bluetooth Speaker,3,32.91,98.73
INV630641,2023-01-01,CUST0301,Australia,P1012,Gaming Headset,1,52.71,52.71
INV365591,2024-03-04,CUST0546,Australia,P1006,Coffee Mug,1,8.32,8.32
INV139053,2023-01-01,CUST0090,Canada,P1008,Water Bottle,5,11.32,56.6
INV633970,2024-08-08,CUST0580,France,P1004,Desk Lamp,4,22.82,91.28
INV791279,2023-04-26,CUST0717,Brazil,P1001,Wireless Mouse,3,16.48,49.44
INV754491,2023-01-01,CUST0688,Usa,P1009,Backpack,3,43.34,130.02
INV250824,2024-09-07,CUST0343,Usa,P1005,Office Chair,2,88.25,176.5
INV662587,2024-12-29,CUST0379,Usa,P1002,Bluetooth Speaker,2,33.24,66.48
INV331729,2024-07-10,CUST0451,Uk,P1011,Table Lamp,4,27.59,110.36
INV319684,2024-11-28,CUST0229,Brazil,P1010,Phone Case,2,9.79,19.58
INV475116,2024-08-08,CUST0071,Germany,P1006,Coffee Mug,5,8.34,41.7
INV158577,2024-04-16,CUST0169,Brazil,P1006,Coffee Mug,5,7.96,39.8
INV837065,2024-06-28,CUST0588,France,P1015,Winter Jacket,3,115.2,345.6
INV969383,2024-11-12,CUST0440,Brazil,P1002,Bluetooth Speaker,5,35.96,179.8
INV708553,2024-06-06,CUST0333,Canada,P1010,Phone Case,1,10.34,10.34
INV541530,2023-06-22,CUST0505,Uk,P1013,Sticky Notes Pack,5,4.22,21.1
INV961203,2024-01-05,CUST0665,India,P1010,Phone Case,1,9.98,9.98
INV800741,2024-07-14,CUST0511,India,P1013,Sticky Notes Pack,2,4.46,8.92
INV626072,2024-06-24,CUST0411,France,P1003,Notebook Set,3,6.49,19.47
INV921210,2024-07-22,CUST0504,France,P1005,Office Chair,3,85.78,257.34
INV867783,2023-01-01,CUST0400,Uk,P1014,Running Shoes,1,65.05,65.05
INV863573,2023-01-01,CUST0274,Germany,P1011,Table Lamp,4,26.5,106.0
INV850215,2024-01-25,CUST0602,Germany,P1012,Gaming Headset,4,55.74,222.96
INV915181,2024-12-05,CUST0533,Usa,P1003,Notebook Set,5,7.0,35.0
INV577001,2024-09-05,CUST0663,Australia,P1004,Desk Lamp,5,22.04,110.2
INV766077,2024-04-15,CUST0463,Germany,P1008,Water Bottle,1,10.96,10.96
INV817278,2024-09-09,CUST0701,Australia,P1007,Yoga Mat,5,20.25,101.25
INV136906,2024-11-02,CUST0045,Uk,P1015,Winter Jacket,5,116.33,581.65
INV286048,2024-09-24,CUST0546,Australia,P1001,Wireless Mouse,2,16.03,32.06
INV392545,2023-10-24,CUST0677,France,P1005,Office Chair,2,86.01,172.02
INV884091,2024-06-03,CUST0264,France,P1005,Office Chair,1,87.43,87.43
INV359526,2024-11-08,CUST0204,Australia,P1009,Backpack,2,46.64,93.28
INV563848,2024-11-29,CUST0349,France,P1012,Gaming Headset,2,53.48,106.96
INV142083,2024-07-24,CUST0259,Usa,P1013,Sticky Notes Pack,4,4.43,17.72
INV879035,2024-06-14,CUST0745,France,P1006,Coffee Mug,1,8.37,8.37
INV159188,2024-11-28,CUST0175,Canada,P1014,Running Shoes,1,65.11,65.11
INV581296,2024-09-08,CUST0396,Usa,P1011,Table Lamp,5,26.69,133.45
INV992641,2024-04-28,CUST0106,Australia,P1011,Table Lamp,3,28.74,86.22
INV661436,2024-08-12,CUST0466,Uk,P1007,Yoga Mat,1,20.17,20.17
INV983382,2024-04-16,CUST0533,Usa,P1008,Water Bottle,5,11.6,58.0
INV141737,2024-09-29,CUST0555,India,P1011,Table Lamp,4,26.79,107.16
INV865697,2024-02-19,CUST0465,India,P1003,Notebook Set,5,7.04,35.2
INV790465,2024-07-13,CUST0515,France,P1005,Office Chair,5,89.23,446.15
INV626697,2024-10-02,CUST0349,France,P1009,Backpack,1,44.54,44.54
INV767250,2023-04-12,CUST0221,France,P1001,Wireless Mouse,5,15.49,77.45
INV637230,2024-01-20,CUST0733,Usa,P1007,Yoga Mat,2,19.71,39.42
INV419880,2023-11-04,CUST0516,Usa,P1005,Office Chair,3,93.36,280.08
INV970159,2024-06-28,CUST0758,Uk,P1008,Water Bottle,1,11.62,11.62
INV794519,2024-06-22,CUST0476,Canada,P1014,Running Shoes,2,63.99,127.98
INV442328,2024-10-03,CUST0443,Canada,P1015,Winter Jacket,3,118.7,356.1
INV480773,2024-04-02,CUST0173,France,P1009,Backpack,3,42.94,128.82
INV692146,2024-07-15,CUST0493,Canada,P1003,Notebook Set,3,6.66,19.98
INV775312,2024-08-06,CUST0184,Usa,P1006,Coffee Mug,2,8.03,16.06
INV738850,2023-12-02,CUST0318,Brazil,P1006,Coffee Mug,1,8.32,8.32
INV576197,2024-08-01,CUST0583,Australia,P1007,Yoga Mat,3,19.31,57.93
INV181661,2024-07-16,CUST0026,Canada,P1005,Office Chair,2,86.92,173.84
INV729247,2024-11-13,CUST0689,Usa,P1008,Water Bottle,3,11.47,34.41
INV997605,2024-04-11,CUST0120,France,P1001,Wireless Mouse,4,15.44,61.76
INV884645,2023-11-17,CUST0491,Australia,P1007,Yoga Mat,4,20.96,83.84
INV779989,2024-08-29,CUST0732,Germany,P1006,Coffee Mug,4,8.13,32.52
INV705219,2024-12-15,CUST0610,France,P1003,Notebook Set,4,7.05,28.2
INV178888,2024-01-15,CUST0663,Australia,P1011,Table Lamp,1,27.03,27.03
INV284353,2023-11-22,CUST0117,Germany,P1005,Office Chair,1,93.3,93.3
INV246609,2024-11-05,CUST0170,Uk,P1012,Gaming Headset,3,57.67,173.01
INV681849,2023-10-29,CUST0406,France,P1011,Table Lamp,4,27.62,110.48
INV329737,2024-05-22,CUST0220,Brazil,P1012,Gaming Headset,5,54.33,271.65
INV236521,2024-11-09,CUST0331,Uk,P1012,Gaming Headset,1,54.32,54.32
INV295238,2024-06-11,CUST0015,Germany,P1002,Bluetooth Speaker,5,32.94,164.7
INV248934,2023-12-31,CUST0655,Uk,P1002,Bluetooth Speaker,1,33.01,33.01
INV162412,2024-08-18,CUST0339,Brazil,P1008,Water Bottle,4,12.02,48.08
INV985722,2024-04-16,CUST0071,Germany,P1010,Phone Case,4,9.66,38.64
INV357032,2024-08-25,CUST0194,Canada,P1010,Phone Case,1,10.17,10.17
INV892048,2024-10-26,CUST0336,Usa,P1012,Gaming Headset,1,54.98,54.98
INV146139,2023-01-01,CUST0472,Brazil,P1003,Notebook Set,1,7.07,7.07
INV159230,2024-08-04,CUST0115,Usa,P1002,Bluetooth Speaker,2,36.07,72.14
INV904970,2024-09-25,CUST0041,France,P1006,Coffee Mug,2,8.54,17.08
INV115738,2024-10-10,CUST0440,Brazil,P1004,Desk Lamp,5,21.49,107.45
INV329206,2024-09-15,CUST0703,Canada,P1001,Wireless Mouse,5,15.24,76.2
INV776402,2024-07-07,CUST0032,Brazil,P1014,Running Shoes,3,63.4,190.2
INV606189,2024-05-07,CUST0166,Usa,P1013,Sticky Notes Pack,4,4.15,16.6
INV635654,2023-11-29,CUST0546,Australia,P1011,Table Lamp,2,26.95,53.9
INV630909,2024-12-09,CUST0782,Australia,P1010,Phone Case,1,9.69,9.69
INV276872,2023-12-18,CUST0078,Uk,P1005,Office Chair,4,94.25,377.0
INV467626,2024-03-08,CUST0469,France,P1001,Wireless Mouse,1,16.33,16.33
INV393601,2024-12-12,CUST0782,Australia,P1012,Gaming Headset,3,53.1,159.3
INV435951,2024-10-14,CUST0407,Australia,P1003,Notebook Set,5,6.61,33.05
INV515909,2024-12-03,CUST0225,Germany,P1007,Yoga Mat,4,19.16,76.64
INV572152,2024-11-15,CUST0319,Brazil,P1014,Running Shoes,1,66.71,66.71
INV189407,2024-07-01,CUST0406,France,P1003,Notebook Set,3,6.73,20.19
INV156762,2023-07-17,CUST0004,India,P1013,Sticky Notes Pack,2,4.09,8.18
INV775833,2024-06-07,CUST0647,Germany,P1002,Bluetooth Speaker,1,32.84,32.84
INV901878,2024-11-08,CUST0598,Germany,P1010,Phone Case,4,9.81,39.24
INV261800,2024-07-29,CUST0288,Brazil,P1004,Desk Lamp,3,23.07,69.21
INV848929,2024-05-30,CUST0049,France,P1012,Gaming Headset,3,55.46,166.38
INV675441,2024-03-11,CUST0418,Brazil,P1014,Running Shoes,3,68.24,204.72
INV582654,2024-06-14,CUST0232,Brazil,P1005,Office Chair,2,92.37,184.74
INV836107,2024-10-12,CUST0315,Germany,P1007,Yoga Mat,2,20.34,40.68
INV943583,2023-02-10,CUST0174,India,P1008,Water Bottle,2,11.81,23.62
INV211672,2023-03-19,CUST0238,Germany,P1014,Running Shoes,5,62.19,310.95
INV839051,2024-12-05,CUST0345,France,P1011,Table Lamp,3,26.37,79.11
INV288984,2024-12-12,CUST0071,Germany,P1007,Yoga Mat,1,19.86,19.86
INV116009,2024-12-16,CUST0001,Germany,P1007,Yoga Mat,4,19.02,76.08
INV351444,2024-09-24,CUST0313,Australia,P1009,Backpack,5,46.94,234.7
INV814819,2024-05-31,CUST0278,France,P1001,Wireless Mouse,1,16.14,16.14
INV210825,2023-06-17,CUST0271,Australia,P1008,Water Bottle,5,11.39,56.95
INV952743,2023-09-12,CUST0389,Uk,P1013,Sticky Notes Pack,4,4.16,16.64
INV466036,2024-10-24,CUST0331,Uk,P1013,Sticky Notes Pack,5,4.38,21.9
INV797915,2024-05-16,CUST0800,France,P1011,Table Lamp,1,26.53,26.53
INV753533,2023-12-06,CUST0667,Usa,P1005,Office Chair,4,93.16,372.64
INV696238,2023-12-24,CUST0776,Germany,P1014,Running Shoes,2,65.95,131.9
INV365774,2024-06-22,CUST0319,Brazil,P1007,Yoga Mat,2,20.56,41.12
INV980499,2024-12-21,CUST0623,India,P1007,Yoga Mat,1,19.85,19.85
INV926683,2023-02-06,CUST0191,France,P1011,Table Lamp,3,26.46,79.38
INV871305,2023-01-01,CUST0548,Brazil,P1001,Wireless Mouse,5,15.39,76.95
INV519879,2024-07-15,CUST0605,France,P1012,Gaming Headset,5,53.32,266.6
INV381577,2024-09-20,CUST0204,Australia,P1004,Desk Lamp,2,22.7,45.4
INV541108,2024-08-04,CUST0730,Usa,P1004,Desk Lamp,2,21.28,42.56
INV131880,2024-03-02,CUST0661,India,P1008,Water Bottle,2,11.78,23.56
INV833520,2024-06-08,CUST0609,Australia,P1010,Phone Case,5,9.77,48.85
INV894955,2023-01-01,CUST0725,Uk,P1001,Wireless Mouse,1,16.53,16.53
INV626697,2024-10-02,CUST0349,France,P1015,Winter Jacket,1,116.65,116.65
INV893446,2024-10-13,CUST0180,India,P1003,Notebook Set,1,6.46,6.46
INV820608,2023-01-01,CUST0590,Brazil,P1001,Wireless Mouse,1,15.56,15.56
INV978476,2023-06-28,CUST0507,Brazil,P1006,Coffee Mug,4,8.48,33.92
INV770268,2024-07-19,CUST0756,Canada,P1014,Running Shoes,4,62.63,250.52
INV236591,2024-07-21,CUST0587,Canada,P1012,Gaming Headset,1,56.76,56.76
INV867915,2024-09-26,CUST0073,Canada,P1012,Gaming Headset,2,56.15,112.3
INV732892,2024-08-24,CUST0307,France,P1005,Office Chair,4,92.11,368.44
INV473496,2024-10-14,CUST0597,France,P1013,Sticky Notes Pack,1,4.24,4.24
INV325345,2024-09-09,CUST0497,Brazil,P1013,Sticky Notes Pack,4,4.25,17.0
INV435774,2024-08-19,CUST0472,Brazil,P1012,Gaming Headset,2,54.32,108.64
INV249325,2024-11-02,CUST0357,Canada,P1006,Coffee Mug,1,7.85,7.85
INV572363,2023-11-27,CUST0299,Germany,P1001,Wireless Mouse,5,15.55,77.75
INV479786,2023-01-01,CUST0717,Brazil,P1015,Winter Jacket,5,114.08,570.4
INV432213,2024-12-25,CUST0484,Usa,P1002,Bluetooth Speaker,3,33.65,100.95
INV635432,2023-08-04,CUST0454,Canada,P1007,Yoga Mat,2,19.0,38.0
INV682503,2023-01-01,CUST0406,France,P1005,Office Chair,1,87.18,87.18
INV878858,2024-08-08,CUST0574,India,P1004,Desk Lamp,5,23.02,115.1
INV329737,2024-05-22,CUST0220,Brazil,P1008,Water Bottle,4,11.36,45.44
INV885526,2024-05-14,CUST0214,Australia,P1005,Office Chair,2,90.37,180.74
INV991270,2024-09-07,CUST0333,Canada,P1009,Backpack,2,46.63,93.26
INV119673,2024-07-09,CUST0378,India,P1015,Winter Jacket,2,124.28,248.56
INV455298,2024-08-10,CUST0221,France,P1011,Table Lamp,1,27.02,27.02
INV757943,2024-02-22,CUST0519,France,P1001,Wireless Mouse,5,15.86,79.3
INV849101,2024-12-24,CUST0493,Canada,P1011,Table Lamp,4,27.69,110.76
INV292162,2024-01-26,CUST0450,Brazil,P1008,Water Bottle,1,11.9,11.9
INV379283,2024-12-24,CUST0326,India,P1001,Wireless Mouse,2,16.31,32.62
INV483947,2023-03-21,CUST0736,Uk,P1008,Water Bottle,1,11.37,11.37
INV139560,2024-08-26,CUST0465,India,P1005,Office Chair,5,88.18,440.9
INV280460,2024-08-31,CUST0086,France,P1012,Gaming Headset,3,54.38,163.14
INV164618,2023-01-01,CUST0006,France,P1006,Coffee Mug,4,8.4,33.6
INV830680,2024-12-12,CUST0775,France,P1002,Bluetooth Speaker,5,34.57,172.85
INV440383,2024-12-20,CUST0300,Germany,P1012,Gaming Headset,5,52.53,262.65
INV648866,2024-06-26,CUST0155,India,P1015,Winter Jacket,4,116.96,467.84
INV430767,2024-12-16,CUST0072,Germany,P1002,Bluetooth Speaker,5,33.71,168.55
INV687066,2024-11-24,CUST0139,India,P1004,Desk Lamp,3,23.08,69.24
INV416152,2024-11-10,CUST0717,Brazil,P1008,Water Bottle,1,11.29,11.29
INV529838,2023-07-17,CUST0212,India,P1008,Water Bottle,3,11.23,33.69
INV936178,2024-02-28,CUST0332,France,P1010,Phone Case,3,10.41,31.23
INV842379,2023-06-06,CUST0004,India,P1005,Office Chair,5,86.77,433.85
INV968842,2024-03-02,CUST0118,Brazil,P1001,Wireless Mouse,3,16.55,49.65
INV757480,2023-01-01,CUST0756,Canada,P1009,Backpack,5,45.22,226.1
INV306361,2024-01-05,CUST0758,Uk,P1002,Bluetooth Speaker,4,33.7,134.8
INV921703,2023-07-30,CUST0091,Brazil,P1013,Sticky Notes Pack,1,4.34,4.34
INV737047,2024-08-17,CUST0291,Germany,P1010,Phone Case,2,10.32,20.64
INV441806,2023-12-29,CUST0301,Australia,P1002,Bluetooth Speaker,2,33.89,67.78
INV798709,2024-10-20,CUST0749,Germany,P1006,Coffee Mug,1,8.03,8.03
INV779306,2023-08-16,CUST0287,Brazil,P1014,Running Shoes,4,64.57,258.28
INV204378,2023-08-06,CUST0704,France,P1010,Phone Case,2,10.11,20.22
INV653004,2024-11-06,CUST0491,Australia,P1008,Water Bottle,3,11.39,34.17
INV418199,2024-12-20,CUST0358,Germany,P1011,Table Lamp,4,27.63,110.52
INV702433,2023-01-01,CUST0190,Canada,P1010,Phone Case,1,10.23,10.23
INV840625,2023-11-04,CUST0724,Brazil,P1005,Office Chair,5,93.66,468.3
INV305557,2023-07-31,CUST0444,Germany,P1012,Gaming Headset,4,54.71,218.84
INV799300,2024-09-15,CUST0781,Brazil,P1008,Water Bottle,2,11.19,22.38
INV450276,2024-03-04,CUST0103,India,P1010,Phone Case,3,10.36,31.08
INV919131,2024-09-22,CUST0611,India,P1014,Running Shoes,2,62.99,125.98
INV395563,2024-10-27,CUST0774,India,P1002,Bluetooth Speaker,1,35.81,35.81
INV530657,2023-04-29,CUST0245,Germany,P1015,Winter Jacket,4,125.4,501.6
INV457936,2024-06-02,CUST0721,Brazil,P1011,Table Lamp,1,27.19,27.19
INV255650,2023-01-01,CUST0301,Australia,P1005,Office Chair,5,91.71,458.55
INV494954,2024-06-30,CUST0016,France,P1006,Coffee Mug,2,8.06,16.12
INV919527,2024-12-29,CUST0642,Australia,P1014,Running Shoes,4,68.14,272.56
INV390087,2024-07-16,CUST0585,Brazil,P1007,Yoga Mat,3,20.03,60.09
INV488585,2024-02-11,CUST0013,Australia,P1004,Desk Lamp,3,21.33,63.99
INV847598,2023-05-29,CUST0171,Australia,P1002,Bluetooth Speaker,3,34.33,102.99
INV927559,2024-07-19,CUST0188,France,P1010,Phone Case,1,10.12,10.12
INV262039,2024-07-21,CUST0014,Uk,P1009,Backpack,3,43.11,129.33
INV755622,2024-12-03,CUST0505,Uk,P1013,Sticky Notes Pack,3,4.35,13.05
INV412488,2024-12-15,CUST0053,India,P1011,Table Lamp,2,26.86,53.72
INV573821,2024-07-19,CUST0723,Australia,P1004,Desk Lamp,5,21.88,109.4
INV654320,2024-10-08,CUST0360,Canada,P1004,Desk Lamp,3,22.43,67.29
INV126984,2023-01-01,CUST0238,Germany,P1014,Running Shoes,3,62.95,188.85
INV440918,2023-10-27,CUST0755,Uk,P1006,Coffee Mug,4,8.0,32.0
INV782017,2024-08-11,CUST0281,Canada,P1002,Bluetooth Speaker,4,34.21,136.84
INV347467,2023-08-25,CUST0565,India,P1011,Table Lamp,2,27.35,54.7
INV427291,2024-07-13,CUST0325,India,P1001,Wireless Mouse,5,15.81,79.05
INV566926,2024-12-14,CUST0725,Uk,P1003,Notebook Set,3,6.83,20.49
INV726539,2024-10-21,CUST0358,Germany,P1013,Sticky Notes Pack,3,4.08,12.24
INV453633,2024-11-05,CUST0666,Canada,P1012,Gaming Headset,2,56.7,113.4
INV627125,2023-06-20,CUST0063,Germany,P1015,Winter Jacket,2,123.97,247.94
INV221571,2023-08-10,CUST0758,Uk,P1008,Water Bottle,5,11.38,56.9
INV474523,2023-01-01,CUST0652,Uk,P1003,Notebook Set,4,7.04,28.16
INV810894,2023-01-01,CUST0712,France,P1002,Bluetooth Speaker,3,35.54,106.62
INV218539,2024-04-13,CUST0731,India,P1011,Table Lamp,3,27.73,83.19
INV212089,2023-01-25,CUST0245,Germany,P1015,Winter Jacket,2,117.56,235.12
INV271550,2023-08-14,CUST0527,Uk,P1011,Table Lamp,5,27.29,136.45
INV572382,2023-01-01,CUST0033,Germany,P1008,Water Bottle,5,11.21,56.05
INV173840,2024-11-09,CUST0143,Germany,P1011,Table Lamp,1,27.83,27.83
INV171864,2023-01-01,CUST0533,Usa,P1015,Winter Jacket,2,117.17,234.34
INV215877,2024-12-16,CUST0457,Uk,P1015,Winter Jacket,2,116.33,232.66
INV319684,2024-11-28,CUST0229,Brazil,P1012,Gaming Headset,2,57.72,115.44
INV325602,2023-03-27,CUST0034,Canada,P1013,Sticky Notes Pack,4,4.18,16.72
INV243950,2024-07-17,CUST0327,Usa,P1015,Winter Jacket,1,120.47,120.47
INV485550,2024-06-25,CUST0736,Uk,P1012,Gaming Headset,1,54.98,54.98
INV449236,2024-07-19,CUST0120,France,P1005,Office Chair,5,93.43,467.15
INV898378,2024-05-14,CUST0059,Australia,P1008,Water Bottle,3,11.48,34.44
INV899468,2024-10-27,CUST0688,Usa,P1013,Sticky Notes Pack,2,4.38,8.76
INV942223,2024-12-15,CUST0315,Germany,P1007,Yoga Mat,2,20.88,41.76
INV889566,2024-07-05,CUST0676,Canada,P1008,Water Bottle,2,11.42,22.84
INV808509,2023-01-01,CUST0245,Germany,P1014,Running Shoes,3,65.2,195.6
INV549881,2024-08-05,CUST0637,France,P1006,Coffee Mug,5,8.63,43.15
INV903227,2023-08-22,CUST0453,Uk,P1012,Gaming Headset,1,54.35,54.35
INV640852,2024-11-09,CUST0080,Uk,P1008,Water Bottle,3,11.73,35.19
INV407810,2024-12-06,CUST0445,Brazil,P1008,Water Bottle,3,11.82,35.46
INV457656,2024-02-26,CUST0628,Usa,P1013,Sticky Notes Pack,1,4.42,4.42
INV353292,2024-04-14,CUST0090,Canada,P1007,Yoga Mat,4,19.0,76.0
INV697298,2023-01-01,CUST0289,France,P1014,Running Shoes,4,62.71,250.84
INV279521,2024-08-18,CUST0457,Uk,P1004,Desk Lamp,5,22.53,112.65
INV910862,2024-05-22,CUST0194,Canada,P1010,Phone Case,2,9.56,19.12
INV522833,2024-10-05,CUST0350,France,P1003,Notebook Set,5,6.69,33.45
INV779652,2024-09-29,CUST0351,Australia,P1009,Backpack,1,43.05,43.05
INV393192,2023-01-01,CUST0665,India,P1007,Yoga Mat,5,20.25,101.25
INV119571,2024-01-29,CUST0240,France,P1003,Notebook Set,2,6.99,13.98
INV821750,2024-07-11,CUST0625,Australia,P1004,Desk Lamp,4,21.02,84.08
INV260978,2024-11-19,CUST0186,India,P1003,Notebook Set,3,6.67,20.01
INV319555,2024-04-12,CUST0373,Brazil,P1001,Wireless Mouse,5,15.57,77.85
INV783339,2024-05-31,CUST0387,Brazil,P1013,Sticky Notes Pack,1,4.26,4.26
INV919862,2024-03-10,CUST0427,Germany,P1011,Table Lamp,5,27.42,137.1
INV500375,2024-06-16,CUST0669,India,P1012,Gaming Headset,4,54.18,216.72
INV533337,2024-10-18,CUST0219,Canada,P1015,Winter Jacket,4,122.76,491.04
INV757518,2024-12-18,CUST0489,Brazil,P1009,Backpack,4,45.15,180.6
INV148520,2024-06-05,CUST0090,Canada,P1010,Phone Case,4,10.05,40.2
INV868385,2024-11-13,CUST0651,Brazil,P1004,Desk Lamp,1,22.6,22.6
INV131922,2024-06-02,CUST0274,Germany,P1002,Bluetooth Speaker,1,34.63,34.63
INV785797,2023-08-05,CUST0033,Germany,P1011,Table Lamp,5,28.4,142.0
INV983961,2024-08-08,CUST0196,Uk,P1007,Yoga Mat,1,20.18,20.18
INV594347,2023-07-08,CUST0500,Brazil,P1012,Gaming Headset,2,54.61,109.22
INV438038,2024-10-31,CUST0493,Canada,P1006,Coffee Mug,4,7.98,31.92
INV249093,2024-10-24,CUST0721,Brazil,P1004,Desk Lamp,1,21.42,21.42
INV632941,2024-03-11,CUST0578,India,P1008,Water Bottle,1,11.89,11.89
INV139053,2023-01-01,CUST0090,Canada,P1006,Coffee Mug,3,8.24,24.72
INV122188,2024-12-02,CUST0562,Brazil,P1006,Coffee Mug,2,8.14,16.28
INV506118,2024-09-19,CUST0134,Usa,P1004,Desk Lamp,2,21.76,43.52
INV196678,2024-12-13,CUST0685,Germany,P1012,Gaming Headset,3,56.35,169.05
INV156202,2024-08-09,CUST0618,Germany,P1009,Backpack,1,45.57,45.57
INV654320,2024-10-08,CUST0360,Canada,P1015,Winter Jacket,5,116.03,580.15
INV813224,2024-06-01,CUST0451,Uk,P1012,Gaming Headset,2,55.16,110.32
INV232222,2024-12-24,CUST0334,India,P1007,Yoga Mat,4,19.0,76.0
INV257269,2023-04-24,CUST0327,Usa,P1009,Backpack,5,46.46,232.3
INV499070,2023-06-06,CUST0546,Australia,P1010,Phone Case,2,9.61,19.22
INV628330,2023-02-25,CUST0425,Brazil,P1007,Yoga Mat,1,20.93,20.93
INV827948,2024-05-29,CUST0099,Brazil,P1004,Desk Lamp,2,22.25,44.5
INV198209,2024-10-30,CUST0718,Brazil,P1005,Office Chair,2,88.24,176.48
INV999008,2023-01-01,CUST0627,Australia,P1008,Water Bottle,4,11.04,44.16
INV997317,2023-12-09,CUST0370,India,P1004,Desk Lamp,3,21.81,65.43
INV507378,2024-11-22,CUST0574,India,P1007,Yoga Mat,5,20.05,100.25
INV245162,2024-11-05,CUST0682,Usa,P1005,Office Chair,5,91.9,459.5
INV349725,2024-06-14,CUST0579,Brazil,P1009,Backpack,2,44.97,89.94
INV406035,2024-01-08,CUST0346,Canada,P1012,Gaming Headset,2,54.12,108.24
INV643562,2023-11-06,CUST0377,Germany,P1007,Yoga Mat,3,19.79,59.37
INV656258,2024-03-16,CUST0424,Canada,P1014,Running Shoes,1,66.74,66.74
INV211703,2024-07-29,CUST0096,Uk,P1012,Gaming Headset,1,53.35,53.35
INV921210,2024-07-22,CUST0504,France,P1012,Gaming Headset,3,54.18,162.54
INV628886,2024-11-08,CUST0064,Brazil,P1006,Coffee Mug,1,7.93,7.93
INV187154,2024-06-22,CUST0533,Usa,P1005,Office Chair,5,94.41,472.05
INV423816,2023-12-19,CUST0104,India,P1005,Office Chair,5,92.07,460.35
INV592372,2024-06-09,CUST0107,France,P1002,Bluetooth Speaker,4,35.36,141.44
INV326405,2024-11-04,CUST0451,Uk,P1011,Table Lamp,3,28.34,85.02
INV977082,2024-05-07,CUST0152,Uk,P1015,Winter Jacket,4,116.94,467.76
INV901325,2023-01-01,CUST0457,Uk,P1009,Backpack,1,46.07,46.07
INV978566,2024-09-03,CUST0678,Germany,P1001,Wireless Mouse,1,16.06,16.06
INV596612,2023-08-13,CUST0687,France,P1009,Backpack,5,45.92,229.6
INV985938,2024-10-12,CUST0338,Usa,P1004,Desk Lamp,3,22.52,67.56
INV904799,2024-12-05,CUST0692,Canada,P1015,Winter Jacket,2,122.78,245.56
INV691361,2024-06-14,CUST0311,Uk,P1009,Backpack,3,44.04,132.12
INV894878,2023-05-24,CUST0406,France,P1001,Wireless Mouse,2,16.15,32.3
INV707029,2023-04-11,CUST0170,Uk,P1010,Phone Case,2,9.59,19.18
INV745849,2024-03-25,CUST0076,India,P1013,Sticky Notes Pack,4,4.04,16.16
INV659133,2024-09-17,CUST0476,Canada,P1010,Phone Case,4,10.02,40.08
INV183658,2023-12-07,CUST0382,Germany,P1014,Running Shoes,1,64.62,64.62
INV695498,2023-01-01,CUST0240,France,P1004,Desk Lamp,4,22.87,91.48
INV616356,2024-08-15,CUST0683,Canada,P1006,Coffee Mug,2,7.86,15.72
INV454593,2024-08-07,CUST0171,Australia,P1011,Table Lamp,1,28.19,28.19
INV916718,2024-03-24,CUST0638,Brazil,P1007,Yoga Mat,5,20.28,101.4
INV396347,2024-12-29,CUST0468,France,P1013,Sticky Notes Pack,2,4.39,8.78
INV492875,2023-08-16,CUST0177,France,P1010,Phone Case,3,9.93,29.79
INV906351,2024-07-07,CUST0634,Usa,P1009,Backpack,1,43.22,43.22
INV104249,2024-03-17,CUST0348,Australia,P1013,Sticky Notes Pack,5,4.28,21.4
INV218083,2024-05-04,CUST0646,Usa,P1002,Bluetooth Speaker,5,34.82,174.1
INV114703,2024-11-06,CUST0397,Australia,P1014,Running Shoes,3,61.78,185.34
INV393192,2023-01-01,CUST0665,India,P1009,Backpack,2,43.93,87.86
INV555934,2024-02-02,CUST0531,France,P1005,Office Chair,2,87.15,174.3
INV730922,2024-03-16,CUST0474,Usa,P1011,Table Lamp,1,27.65,27.65
INV798126,2024-02-18,CUST0781,Brazil,P1008,Water Bottle,3,11.42,34.26
INV432707,2024-10-17,CUST0264,France,P1005,Office Chair,1,91.95,91.95
INV640801,2023-01-01,CUST0350,France,P1007,Yoga Mat,4,20.09,80.36
INV661607,2024-01-22,CUST0098,Australia,P1011,Table Lamp,4,27.21,108.84
INV844194,2023-01-01,CUST0096,Uk,P1007,Yoga Mat,5,20.9,104.5
INV887865,2023-11-25,CUST0543,India,P1001,Wireless Mouse,5,16.36,81.8
INV145144,2024-01-01,CUST0101,India,P1004,Desk Lamp,3,21.57,64.71
INV301542,2023-12-06,CUST0529,Uk,P1009,Backpack,5,44.53,222.65
INV801508,2024-09-01,CUST0474,Usa,P1013,Sticky Notes Pack,2,4.4,8.8
INV647228,2024-10-18,CUST0037,Germany,P1014,Running Shoes,4,63.52,254.08
INV898355,2024-08-27,CUST0087,Australia,P1014,Running Shoes,1,67.31,67.31
INV978077,2024-05-27,CUST0337,Germany,P1011,Table Lamp,2,28.04,56.08
INV162289,2024-02-22,CUST0758,Uk,P1012,Gaming Headset,1,53.98,53.98
INV441492,2023-12-13,CUST0202,Brazil,P1005,Office Chair,5,89.46,447.3
INV253666,2024-08-25,CUST0632,France,P1012,Gaming Headset,1,57.52,57.52
INV866760,2023-10-13,CUST0527,Uk,P1004,Desk Lamp,5,22.86,114.3
INV492875,2023-08-16,CUST0177,France,P1008,Water Bottle,5,11.08,55.4
INV811876,2024-10-08,CUST0218,Australia,P1014,Running Shoes,2,63.92,127.84
INV496873,2024-09-10,CUST0365,Usa,P1012,Gaming Headset,1,55.02,55.02
INV219522,2023-07-12,CUST0098,Australia,P1014,Running Shoes,2,66.73,133.46
INV463824,2024-09-05,CUST0253,France,P1009,Backpack,4,44.88,179.52
INV227003,2024-06-21,CUST0268,Australia,P1002,Bluetooth Speaker,4,35.28,141.12
INV893259,2024-11-22,CUST0204,Australia,P1011,Table Lamp,1,27.34,27.34
INV285436,2024-05-23,CUST0731,India,P1002,Bluetooth Speaker,4,33.14,132.56
INV826052,2024-09-27,CUST0461,India,P1010,Phone Case,5,10.31,51.55
INV572939,2024-07-12,CUST0245,Germany,P1013,Sticky Notes Pack,1,4.04,4.04
INV131489,2023-07-10,CUST0691,Germany,P1004,Desk Lamp,3,22.97,68.91
INV138091,2024-06-26,CUST0371,Australia,P1008,Water Bottle,4,11.01,44.04
INV383839,2024-11-30,CUST0213,Australia,P1010,Phone Case,4,10.29,41.16
INV728811,2024-07-25,CUST0462,France,P1012,Gaming Headset,5,57.26,286.3
INV836538,2024-08-01,CUST0693,France,P1007,Yoga Mat,2,19.01,38.02
INV556960,2024-05-18,CUST0091,Brazil,P1008,Water Bottle,5,10.95,54.75
INV726599,2024-06-23,CUST0032,Brazil,P1009,Backpack,4,43.5,174.0
INV321149,2024-05-22,CUST0580,France,P1012,Gaming Headset,4,54.44,217.76
INV703152,2024-06-17,CUST0238,Germany,P1007,Yoga Mat,3,19.21,57.63
INV110631,2024-12-02,CUST0509,Germany,P1003,Notebook Set,2,6.76,13.52
INV504611,2023-01-01,CUST0745,France,P1004,Desk Lamp,1,21.67,21.67
INV315749,2024-02-15,CUST0761,Brazil,P1001,Wireless Mouse,5,16.05,80.25
INV659477,2024-05-31,CUST0094,France,P1011,Table Lamp,2,28.84,57.68
INV382804,2024-07-21,CUST0042,Uk,P1005,Office Chair,3,89.34,268.02
INV212888,2023-08-01,CUST0040,Brazil,P1006,Coffee Mug,2,8.17,16.34
INV622395,2024-07-13,CUST0298,Canada,P1008,Water Bottle,4,11.62,46.48
INV630487,2024-07-22,CUST0729,Usa,P1012,Gaming Headset,4,55.95,223.8
INV979423,2023-01-01,CUST0596,Australia,P1013,Sticky Notes Pack,5,4.43,22.15
INV367797,2024-04-29,CUST0331,Uk,P1003,Notebook Set,3,6.96,20.88
INV421851,2023-10-29,CUST0702,India,P1007,Yoga Mat,5,20.37,101.85
INV133766,2024-10-22,CUST0587,Canada,P1007,Yoga Mat,1,19.82,19.82
INV839817,2024-06-16,CUST0370,India,P1002,Bluetooth Speaker,4,34.69,138.76
INV908463,2024-10-01,CUST0465,India,P1005,Office Chair,1,86.31,86.31
INV100954,2023-08-17,CUST0165,Usa,P1015,Winter Jacket,3,116.55,349.65
INV605008,2024-01-04,CUST0342,Germany,P1007,Yoga Mat,5,20.35,101.75
INV288959,2024-03-18,CUST0677,France,P1002,Bluetooth Speaker,4,33.89,135.56
INV253977,2023-11-12,CUST0252,Australia,P1007,Yoga Mat,1,19.01,19.01
INV245714,2024-10-26,CUST0212,India,P1013,Sticky Notes Pack,3,4.35,13.05
INV141142,2023-10-06,CUST0692,Canada,P1002,Bluetooth Speaker,4,34.33,137.32
INV917744,2023-01-29,CUST0699,Germany,P1002,Bluetooth Speaker,5,32.84,164.2
INV793931,2024-08-27,CUST0124,Australia,P1008,Water Bottle,3,11.94,35.82
INV800741,2024-07-14,CUST0511,India,P1004,Desk Lamp,3,21.45,64.35
INV231298,2024-10-07,CUST0472,Brazil,P1001,Wireless Mouse,1,15.81,15.81
INV916531,2024-06-20,CUST0631,France,P1004,Desk Lamp,1,21.27,21.27
INV634579,2023-11-07,CUST0731,India,P1010,Phone Case,1,10.06,10.06
INV126296,2024-05-25,CUST0199,Brazil,P1006,Coffee Mug,4,7.92,31.68
INV467080,2023-01-01,CUST0739,Australia,P1013,Sticky Notes Pack,5,4.32,21.6
INV930769,2023-10-21,CUST0361,Brazil,P1008,Water Bottle,1,11.43,11.43
INV921884,2023-01-01,CUST0533,Usa,P1003,Notebook Set,2,6.45,12.9
INV502592,2024-09-10,CUST0731,India,P1002,Bluetooth Speaker,4,34.49,137.96
INV441200,2023-03-31,CUST0725,Uk,P1012,Gaming Headset,2,56.06,112.12
INV373515,2024-11-03,CUST0454,Canada,P1002,Bluetooth Speaker,2,33.35,66.7
INV523423,2024-11-08,CUST0721,Brazil,P1015,Winter Jacket,4,116.48,465.92
INV224865,2024-11-23,CUST0407,Australia,P1003,Notebook Set,3,6.51,19.53
INV385350,2024-01-25,CUST0631,France,P1003,Notebook Set,5,7.0,35.0
INV117899,2024-09-23,CUST0312,Uk,P1001,Wireless Mouse,5,15.78,78.9
INV567717,2024-01-18,CUST0590,Brazil,P1012,Gaming Headset,2,52.6,105.2
INV429874,2024-11-18,CUST0014,Uk,P1003,Notebook Set,5,6.76,33.8
INV340728,2023-05-01,CUST0103,India,P1012,Gaming Headset,1,54.58,54.58
INV962126,2023-11-28,CUST0677,France,P1008,Water Bottle,2,11.31,22.62
INV302309,2024-11-01,CUST0692,Canada,P1007,Yoga Mat,2,19.47,38.94
INV635435,2024-07-30,CUST0204,Australia,P1002,Bluetooth Speaker,4,36.11,144.44
INV566548,2024-07-08,CUST0209,Australia,P1003,Notebook Set,4,6.57,26.28
INV207806,2024-09-15,CUST0642,Australia,P1014,Running Shoes,1,66.83,66.83
INV983619,2024-09-22,CUST0799,Australia,P1012,Gaming Headset,2,56.62,113.24
INV714098,2023-01-01,CUST0153,India,P1012,Gaming Headset,5,55.14,275.7
INV698685,2024-09-18,CUST0760,France,P1015,Winter Jacket,4,125.07,500.28
INV622701,2024-09-04,CUST0438,Brazil,P1005,Office Chair,4,86.46,345.84
INV133766,2024-10-22,CUST0587,Canada,P1015,Winter Jacket,4,119.02,476.08
INV755204,2024-03-15,CUST0414,Australia,P1004,Desk Lamp,5,21.63,108.15
INV418987,2024-11-03,CUST0312,Uk,P1008,Water Bottle,4,11.26,45.04
INV465542,2024-08-06,CUST0742,India,P1012,Gaming Headset,3,53.29,159.87
INV478596,2024-08-18,CUST0785,India,P1004,Desk Lamp,3,21.77,65.31
INV471704,2024-02-11,CUST0424,Canada,P1012,Gaming Headset,5,52.44,262.2
INV528954,2024-11-05,CUST0196,Uk,P1014,Running Shoes,5,66.43,332.15
INV659477,2024-05-31,CUST0094,France,P1010,Phone Case,3,9.54,28.62
INV376501,2024-07-01,CUST0001,Germany,P1011,Table Lamp,4,26.94,107.76
INV481032,2024-11-25,CUST0664,Uk,P1001,Wireless Mouse,5,16.25,81.25
INV921884,2023-01-01,CUST0533,Usa,P1009,Backpack,1,44.65,44.65
INV592553,2024-09-20,CUST0301,Australia,P1001,Wireless Mouse,3,15.65,46.95
INV891500,2024-02-11,CUST0275,Australia,P1007,Yoga Mat,3,19.0,57.0
INV337567,2024-03-29,CUST0730,Usa,P1009,Backpack,2,45.49,90.98
INV279465,2024-07-21,CUST0661,India,P1005,Office Chair,5,93.38,466.9
INV424653,2024-01-12,CUST0544,Canada,P1012,Gaming Headset,4,52.78,211.12
INV248510,2023-12-07,CUST0401,France,P1007,Yoga Mat,4,20.07,80.28
INV573433,2024-09-18,CUST0208,Usa,P1015,Winter Jacket,3,123.92,371.76
INV682533,2024-09-05,CUST0589,Usa,P1005,Office Chair,1,92.55,92.55
INV547117,2024-11-12,CUST0248,Australia,P1014,Running Shoes,4,61.76,247.04
INV558488,2024-10-05,CUST0682,Usa,P1013,Sticky Notes Pack,2,4.36,8.72
INV317388,2024-07-10,CUST0683,Canada,P1006,Coffee Mug,4,8.16,32.64
INV439704,2024-12-29,CUST0530,Uk,P1010,Phone Case,1,10.19,10.19
INV741899,2024-09-01,CUST0646,Usa,P1003,Notebook Set,2,6.77,13.54
INV961557,2023-10-13,CUST0596,Australia,P1010,Phone Case,3,10.43,31.29
INV822487,2023-11-08,CUST0724,Brazil,P1010,Phone Case,4,9.72,38.88
INV450415,2023-05-24,CUST0665,India,P1004,Desk Lamp,1,22.12,22.12
INV843382,2024-12-01,CUST0397,Australia,P1009,Backpack,3,47.11,141.33
INV381529,2024-04-11,CUST0755,Uk,P1012,Gaming Headset,1,55.4,55.4
INV577945,2024-01-25,CUST0757,Usa,P1003,Notebook Set,2,6.79,13.58
INV436139,2024-07-18,CUST0422,France,P1015,Winter Jacket,1,123.67,123.67
INV443189,2024-12-13,CUST0631,France,P1001,Wireless Mouse,1,16.06,16.06
INV473683,2024-07-16,CUST0669,India,P1003,Notebook Set,3,7.01,21.03
INV860050,2023-01-01,CUST0667,Usa,P1006,Coffee Mug,3,8.47,25.41
INV705792,2023-10-22,CUST0493,Canada,P1012,Gaming Headset,1,55.17,55.17
INV312307,2024-06-08,CUST0745,France,P1007,Yoga Mat,1,20.65,20.65
INV141541,2024-05-31,CUST0454,Canada,P1002,Bluetooth Speaker,5,33.29,166.45
INV522991,2024-11-22,CUST0350,France,P1002,Bluetooth Speaker,5,33.77,168.85
INV783371,2024-03-31,CUST0450,Brazil,P1009,Backpack,3,43.35,130.05
INV916613,2023-11-17,CUST0288,Brazil,P1002,Bluetooth Speaker,3,35.74,107.22
INV129886,2024-12-27,CUST0131,Usa,P1009,Backpack,3,43.16,129.48
INV546241,2024-07-29,CUST0359,Usa,P1003,Notebook Set,5,6.89,34.45
INV801494,2024-08-22,CUST0357,Canada,P1006,Coffee Mug,5,8.39,41.95
INV441972,2024-12-08,CUST0310,Usa,P1011,Table Lamp,4,27.85,111.4
INV352969,2024-01-25,CUST0736,Uk,P1010,Phone Case,2,9.9,19.8
INV586349,2024-12-16,CUST0791,Germany,P1003,Notebook Set,1,6.63,6.63
INV483906,2024-07-08,CUST0013,Australia,P1001,Wireless Mouse,4,15.44,61.76
INV210463,2023-03-30,CUST0706,Australia,P1007,Yoga Mat,2,19.67,39.34
INV389802,2024-07-23,CUST0769,Canada,P1004,Desk Lamp,1,21.12,21.12
INV100071,2024-10-04,CUST0468,France,P1012,Gaming Headset,1,53.21,53.21
INV744204,2024-07-24,CUST0021,Brazil,P1011,Table Lamp,3,26.8,80.4
INV656484,2024-02-01,CUST0792,Usa,P1012,Gaming Headset,5,52.5,262.5
INV352517,2024-09-10,CUST0564,Australia,P1008,Water Bottle,2,11.93,23.86
INV508482,2024-12-13,CUST0301,Australia,P1004,Desk Lamp,5,21.25,106.25
INV418078,2024-03-15,CUST0213,Australia,P1005,Office Chair,3,88.44,265.32
INV453633,2024-11-05,CUST0666,Canada,P1010,Phone Case,5,10.16,50.8
INV233567,2024-05-24,CUST0539,France,P1005,Office Chair,4,85.79,343.16
INV841576,2024-12-05,CUST0219,Canada,P1015,Winter Jacket,3,120.95,362.85
INV560514,2024-12-03,CUST0333,Canada,P1003,Notebook Set,2,6.82,13.64
INV626763,2023-12-22,CUST0454,Canada,P1001,Wireless Mouse,1,15.31,15.31
INV734884,2024-09-27,CUST0434,Usa,P1005,Office Chair,2,88.73,177.46
INV942475,2024-12-09,CUST0122,Germany,P1009,Backpack,4,43.26,173.04
INV573433,2024-09-18,CUST0208,Usa,P1011,Table Lamp,5,27.62,138.1
INV755204,2024-03-15,CUST0414,Australia,P1001,Wireless Mouse,3,15.99,47.97
INV948627,2023-10-28,CUST0590,Brazil,P1013,Sticky Notes Pack,3,4.35,13.05
INV111227,2024-02-17,CUST0505,Uk,P1011,Table Lamp,5,28.75,143.75
INV453848,2023-01-01,CUST0404,Uk,P1014,Running Shoes,4,66.89,267.56
INV812713,2023-06-11,CUST0200,Usa,P1003,Notebook Set,4,6.65,26.6
INV214003,2024-07-05,CUST0110,Uk,P1008,Water Bottle,1,11.25,11.25
INV490777,2023-08-07,CUST0322,India,P1009,Backpack,4,45.44,181.76
INV891500,2024-02-11,CUST0275,Australia,P1010,Phone Case,5,9.61,48.05
INV846340,2024-12-25,CUST0273,India,P1011,Table Lamp,5,28.76,143.8
INV249803,2024-12-30,CUST0132,Australia,P1014,Running Shoes,2,62.08,124.16
INV314689,2024-08-05,CUST0383,Australia,P1007,Yoga Mat,3,20.04,60.12
INV909928,2024-10-14,CUST0098,Australia,P1009,Backpack,4,46.77,187.08
INV742749,2024-11-01,CUST0065,Usa,P1006,Coffee Mug,5,8.34,41.7
INV158055,2024-10-26,CUST0187,India,P1007,Yoga Mat,2,20.79,41.58
INV726620,2024-11-12,CUST0176,Usa,P1006,Coffee Mug,2,7.98,15.96
INV552946,2023-11-27,CUST0311,Uk,P1002,Bluetooth Speaker,2,33.04,66.08
INV454684,2024-02-13,CUST0754,Australia,P1003,Notebook Set,4,7.05,28.2
INV199808,2024-11-16,CUST0732,Germany,P1014,Running Shoes,1,67.65,67.65
INV840202,2024-07-02,CUST0557,India,P1007,Yoga Mat,1,19.99,19.99
INV712385,2024-05-22,CUST0315,Germany,P1011,Table Lamp,2,26.46,52.92
INV396640,2024-12-05,CUST0448,Canada,P1004,Desk Lamp,4,22.71,90.84
INV999029,2024-11-25,CUST0301,Australia,P1012,Gaming Headset,3,54.35,163.05
INV376858,2024-12-11,CUST0153,India,P1002,Bluetooth Speaker,5,35.69,178.45
INV158500,2024-11-26,CUST0153,India,P1014,Running Shoes,1,67.97,67.97
INV231607,2024-09-10,CUST0739,Australia,P1010,Phone Case,4,10.47,41.88
INV350036,2024-09-22,CUST0054,Canada,P1002,Bluetooth Speaker,1,34.08,34.08
INV733107,2023-12-31,CUST0423,Usa,P1012,Gaming Headset,4,56.69,226.76
INV841820,2024-04-08,CUST0173,France,P1009,Backpack,4,43.76,175.04
INV673434,2024-09-11,CUST0655,Uk,P1002,Bluetooth Speaker,3,35.84,107.52
INV793433,2024-12-03,CUST0631,France,P1015,Winter Jacket,5,120.42,602.1
INV713518,2024-05-09,CUST0130,Germany,P1003,Notebook Set,1,6.48,6.48
INV970744,2024-08-02,CUST0416,France,P1003,Notebook Set,3,6.53,19.59
INV497352,2024-12-26,CUST0238,Germany,P1010,Phone Case,5,9.74,48.7
INV111227,2024-02-17,CUST0505,Uk,P1003,Notebook Set,1,7.04,7.04
INV775376,2024-06-12,CUST0405,Germany,P1006,Coffee Mug,1,8.54,8.54
INV555235,2024-11-11,CUST0497,Brazil,P1004,Desk Lamp,1,21.53,21.53
INV183572,2024-11-23,CUST0598,Germany,P1001,Wireless Mouse,4,16.13,64.52
INV223808,2024-11-23,CUST0535,France,P1011,Table Lamp,2,27.76,55.52
INV859242,2024-01-22,CUST0535,France,P1001,Wireless Mouse,4,16.18,64.72
INV857181,2023-06-20,CUST0755,Uk,P1012,Gaming Headset,1,52.95,52.95
INV692146,2024-07-15,CUST0493,Canada,P1008,Water Bottle,3,11.3,33.9
INV942475,2024-12-09,CUST0122,Germany,P1008,Water Bottle,1,11.05,11.05
INV184050,2024-07-17,CUST0245,Germany,P1011,Table Lamp,1,26.23,26.23
INV470304,2024-03-15,CUST0699,Germany,P1010,Phone Case,2,9.57,19.14
INV825541,2023-12-13,CUST0643,India,P1003,Notebook Set,4,6.45,25.8
INV660640,2024-07-26,CUST0346,Canada,P1002,Bluetooth Speaker,2,33.26,66.52
INV861102,2024-07-13,CUST0265,India,P1005,Office Chair,3,86.64,259.92
INV161248,2023-12-28,CUST0477,Usa,P1011,Table Lamp,5,27.86,139.3
INV502899,2023-09-21,CUST0190,Canada,P1008,Water Bottle,5,11.6,58.0
INV931121,2024-03-19,CUST0245,Germany,P1015,Winter Jacket,3,119.57,358.71
INV749078,2024-07-13,CUST0082,Australia,P1004,Desk Lamp,3,21.42,64.26
INV467080,2023-01-01,CUST0739,Australia,P1001,Wireless Mouse,1,15.67,15.67
INV492748,2024-06-17,CUST0068,France,P1010,Phone Case,4,10.4,41.6
INV371212,2024-12-09,CUST0195,Australia,P1013,Sticky Notes Pack,2,4.08,8.16
INV183937,2024-08-11,CUST0199,Brazil,P1002,Bluetooth Speaker,2,33.39,66.78
INV655603,2024-12-21,CUST0006,France,P1009,Backpack,2,44.16,88.32
INV433842,2024-08-23,CUST0104,India,P1007,Yoga Mat,5,19.26,96.3
INV407484,2023-01-07,CUST0762,Canada,P1001,Wireless Mouse,1,16.13,16.13
INV416860,2024-09-08,CUST0798,Germany,P1012,Gaming Headset,5,57.66,288.3
INV706929,2023-11-01,CUST0261,India,P1008,Water Bottle,1,11.27,11.27
INV246540,2024-04-15,CUST0037,Germany,P1003,Notebook Set,3,7.06,21.18
INV188622,2024-03-19,CUST0474,Usa,P1007,Yoga Mat,1,20.52,20.52
INV869673,2024-11-09,CUST0447,Brazil,P1013,Sticky Notes Pack,4,4.06,16.24
INV376281,2024-11-28,CUST0742,India,P1010,Phone Case,3,9.73,29.19
INV204221,2023-12-25,CUST0512,Canada,P1008,Water Bottle,3,11.01,33.03
INV474963,2024-12-24,CUST0176,Usa,P1008,Water Bottle,2,11.97,23.94
INV353984,2023-01-01,CUST0665,India,P1003,Notebook Set,2,6.98,13.96
INV755737,2024-08-26,CUST0390,France,P1011,Table Lamp,4,26.63,106.52
INV828860,2024-12-03,CUST0373,Brazil,P1010,Phone Case,2,9.83,19.66
INV195657,2023-04-16,CUST0117,Germany,P1012,Gaming Headset,1,55.21,55.21
INV100770,2023-01-01,CUST0622,France,P1003,Notebook Set,3,6.99,20.97
INV449668,2024-03-28,CUST0202,Brazil,P1011,Table Lamp,4,26.83,107.32
INV965740,2024-10-16,CUST0587,Canada,P1014,Running Shoes,1,63.84,63.84
INV666143,2024-11-02,CUST0043,France,P1006,Coffee Mug,5,8.22,41.1
INV965521,2023-03-04,CUST0425,Brazil,P1015,Winter Jacket,4,114.68,458.72
INV423865,2024-12-03,CUST0373,Brazil,P1003,Notebook Set,2,6.91,13.82
INV230703,2023-05-25,CUST0271,Australia,P1004,Desk Lamp,3,22.56,67.68
INV106333,2024-06-03,CUST0596,Australia,P1013,Sticky Notes Pack,4,4.29,17.16
INV553098,2024-05-29,CUST0176,Usa,P1007,Yoga Mat,1,19.2,19.2
INV783339,2024-05-31,CUST0387,Brazil,P1009,Backpack,2,45.07,90.14
INV753020,2024-09-28,CUST0357,Canada,P1012,Gaming Headset,5,57.15,285.75
INV927666,2024-12-13,CUST0414,Australia,P1006,Coffee Mug,4,8.45,33.8
INV771987,2023-05-11,CUST0506,Canada,P1015,Winter Jacket,2,123.16,246.32
INV557751,2024-12-14,CUST0179,Germany,P1014,Running Shoes,1,67.47,67.47
INV152723,2023-10-21,CUST0245,Germany,P1014,Running Shoes,4,64.42,257.68
INV191372,2024-06-28,CUST0152,Uk,P1009,Backpack,2,43.51,87.02
INV690257,2024-10-13,CUST0392,Germany,P1009,Backpack,1,47.22,47.22
INV842751,2023-08-29,CUST0493,Canada,P1013,Sticky Notes Pack,4,4.27,17.08
INV773586,2024-12-23,CUST0472,Brazil,P1014,Running Shoes,1,63.45,63.45
INV325223,2024-11-01,CUST0603,Canada,P1015,Winter Jacket,2,117.58,235.16
INV783371,2024-03-31,CUST0450,Brazil,P1012,Gaming Headset,5,52.48,262.4
INV998472,2024-11-20,CUST0709,France,P1009,Backpack,2,44.95,89.9
INV220964,2024-04-15,CUST0407,Australia,P1005,Office Chair,2,93.69,187.38
INV953804,2023-04-10,CUST0686,Canada,P1002,Bluetooth Speaker,1,34.29,34.29
INV206835,2023-05-20,CUST0331,Uk,P1009,Backpack,1,46.06,46.06
INV857772,2024-09-15,CUST0703,Canada,P1006,Coffee Mug,5,8.22,41.1
INV365591,2024-03-04,CUST0546,Australia,P1010,Phone Case,1,9.78,9.78
INV266574,2024-12-10,CUST0096,Uk,P1007,Yoga Mat,3,20.56,61.68
INV783023,2024-09-05,CUST0453,Uk,P1009,Backpack,3,44.01,132.03
INV203542,2024-12-20,CUST0083,Canada,P1009,Backpack,3,45.6,136.8
INV899312,2023-11-15,CUST0592,Canada,P1005,Office Chair,1,85.6,85.6
INV894357,2024-09-04,CUST0034,Canada,P1014,Running Shoes,4,67.31,269.24
INV103677,2024-10-07,CUST0599,Usa,P1007,Yoga Mat,3,19.66,58.98
INV907651,2024-12-15,CUST0153,India,P1002,Bluetooth Speaker,2,35.96,71.92
INV791258,2024-08-27,CUST0333,Canada,P1002,Bluetooth Speaker,1,35.65,35.65
INV252834,2024-06-19,CUST0417,Brazil,P1005,Office Chair,1,86.1,86.1
INV943089,2023-06-01,CUST0366,India,P1004,Desk Lamp,1,21.35,21.35
INV587451,2023-01-01,CUST0781,Brazil,P1001,Wireless Mouse,1,16.28,16.28
INV207186,2023-01-01,CUST0692,Canada,P1008,Water Bottle,4,11.53,46.12
INV286144,2024-08-21,CUST0245,Germany,P1001,Wireless Mouse,5,15.69,78.45
INV538271,2024-09-10,CUST0152,Uk,P1001,Wireless Mouse,4,15.89,63.56
INV999008,2023-01-01,CUST0627,Australia,P1004,Desk Lamp,2,20.93,41.86
INV682533,2024-09-05,CUST0589,Usa,P1006,Coffee Mug,5,8.64,43.2
INV535770,2024-04-27,CUST0114,Brazil,P1014,Running Shoes,4,65.97,263.88
INV655603,2024-12-21,CUST0006,France,P1009,Backpack,1,45.8,45.8
INV286144,2024-08-21,CUST0245,Germany,P1014,Running Shoes,3,67.4,202.2
INV737047,2024-08-17,CUST0291,Germany,P1010,Phone Case,1,9.85,9.85
INV316675,2024-07-06,CUST0686,Canada,P1014,Running Shoes,1,64.5,64.5
INV137111,2024-09-24,CUST0688,Usa,P1008,Water Bottle,2,11.89,23.78
INV925275,2024-12-16,CUST0072,Germany,P1008,Water Bottle,5,11.3,56.5
INV758349,2024-06-04,CUST0427,Germany,P1011,Table Lamp,2,28.79,57.58
INV942475,2024-12-09,CUST0122,Germany,P1007,Yoga Mat,5,19.95,99.75
INV390639,2024-12-23,CUST0275,Australia,P1012,Gaming Headset,3,56.79,170.37
INV718023,2023-09-09,CUST0725,Uk,P1012,Gaming Headset,1,52.73,52.73
INV453862,2024-11-13,CUST0679,Uk,P1003,Notebook Set,1,6.77,6.77
INV131539,2023-11-15,CUST0306,Australia,P1010,Phone Case,1,9.69,9.69
INV242197,2024-10-22,CUST0632,France,P1004,Desk Lamp,3,22.79,68.37
INV841256,2023-06-05,CUST0404,Uk,P1003,Notebook Set,1,6.89,6.89
INV321832,2023-01-01,CUST0657,Uk,P1011,Table Lamp,5,28.86,144.3
INV883757,2024-10-09,CUST0588,France,P1002,Bluetooth Speaker,4,35.06,140.24
INV819217,2024-09-28,CUST0478,France,P1014,Running Shoes,1,63.07,63.07
INV485144,2023-01-01,CUST0505,Uk,P1005,Office Chair,5,91.5,457.5
INV579407,2024-01-12,CUST0715,France,P1011,Table Lamp,3,27.52,82.56
INV812713,2023-06-11,CUST0200,Usa,P1008,Water Bottle,3,12.04,36.12
INV256454,2024-02-26,CUST0235,India,P1011,Table Lamp,5,28.46,142.3
INV342907,2024-05-18,CUST0785,India,P1015,Winter Jacket,3,116.18,348.54
INV371369,2023-01-01,CUST0699,Germany,P1014,Running Shoes,2,64.24,128.48
INV365181,2023-08-15,CUST0232,Brazil,P1010,Phone Case,1,10.05,10.05
INV275432,2023-12-20,CUST0118,Brazil,P1001,Wireless Mouse,1,16.06,16.06
INV917010,2024-07-26,CUST0756,Canada,P1008,Water Bottle,1,12.03,12.03
INV122866,2024-04-21,CUST0203,Australia,P1009,Backpack,3,43.17,129.51
INV945063,2024-10-16,CUST0037,Germany,P1003,Notebook Set,1,6.75,6.75
INV351525,2023-01-01,CUST0791,Germany,P1004,Desk Lamp,5,21.62,108.1
INV271550,2023-08-14,CUST0527,Uk,P1007,Yoga Mat,3,20.17,60.51
INV109376,2024-11-12,CUST0014,Uk,P1010,Phone Case,3,10.01,30.03
INV148380,2024-09-05,CUST0078,Uk,P1002,Bluetooth Speaker,2,35.62,71.24
INV191407,2024-07-07,CUST0240,France,P1012,Gaming Headset,3,55.0,165.0
INV771335,2024-09-26,CUST0542,Australia,P1007,Yoga Mat,3,20.98,62.94
INV685650,2024-12-02,CUST0314,France,P1011,Table Lamp,3,26.37,79.11
INV532615,2024-01-01,CUST0310,Usa,P1006,Coffee Mug,5,8.55,42.75
INV802302,2024-08-21,CUST0703,Canada,P1012,Gaming Headset,2,53.93,107.86
INV859723,2024-12-04,CUST0441,Usa,P1014,Running Shoes,3,63.57,190.71
INV164029,2024-06-24,CUST0081,Germany,P1007,Yoga Mat,4,20.31,81.24
INV555012,2024-04-06,CUST0208,Usa,P1015,Winter Jacket,4,123.59,494.36
INV285626,2024-04-14,CUST0005,Brazil,P1009,Backpack,4,43.25,173.0
INV722614,2024-04-09,CUST0121,Canada,P1011,Table Lamp,2,28.83,57.66
INV683798,2024-06-05,CUST0208,Usa,P1005,Office Chair,4,86.59,346.36
INV349313,2024-07-18,CUST0416,France,P1004,Desk Lamp,5,21.23,106.15
INV516074,2024-10-22,CUST0699,Germany,P1002,Bluetooth Speaker,4,33.81,135.24
INV619901,2023-11-02,CUST0126,Brazil,P1010,Phone Case,3,10.08,30.24
INV844519,2023-11-19,CUST0793,France,P1015,Winter Jacket,5,117.32,586.6
INV639569,2024-08-27,CUST0250,Uk,P1003,Notebook Set,1,6.51,6.51
INV961670,2024-07-28,CUST0575,India,P1009,Backpack,5,43.96,219.8
INV989266,2024-06-09,CUST0466,Uk,P1006,Coffee Mug,2,8.32,16.64
INV151193,2024-02-05,CUST0755,Uk,P1013,Sticky Notes Pack,2,4.06,8.12
INV764413,2023-01-01,CUST0245,Germany,P1012,Gaming Headset,1,55.76,55.76
INV185042,2024-09-27,CUST0417,Brazil,P1005,Office Chair,3,93.33,279.99
INV805720,2024-10-28,CUST0623,India,P1002,Bluetooth Speaker,5,34.73,173.65
INV712385,2024-05-22,CUST0315,Germany,P1012,Gaming Headset,3,53.38,160.14
INV797163,2024-06-13,CUST0757,Usa,P1011,Table Lamp,1,27.32,27.32
INV942475,2024-12-09,CUST0122,Germany,P1003,Notebook Set,2,6.86,13.72
INV540241,2023-06-29,CUST0703,Canada,P1010,Phone Case,1,10.24,10.24
INV192551,2024-11-08,CUST0608,Canada,P1012,Gaming Headset,4,55.31,221.24
INV268324,2024-06-24,CUST0001,Germany,P1004,Desk Lamp,5,22.72,113.6
INV319050,2023-01-01,CUST0655,Uk,P1005,Office Chair,5,89.33,446.65
INV362074,2024-09-27,CUST0419,India,P1011,Table Lamp,4,26.81,107.24
INV688825,2024-12-16,CUST0406,France,P1013,Sticky Notes Pack,3,4.45,13.35
INV914900,2024-12-27,CUST0536,France,P1009,Backpack,4,45.82,183.28
INV435774,2024-08-19,CUST0472,Brazil,P1014,Running Shoes,1,67.94,67.94
INV533503,2024-03-21,CUST0366,India,P1014,Running Shoes,2,61.84,123.68
INV235927,2024-02-15,CUST0071,Germany,P1004,Desk Lamp,1,21.95,21.95
INV781423,2024-04-19,CUST0274,Germany,P1006,Coffee Mug,3,8.63,25.89
INV602756,2024-02-24,CUST0678,Germany,P1012,Gaming Headset,4,55.0,220.0
INV206585,2023-10-02,CUST0098,Australia,P1009,Backpack,3,44.52,133.56
INV887777,2023-09-04,CUST0177,France,P1002,Bluetooth Speaker,2,35.77,71.54
INV921703,2023-07-30,CUST0091,Brazil,P1008,Water Bottle,4,11.28,45.12
INV953279,2023-11-06,CUST0377,Germany,P1010,Phone Case,3,10.38,31.14
INV151564,2023-08-01,CUST0687,France,P1008,Water Bottle,1,11.53,11.53
INV475207,2024-07-11,CUST0004,India,P1009,Backpack,4,44.87,179.48
INV629309,2024-02-18,CUST0667,Usa,P1011,Table Lamp,1,27.39,27.39
INV666554,2024-08-25,CUST0403,India,P1010,Phone Case,2,10.14,20.28
INV662333,2024-07-15,CUST0681,Germany,P1013,Sticky Notes Pack,4,4.12,16.48
INV129546,2024-01-12,CUST0143,Germany,P1013,Sticky Notes Pack,1,4.24,4.24
INV305765,2023-11-20,CUST0289,France,P1012,Gaming Headset,5,52.58,262.9
INV533545,2024-06-11,CUST0769,Canada,P1006,Coffee Mug,1,8.04,8.04
INV920650,2023-10-03,CUST0176,Usa,P1007,Yoga Mat,4,20.66,82.64
INV338252,2024-12-25,CUST0548,Brazil,P1015,Winter Jacket,3,123.45,370.35
INV352113,2024-11-22,CUST0300,Germany,P1012,Gaming Headset,5,52.48,262.4
INV334699,2024-11-26,CUST0599,Usa,P1006,Coffee Mug,5,8.02,40.1
INV240707,2024-09-04,CUST0693,France,P1010,Phone Case,5,9.59,47.95
INV574002,2024-09-26,CUST0360,Canada,P1011,Table Lamp,2,28.73,57.46
INV333999,2023-12-30,CUST0641,Australia,P1009,Backpack,1,46.68,46.68
INV245895,2024-10-06,CUST0439,France,P1009,Backpack,4,44.84,179.36
INV156958,2023-12-09,CUST0729,Usa,P1001,Wireless Mouse,1,15.97,15.97
INV295037,2024-10-05,CUST0429,Germany,P1014,Running Shoes,3,63.58,190.74
INV987401,2024-08-12,CUST0188,France,P1015,Winter Jacket,4,124.59,498.36
INV947436,2024-08-02,CUST0176,Usa,P1012,Gaming Headset,4,54.97,219.88
INV526249,2024-07-30,CUST0178,Australia,P1009,Backpack,3,45.56,136.68
INV778915,2024-05-21,CUST0700,India,P1013,Sticky Notes Pack,1,4.31,4.31
INV629286,2023-01-14,CUST0590,Brazil,P1001,Wireless Mouse,2,15.39,30.78
INV290770,2023-05-16,CUST0694,Germany,P1004,Desk Lamp,2,21.46,42.92
INV573517,2024-05-03,CUST0004,India,P1013,Sticky Notes Pack,2,4.44,8.88
INV154488,2023-10-01,CUST0356,Usa,P1005,Office Chair,3,87.81,263.43
INV253666,2024-08-25,CUST0632,France,P1015,Winter Jacket,4,123.38,493.52
INV249120,2024-04-26,CUST0107,France,P1006,Coffee Mug,4,8.22,32.88
INV108853,2024-06-25,CUST0625,Australia,P1012,Gaming Headset,3,53.61,160.83
INV828432,2024-06-13,CUST0663,Australia,P1006,Coffee Mug,2,8.2,16.4
INV977029,2024-06-07,CUST0233,Brazil,P1014,Running Shoes,5,64.59,322.95
INV441806,2023-12-29,CUST0301,Australia,P1013,Sticky Notes Pack,3,4.19,12.57
INV810428,2024-07-18,CUST0605,France,P1004,Desk Lamp,1,22.01,22.01
INV902202,2024-08-11,CUST0402,Canada,P1014,Running Shoes,3,65.23,195.69
INV627848,2024-04-01,CUST0457,Uk,P1013,Sticky Notes Pack,3,4.33,12.99
INV650932,2023-03-06,CUST0301,Australia,P1003,Notebook Set,2,6.59,13.18
INV467418,2023-01-01,CUST0264,France,P1015,Winter Jacket,3,122.52,367.56
INV257721,2024-04-23,CUST0202,Brazil,P1015,Winter Jacket,1,118.43,118.43
INV732893,2024-06-04,CUST0406,France,P1007,Yoga Mat,3,20.46,61.38
INV691883,2024-03-19,CUST0646,Usa,P1004,Desk Lamp,2,22.22,44.44
INV551474,2024-05-10,CUST0289,France,P1009,Backpack,3,46.09,138.27
INV675584,2024-06-16,CUST0098,Australia,P1005,Office Chair,5,88.6,443.0
INV303436,2024-04-26,CUST0143,Germany,P1015,Winter Jacket,5,125.43,627.15
INV414013,2024-09-18,CUST0395,Germany,P1010,Phone Case,5,10.2,51.0
INV104249,2024-03-17,CUST0348,Australia,P1001,Wireless Mouse,5,16.54,82.7
INV805056,2024-12-18,CUST0596,Australia,P1001,Wireless Mouse,1,16.46,16.46
INV258474,2024-08-06,CUST0462,France,P1008,Water Bottle,5,10.94,54.7
INV622117,2024-08-30,CUST0049,France,P1004,Desk Lamp,3,20.91,62.73
INV628600,2024-06-16,CUST0406,France,P1010,Phone Case,1,9.86,9.86
INV177355,2024-04-24,CUST0753,Canada,P1007,Yoga Mat,3,20.92,62.76
INV385529,2024-12-12,CUST0498,Brazil,P1011,Table Lamp,2,28.73,57.46
INV880037,2024-05-30,CUST0390,France,P1011,Table Lamp,4,26.79,107.16
INV336706,2024-07-03,CUST0027,Usa,P1008,Water Bottle,4,11.85,47.4
INV608249,2023-01-01,CUST0006,France,P1007,Yoga Mat,2,20.02,40.04
INV253875,2024-05-30,CUST0738,Canada,P1013,Sticky Notes Pack,5,4.39,21.95
INV305726,2024-09-16,CUST0621,Usa,P1014,Running Shoes,1,62.54,62.54
INV577387,2024-11-22,CUST0195,Australia,P1005,Office Chair,5,93.01,465.05
INV857181,2023-06-20,CUST0755,Uk,P1004,Desk Lamp,4,21.71,86.84
INV202966,2023-07-26,CUST0491,Australia,P1009,Backpack,4,44.64,178.56
INV977221,2024-10-05,CUST0513,Canada,P1014,Running Shoes,5,65.66,328.3
INV201648,2024-04-26,CUST0067,Uk,P1002,Bluetooth Speaker,5,34.51,172.55
INV988548,2024-08-03,CUST0754,Australia,P1009,Backpack,1,42.86,42.86
INV976494,2023-12-09,CUST0507,Brazil,P1012,Gaming Headset,1,54.77,54.77
INV597365,2024-11-28,CUST0615,Germany,P1015,Winter Jacket,1,117.46,117.46
INV964936,2024-09-16,CUST0081,Germany,P1008,Water Bottle,5,10.96,54.8
INV667045,2024-04-16,CUST0723,Australia,P1015,Winter Jacket,1,124.09,124.09
INV649697,2024-12-16,CUST0790,France,P1012,Gaming Headset,5,54.37,271.85
INV750037,2024-06-24,CUST0795,Australia,P1008,Water Bottle,5,11.05,55.25
INV317354,2024-11-05,CUST0763,Brazil,P1009,Backpack,1,44.6,44.6
INV448226,2024-12-03,CUST0478,France,P1005,Office Chair,3,93.74,281.22
INV589708,2024-08-02,CUST0600,France,P1001,Wireless Mouse,3,15.26,45.78
INV829751,2023-09-02,CUST0685,Germany,P1004,Desk Lamp,4,22.9,91.6
INV762881,2024-08-23,CUST0042,Uk,P1009,Backpack,1,45.68,45.68
INV739539,2023-01-01,CUST0264,France,P1004,Desk Lamp,5,22.51,112.55
INV711337,2023-01-19,CUST0454,Canada,P1005,Office Chair,5,89.57,447.85
INV789289,2023-10-22,CUST0619,India,P1007,Yoga Mat,3,19.29,57.87
INV229610,2024-08-03,CUST0657,Uk,P1008,Water Bottle,3,12.01,36.03
INV830805,2024-07-03,CUST0263,France,P1010,Phone Case,4,10.14,40.56
INV274652,2024-05-10,CUST0648,Usa,P1013,Sticky Notes Pack,4,4.09,16.36
INV643407,2024-10-22,CUST0357,Canada,P1010,Phone Case,4,10.37,41.48
INV195980,2024-12-22,CUST0622,France,P1005,Office Chair,3,93.18,279.54
INV741447,2023-01-01,CUST0694,Germany,P1009,Backpack,1,47.2,47.2
INV998741,2024-05-16,CUST0195,Australia,P1013,Sticky Notes Pack,3,4.15,12.45
INV148520,2024-06-05,CUST0090,Canada,P1010,Phone Case,2,9.66,19.32
INV171864,2023-01-01,CUST0533,Usa,P1009,Backpack,4,45.73,182.92
INV561595,2024-02-03,CUST0614,Brazil,P1008,Water Bottle,1,11.5,11.5
INV963661,2023-10-25,CUST0568,India,P1013,Sticky Notes Pack,2,4.21,8.42
INV778427,2024-11-18,CUST0371,Australia,P1008,Water Bottle,4,11.77,47.08
INV122866,2024-04-21,CUST0203,Australia,P1007,Yoga Mat,3,20.87,62.61
INV501429,2023-04-15,CUST0006,France,P1006,Coffee Mug,4,8.54,34.16
INV574738,2024-11-21,CUST0682,Usa,P1012,Gaming Headset,4,57.27,229.08
INV988635,2024-05-30,CUST0752,India,P1011,Table Lamp,3,28.81,86.43
INV707339,2024-06-14,CUST0631,France,P1003,Notebook Set,2,6.81,13.62
INV867472,2023-01-14,CUST0120,France,P1002,Bluetooth Speaker,5,34.33,171.65
INV183266,2024-12-18,CUST0212,India,P1010,Phone Case,3,10.18,30.54
INV819188,2023-09-15,CUST0680,India,P1014,Running Shoes,5,65.78,328.9
INV290770,2023-05-16,CUST0694,Germany,P1008,Water Bottle,2,11.56,23.12
INV657588,2024-11-15,CUST0170,Uk,P1003,Notebook Set,1,6.48,6.48
INV940191,2023-10-07,CUST0507,Brazil,P1008,Water Bottle,1,12.03,12.03
INV634579,2023-11-07,CUST0731,India,P1012,Gaming Headset,2,54.75,109.5
INV750037,2024-06-24,CUST0795,Australia,P1011,Table Lamp,2,28.33,56.66
INV452589,2024-06-11,CUST0465,India,P1012,Gaming Headset,4,55.47,221.88
INV643603,2024-11-08,CUST0647,Germany,P1010,Phone Case,5,10.25,51.25
INV393518,2024-05-27,CUST0013,Australia,P1005,Office Chair,2,87.67,175.34
INV261257,2023-01-01,CUST0152,Uk,P1003,Notebook Set,1,6.75,6.75
INV821010,2024-11-27,CUST0685,Germany,P1013,Sticky Notes Pack,1,4.09,4.09
INV641740,2024-09-11,CUST0355,France,P1001,Wireless Mouse,1,16.53,16.53
INV655259,2024-12-07,CUST0670,Brazil,P1013,Sticky Notes Pack,4,4.31,17.24
INV656041,2024-10-03,CUST0800,France,P1014,Running Shoes,4,62.57,250.28
INV141142,2023-10-06,CUST0692,Canada,P1014,Running Shoes,4,63.36,253.44
INV893189,2024-07-20,CUST0612,Germany,P1002,Bluetooth Speaker,3,32.82,98.46
INV542230,2024-05-14,CUST0352,Uk,P1004,Desk Lamp,2,22.98,45.96
INV104828,2024-08-28,CUST0479,Germany,P1007,Yoga Mat,2,19.25,38.5
INV988635,2024-05-30,CUST0752,India,P1005,Office Chair,2,92.87,185.74
INV371228,2023-04-26,CUST0686,Canada,P1015,Winter Jacket,1,122.12,122.12
INV295598,2024-04-13,CUST0644,Germany,P1013,Sticky Notes Pack,2,4.43,8.86
INV476253,2023-01-01,CUST0701,Australia,P1002,Bluetooth Speaker,1,33.15,33.15
INV192551,2024-11-08,CUST0608,Canada,P1011,Table Lamp,1,28.81,28.81
INV557725,2024-12-14,CUST0144,Uk,P1010,Phone Case,2,9.6,19.2
INV753261,2024-08-31,CUST0319,Brazil,P1009,Backpack,5,45.89,229.45
INV464705,2023-11-30,CUST0743,Germany,P1004,Desk Lamp,3,22.82,68.46
INV464137,2024-05-08,CUST0388,Canada,P1005,Office Chair,3,94.12,282.36
INV490251,2024-04-19,CUST0539,France,P1010,Phone Case,3,10.05,30.15
INV820608,2023-01-01,CUST0590,Brazil,P1014,Running Shoes,5,66.02,330.1
INV759594,2024-06-25,CUST0374,Canada,P1008,Water Bottle,4,11.41,45.64
INV506922,2024-03-04,CUST0699,Germany,P1015,Winter Jacket,4,123.34,493.36
INV894357,2024-09-04,CUST0034,Canada,P1006,Coffee Mug,1,7.85,7.85
INV752947,2023-09-20,CUST0098,Australia,P1001,Wireless Mouse,4,15.41,61.64
INV312999,2024-12-15,CUST0541,Usa,P1001,Wireless Mouse,4,15.91,63.64
INV757136,2024-09-08,CUST0072,Germany,P1001,Wireless Mouse,2,16.08,32.16
INV490697,2024-04-28,CUST0663,Australia,P1013,Sticky Notes Pack,4,4.4,17.6
INV897212,2024-07-14,CUST0712,France,P1008,Water Bottle,1,11.65,11.65
INV301044,2024-08-05,CUST0784,France,P1002,Bluetooth Speaker,5,33.23,166.15
INV587956,2024-10-17,CUST0692,Canada,P1014,Running Shoes,1,67.19,67.19
INV463577,2023-05-19,CUST0751,Canada,P1011,Table Lamp,4,27.48,109.92
INV609306,2024-08-22,CUST0359,Usa,P1002,Bluetooth Speaker,5,34.76,173.8
INV226991,2024-11-18,CUST0429,Germany,P1015,Winter Jacket,2,115.65,231.3
INV416618,2024-03-24,CUST0207,Usa,P1011,Table Lamp,3,28.76,86.28
INV279615,2024-02-26,CUST0772,Australia,P1013,Sticky Notes Pack,4,4.21,16.84
INV105639,2024-08-22,CUST0781,Brazil,P1008,Water Bottle,4,10.98,43.92
INV672407,2024-03-23,CUST0051,Germany,P1002,Bluetooth Speaker,2,34.94,69.88
INV353292,2024-04-14,CUST0090,Canada,P1004,Desk Lamp,3,22.76,68.28
INV928492,2024-05-16,CUST0532,France,P1007,Yoga Mat,3,20.73,62.19
INV896140,2023-07-07,CUST0678,Germany,P1006,Coffee Mug,2,8.52,17.04
INV451768,2023-12-06,CUST0742,India,P1006,Coffee Mug,1,8.63,8.63
INV471386,2024-05-30,CUST0159,France,P1001,Wireless Mouse,3,16.51,49.53
INV434391,2024-08-21,CUST0650,Germany,P1010,Phone Case,4,10.4,41.6
INV641173,2024-06-23,CUST0442,Usa,P1011,Table Lamp,3,27.98,83.94
INV749673,2024-02-09,CUST0546,Australia,P1001,Wireless Mouse,4,15.84,63.36
INV460558,2023-12-11,CUST0544,Canada,P1007,Yoga Mat,3,20.02,60.06
INV270540,2023-01-01,CUST0194,Canada,P1015,Winter Jacket,1,114.32,114.32
INV962845,2024-09-07,CUST0652,Uk,P1005,Office Chair,5,93.88,469.4
INV704577,2023-03-21,CUST0238,Germany,P1014,Running Shoes,2,65.4,130.8
INV874584,2024-10-19,CUST0561,Canada,P1010,Phone Case,4,10.05,40.2
INV352113,2024-11-22,CUST0300,Germany,P1005,Office Chair,1,93.32,93.32
INV110256,2024-03-09,CUST0355,France,P1002,Bluetooth Speaker,5,34.98,174.9
INV278824,2024-09-20,CUST0397,Australia,P1008,Water Bottle,2,12.06,24.12
INV236521,2024-11-09,CUST0331,Uk,P1006,Coffee Mug,3,7.9,23.7
INV762623,2024-06-10,CUST0268,Australia,P1009,Backpack,3,44.78,134.34
INV133715,2024-06-14,CUST0187,India,P1005,Office Chair,2,88.91,177.82
INV769055,2023-09-22,CUST0616,Canada,P1002,Bluetooth Speaker,3,33.63,100.89
INV311013,2024-08-04,CUST0437,France,P1005,Office Chair,4,93.48,373.92
INV750482,2023-11-17,CUST0242,Australia,P1004,Desk Lamp,3,22.96,68.88
INV568408,2024-04-04,CUST0019,Australia,P1013,Sticky Notes Pack,4,4.38,17.52
INV220964,2024-04-15,CUST0407,Australia,P1005,Office Chair,4,93.98,375.92
INV265127,2024-06-01,CUST0596,Australia,P1005,Office Chair,4,88.52,354.08
INV231133,2024-12-11,CUST0158,Brazil,P1003,Notebook Set,3,6.95,20.85
INV340236,2023-01-01,CUST0717,Brazil,P1009,Backpack,2,44.92,89.84
INV113415,2024-02-26,CUST0161,Germany,P1015,Winter Jacket,5,117.63,588.15
INV541530,2023-06-22,CUST0505,Uk,P1007,Yoga Mat,1,20.34,20.34
INV640177,2024-08-18,CUST0800,France,P1006,Coffee Mug,3,8.17,24.51
INV727196,2024-10-08,CUST0692,Canada,P1005,Office Chair,3,88.3,264.9
INV660984,2023-07-06,CUST0536,France,P1015,Winter Jacket,5,122.25,611.25
INV405293,2024-08-08,CUST0388,Canada,P1015,Winter Jacket,3,120.51,361.53
INV761996,2024-12-04,CUST0753,Canada,P1007,Yoga Mat,2,20.26,40.52
INV885844,2024-10-24,CUST0632,France,P1006,Coffee Mug,1,8.56,8.56
INV657203,2024-10-07,CUST0782,Australia,P1006,Coffee Mug,2,8.64,17.28
INV669826,2024-09-04,CUST0373,Brazil,P1008,Water Bottle,2,11.37,22.74
INV469378,2024-09-04,CUST0207,Usa,P1009,Backpack,1,46.81,46.81
INV934554,2024-05-21,CUST0366,India,P1015,Winter Jacket,4,122.98,491.92
INV733107,2023-12-31,CUST0423,Usa,P1007,Yoga Mat,3,20.71,62.13
INV736122,2024-02-14,CUST0262,Germany,P1001,Wireless Mouse,4,15.92,63.68
INV333727,2023-02-06,CUST0130,Germany,P1006,Coffee Mug,5,8.29,41.45
INV360888,2024-07-29,CUST0193,Uk,P1005,Office Chair,3,87.6,262.8
INV811732,2024-12-05,CUST0148,Usa,P1006,Coffee Mug,5,8.3,41.5
INV266789,2024-12-14,CUST0698,Uk,P1008,Water Bottle,4,11.12,44.48
INV685688,2024-09-13,CUST0735,Brazil,P1002,Bluetooth Speaker,2,34.71,69.42
INV943029,2024-06-04,CUST0399,France,P1009,Backpack,4,45.49,181.96
INV471704,2024-02-11,CUST0424,Canada,P1005,Office Chair,1,91.42,91.42
INV648336,2024-07-24,CUST0311,Uk,P1014,Running Shoes,1,65.18,65.18
INV115241,2024-09-20,CUST0296,Canada,P1010,Phone Case,5,10.0,50.0
INV434569,2024-12-05,CUST0608,Canada,P1005,Office Chair,4,88.92,355.68
INV729255,2024-07-29,CUST0027,Usa,P1001,Wireless Mouse,2,15.89,31.78
INV152932,2023-08-21,CUST0187,India,P1006,Coffee Mug,4,8.33,33.32
INV421851,2023-10-29,CUST0702,India,P1013,Sticky Notes Pack,5,4.09,20.45
INV163425,2024-02-14,CUST0136,Canada,P1009,Backpack,2,46.51,93.02
INV843382,2024-12-01,CUST0397,Australia,P1015,Winter Jacket,2,115.77,231.54
INV212392,2024-05-10,CUST0707,India,P1010,Phone Case,1,9.98,9.98
INV387793,2023-01-01,CUST0413,Germany,P1007,Yoga Mat,2,19.37,38.74
INV193570,2024-12-12,CUST0183,Uk,P1009,Backpack,5,44.69,223.45
INV961442,2024-12-16,CUST0347,India,P1007,Yoga Mat,4,19.01,76.04
INV815748,2023-04-04,CUST0265,India,P1007,Yoga Mat,3,20.38,61.14
INV568441,2024-11-27,CUST0616,Canada,P1002,Bluetooth Speaker,4,33.11,132.44
INV873069,2023-08-13,CUST0261,India,P1012,Gaming Headset,5,53.08,265.4
INV570524,2024-08-08,CUST0263,France,P1005,Office Chair,2,86.69,173.38
INV830101,2024-01-06,CUST0006,France,P1010,Phone Case,1,10.33,10.33
INV202562,2024-11-05,CUST0482,India,P1001,Wireless Mouse,5,15.29,76.45
INV806502,2024-08-07,CUST0634,Usa,P1014,Running Shoes,4,64.46,257.84
INV458811,2024-11-05,CUST0745,France,P1015,Winter Jacket,1,116.74,116.74
INV945686,2023-08-13,CUST0547,Usa,P1012,Gaming Headset,3,54.26,162.78
INV134454,2024-07-21,CUST0735,Brazil,P1013,Sticky Notes Pack,4,4.08,16.32
INV388298,2024-11-25,CUST0103,India,P1008,Water Bottle,4,11.08,44.32
INV379283,2024-12-24,CUST0326,India,P1006,Coffee Mug,2,8.27,16.54
INV611928,2024-10-29,CUST0522,Germany,P1006,Coffee Mug,2,8.14,16.28
INV514165,2024-12-30,CUST0421,Brazil,P1011,Table Lamp,5,27.86,139.3
INV148953,2024-08-06,CUST0646,Usa,P1004,Desk Lamp,2,21.83,43.66
INV310903,2023-01-01,CUST0688,Usa,P1009,Backpack,2,44.58,89.16
INV441518,2024-08-06,CUST0245,Germany,P1003,Notebook Set,2,7.08,14.16
INV223229,2023-12-27,CUST0273,India,P1011,Table Lamp,5,28.41,142.05
INV949601,2023-05-22,CUST0688,Usa,P1010,Phone Case,2,10.25,20.5
INV386943,2023-09-05,CUST0668,Australia,P1009,Backpack,5,44.25,221.25
INV834967,2023-02-27,CUST0596,Australia,P1010,Phone Case,2,9.76,19.52
INV434894,2024-02-20,CUST0101,India,P1014,Running Shoes,4,63.07,252.28
INV288219,2024-09-20,CUST0790,France,P1001,Wireless Mouse,3,15.88,47.64
INV750758,2024-09-04,CUST0700,India,P1010,Phone Case,3,10.46,31.38
INV103354,2024-01-27,CUST0382,Germany,P1004,Desk Lamp,4,21.82,87.28
INV701884,2023-09-20,CUST0571,Canada,P1001,Wireless Mouse,2,16.01,32.02
INV969140,2024-10-26,CUST0082,Australia,P1009,Backpack,1,44.73,44.73
INV866465,2024-11-21,CUST0666,Canada,P1005,Office Chair,2,90.43,180.86
INV937589,2024-07-26,CUST0729,Usa,P1005,Office Chair,5,87.12,435.6
INV852547,2023-12-22,CUST0070,Uk,P1003,Notebook Set,5,6.7,33.5
INV700538,2024-11-19,CUST0713,India,P1004,Desk Lamp,4,22.12,88.48
INV542230,2024-05-14,CUST0352,Uk,P1010,Phone Case,3,10.26,30.78
INV794926,2024-12-11,CUST0222,Uk,P1003,Notebook Set,3,6.86,20.58
INV753985,2023-06-28,CUST0668,Australia,P1012,Gaming Headset,1,55.4,55.4
INV899287,2023-01-01,CUST0228,France,P1003,Notebook Set,2,6.76,13.52
INV113042,2024-02-26,CUST0140,Australia,P1013,Sticky Notes Pack,1,4.4,4.4
INV797915,2024-05-16,CUST0800,France,P1005,Office Chair,3,92.8,278.4
INV206181,2024-04-05,CUST0679,Uk,P1009,Backpack,2,43.86,87.72
INV591642,2024-07-01,CUST0785,India,P1014,Running Shoes,5,65.68,328.4
INV129131,2023-10-09,CUST0702,India,P1007,Yoga Mat,2,19.95,39.9
INV988640,2024-10-18,CUST0774,India,P1011,Table Lamp,1,27.62,27.62
INV592752,2023-11-20,CUST0748,Germany,P1001,Wireless Mouse,5,16.0,80.0
INV704052,2023-07-22,CUST0791,Germany,P1006,Coffee Mug,2,8.39,16.78
INV173099,2024-09-25,CUST0005,Brazil,P1011,Table Lamp,3,27.89,83.67
INV196678,2024-12-13,CUST0685,Germany,P1004,Desk Lamp,4,22.58,90.32
INV242925,2024-08-31,CUST0267,Germany,P1006,Coffee Mug,3,8.53,25.59
INV116664,2024-12-08,CUST0655,Uk,P1005,Office Chair,4,92.56,370.24
INV561404,2024-05-20,CUST0207,Usa,P1002,Bluetooth Speaker,3,34.32,102.96
INV689732,2024-05-02,CUST0658,Germany,P1014,Running Shoes,2,62.43,124.86
INV474173,2024-12-17,CUST0454,Canada,P1015,Winter Jacket,5,115.63,578.15
INV952743,2023-09-12,CUST0389,Uk,P1015,Winter Jacket,5,115.39,576.95
INV185492,2023-06-16,CUST0624,Canada,P1007,Yoga Mat,3,20.75,62.25
INV301138,2024-11-21,CUST0535,France,P1015,Winter Jacket,4,115.77,463.08
INV256454,2024-02-26,CUST0235,India,P1012,Gaming Headset,5,54.18,270.9
INV909893,2024-04-10,CUST0409,Brazil,P1008,Water Bottle,1,11.46,11.46
INV730180,2024-09-27,CUST0635,France,P1015,Winter Jacket,2,120.51,241.02
INV451307,2024-10-14,CUST0273,India,P1010,Phone Case,4,10.49,41.96
INV164029,2024-06-24,CUST0081,Germany,P1006,Coffee Mug,3,8.24,24.72
INV847202,2023-01-17,CUST0325,India,P1008,Water Bottle,5,11.7,58.5
INV357608,2024-07-01,CUST0514,India,P1002,Bluetooth Speaker,5,33.25,166.25
INV446908,2024-12-09,CUST0508,Germany,P1008,Water Bottle,1,11.91,11.91
INV223871,2024-05-21,CUST0798,Germany,P1007,Yoga Mat,1,20.89,20.89
INV548514,2024-07-03,CUST0674,Germany,P1004,Desk Lamp,2,22.33,44.66
INV869673,2024-11-09,CUST0447,Brazil,P1001,Wireless Mouse,5,16.3,81.5
INV349313,2024-07-18,CUST0416,France,P1001,Wireless Mouse,2,15.79,31.58
INV233049,2023-01-01,CUST0590,Brazil,P1011,Table Lamp,4,27.11,108.44
INV564836,2024-01-23,CUST0577,Uk,P1005,Office Chair,2,89.87,179.74
INV610304,2024-12-05,CUST0699,Germany,P1001,Wireless Mouse,2,15.41,30.82
INV258898,2024-06-19,CUST0591,India,P1015,Winter Jacket,4,122.64,490.56
INV770379,2024-01-05,CUST0786,Uk,P1004,Desk Lamp,3,22.28,66.84
INV677751,2024-05-01,CUST0571,Canada,P1009,Backpack,2,45.15,90.3
INV555235,2024-11-11,CUST0497,Brazil,P1007,Yoga Mat,3,20.83,62.49
INV962019,2024-10-27,CUST0636,Australia,P1006,Coffee Mug,5,8.17,40.85
INV390628,2023-01-01,CUST0625,Australia,P1005,Office Chair,1,91.29,91.29
INV279372,2023-12-23,CUST0664,Uk,P1013,Sticky Notes Pack,5,4.26,21.3
INV991360,2024-12-24,CUST0454,Canada,P1012,Gaming Headset,2,56.59,113.18
INV989266,2024-06-09,CUST0466,Uk,P1012,Gaming Headset,2,57.14,114.28
INV937589,2024-07-26,CUST0729,Usa,P1007,Yoga Mat,5,19.76,98.8
INV377293,2023-01-01,CUST0622,France,P1015,Winter Jacket,5,114.85,574.25
INV823199,2024-03-05,CUST0317,Brazil,P1008,Water Bottle,5,11.86,59.3
INV866760,2023-10-13,CUST0527,Uk,P1009,Backpack,2,43.87,87.74
INV682027,2024-03-03,CUST0174,India,P1009,Backpack,3,47.03,141.09
INV860998,2024-08-26,CUST0332,France,P1005,Office Chair,3,87.8,263.4
INV447570,2023-11-08,CUST0227,Canada,P1002,Bluetooth Speaker,3,34.72,104.16
INV555897,2024-07-22,CUST0155,India,P1009,Backpack,2,45.95,91.9
INV925606,2024-06-18,CUST0068,France,P1002,Bluetooth Speaker,5,32.91,164.55
INV506927,2024-09-17,CUST0548,Brazil,P1004,Desk Lamp,1,21.49,21.49
INV396347,2024-12-29,CUST0468,France,P1006,Coffee Mug,4,8.17,32.68
INV220964,2024-04-15,CUST0407,Australia,P1002,Bluetooth Speaker,4,33.96,135.84
INV626072,2024-06-24,CUST0411,France,P1003,Notebook Set,3,6.52,19.56
INV541690,2023-06-01,CUST0782,Australia,P1009,Backpack,1,43.49,43.49
INV152932,2023-08-21,CUST0187,India,P1015,Winter Jacket,5,117.56,587.8
INV241068,2024-07-29,CUST0630,India,P1008,Water Bottle,2,11.58,23.16
INV597500,2023-01-01,CUST0670,Brazil,P1001,Wireless Mouse,4,16.38,65.52
INV828833,2024-07-30,CUST0021,Brazil,P1011,Table Lamp,3,28.23,84.69
INV236490,2023-10-08,CUST0098,Australia,P1014,Running Shoes,3,66.12,198.36
INV392725,2023-01-01,CUST0757,Usa,P1010,Phone Case,2,9.83,19.66
INV119241,2024-01-17,CUST0150,Germany,P1002,Bluetooth Speaker,2,34.41,68.82
INV748873,2024-05-08,CUST0056,Australia,P1015,Winter Jacket,3,115.44,346.32
INV100620,2023-01-01,CUST0011,Usa,P1003,Notebook Set,5,6.84,34.2
INV613104,2024-12-19,CUST0692,Canada,P1007,Yoga Mat,1,19.95,19.95
INV245146,2024-06-05,CUST0636,Australia,P1004,Desk Lamp,5,22.75,113.75
INV165062,2023-01-01,CUST0214,Australia,P1005,Office Chair,4,86.49,345.96
INV823570,2023-08-17,CUST0114,Brazil,P1005,Office Chair,4,91.4,365.6
INV635654,2023-11-29,CUST0546,Australia,P1011,Table Lamp,1,26.82,26.82
INV875493,2024-10-25,CUST0439,France,P1015,Winter Jacket,4,124.92,499.68
INV388736,2024-10-17,CUST0635,France,P1007,Yoga Mat,1,19.48,19.48
INV983961,2024-08-21,CUST0677,France,P1004,Desk Lamp,1,22.76,22.76
INV585527,2023-10-10,CUST0142,Germany,P1002,Bluetooth Speaker,4,34.79,139.16
INV960903,2024-04-28,CUST0757,Usa,P1013,Sticky Notes Pack,5,4.05,20.25
INV639232,2024-09-25,CUST0387,Brazil,P1006,Coffee Mug,3,8.42,25.26
INV156996,2023-09-30,CUST0322,India,P1012,Gaming Headset,2,54.58,109.16
INV970344,2024-01-13,CUST0337,Germany,P1003,Notebook Set,5,6.72,33.6
INV307401,2024-10-03,CUST0126,Brazil,P1003,Notebook Set,3,6.94,20.82
INV933553,2024-08-11,CUST0411,France,P1002,Bluetooth Speaker,3,34.03,102.09
INV125297,2023-01-01,CUST0333,Canada,P1008,Water Bottle,1,11.1,11.1
INV230493,2024-12-10,CUST0107,France,P1004,Desk Lamp,2,22.91,45.82
INV273163,2024-10-13,CUST0709,France,P1014,Running Shoes,2,62.79,125.58
INV179333,2024-05-04,CUST0098,Australia,P1011,Table Lamp,2,26.48,52.96
INV453038,2024-06-19,CUST0252,Australia,P1009,Backpack,2,45.96,91.92
INV686896,2023-11-18,CUST0413,Germany,P1005,Office Chair,2,93.05,186.1
INV489821,2024-10-17,CUST0747,Uk,P1015,Winter Jacket,2,120.86,241.72
INV142150,2024-10-22,CUST0501,France,P1006,Coffee Mug,1,8.0,8.0
INV453833,2024-04-24,CUST0142,Germany,P1012,Gaming Headset,2,53.93,107.86
INV438542,2024-03-01,CUST0357,Canada,P1007,Yoga Mat,3,19.55,58.65
INV699275,2024-12-08,CUST0117,Germany,P1001,Wireless Mouse,1,16.41,16.41
INV139738,2023-06-21,CUST0580,France,P1011,Table Lamp,1,27.11,27.11
INV632336,2024-04-09,CUST0769,Canada,P1002,Bluetooth Speaker,5,36.21,181.05
INV842054,2023-05-23,CUST0692,Canada,P1014,Running Shoes,2,65.0,130.0
INV987489,2024-07-03,CUST0618,Germany,P1009,Backpack,3,45.27,135.81
INV875551,2024-07-17,CUST0169,Brazil,P1009,Backpack,4,44.01,176.04
INV772644,2023-11-27,CUST0452,India,P1003,Notebook Set,4,6.8,27.2
INV975817,2024-10-04,CUST0153,India,P1006,Coffee Mug,5,8.61,43.05
INV138321,2024-12-18,CUST0011,Usa,P1014,Running Shoes,1,62.7,62.7
INV202281,2024-05-16,CUST0561,Canada,P1009,Backpack,2,47.22,94.44
INV808634,2024-05-04,CUST0416,France,P1006,Coffee Mug,3,8.37,25.11
INV621585,2024-06-29,CUST0114,Brazil,P1003,Notebook Set,4,6.57,26.28
INV795018,2023-11-14,CUST0670,Brazil,P1010,Phone Case,5,9.85,49.25
INV574803,2024-12-10,CUST0745,France,P1005,Office Chair,2,90.7,181.4
INV855047,2024-12-16,CUST0072,Germany,P1014,Running Shoes,1,64.82,64.82
INV828444,2023-12-07,CUST0044,France,P1007,Yoga Mat,3,19.73,59.19
INV831369,2024-02-18,CUST0278,France,P1015,Winter Jacket,5,118.77,593.85
INV793771,2024-12-23,CUST0767,India,P1008,Water Bottle,3,11.24,33.72
INV668934,2023-01-18,CUST0596,Australia,P1015,Winter Jacket,4,118.87,475.48
INV307824,2024-11-18,CUST0342,Germany,P1006,Coffee Mug,2,8.08,16.16
INV673369,2024-12-14,CUST0123,Canada,P1014,Running Shoes,1,67.57,67.57
INV674528,2023-01-01,CUST0717,Brazil,P1014,Running Shoes,2,66.17,132.34
INV602257,2024-11-03,CUST0314,France,P1004,Desk Lamp,1,22.24,22.24
INV870032,2023-08-21,CUST0369,Uk,P1006,Coffee Mug,3,7.89,23.67
INV854390,2024-10-09,CUST0622,France,P1005,Office Chair,5,87.02,435.1
INV313682,2024-12-29,CUST0745,France,P1010,Phone Case,5,10.45,52.25
INV822015,2024-02-10,CUST0280,Usa,P1002,Bluetooth Speaker,5,36.07,180.35
INV122866,2024-04-21,CUST0203,Australia,P1001,Wireless Mouse,1,15.21,15.21
INV753872,2024-08-18,CUST0024,Brazil,P1014,Running Shoes,4,65.97,263.88
INV753020,2024-09-28,CUST0357,Canada,P1014,Running Shoes,2,66.66,133.32
INV387991,2024-11-05,CUST0073,Canada,P1010,Phone Case,2,10.42,20.84
INV570524,2024-08-08,CUST0263,France,P1008,Water Bottle,4,11.84,47.36
INV735396,2024-07-01,CUST0785,India,P1006,Coffee Mug,1,8.06,8.06
INV136259,2024-02-07,CUST0411,France,P1010,Phone Case,3,9.5,28.5
INV472347,2024-12-09,CUST0407,Australia,P1003,Notebook Set,3,6.9,20.7
INV667386,2023-07-21,CUST0200,Usa,P1010,Phone Case,1,10.23,10.23
INV297899,2024-06-12,CUST0740,Brazil,P1007,Yoga Mat,3,20.25,60.75
INV244321,2024-11-09,CUST0657,Uk,P1001,Wireless Mouse,5,15.3,76.5
INV445634,2024-12-06,CUST0393,Canada,P1007,Yoga Mat,4,20.71,82.84
INV329737,2024-05-22,CUST0220,Brazil,P1003,Notebook Set,1,6.43,6.43
INV585174,2024-05-19,CUST0576,Australia,P1001,Wireless Mouse,2,16.14,32.28
INV177233,2024-07-08,CUST0504,France,P1013,Sticky Notes Pack,5,4.32,21.6
INV508948,2024-06-24,CUST0423,Usa,P1003,Notebook Set,1,6.98,6.98
INV136259,2024-02-07,CUST0411,France,P1003,Notebook Set,3,6.65,19.95
INV490777,2023-08-07,CUST0322,India,P1013,Sticky Notes Pack,1,4.1,4.1
INV158577,2024-04-16,CUST0169,Brazil,P1001,Wireless Mouse,2,15.29,30.58
INV557751,2024-12-14,CUST0179,Germany,P1013,Sticky Notes Pack,4,4.43,17.72
INV388527,2023-01-01,CUST0274,Germany,P1007,Yoga Mat,2,20.15,40.3
INV267106,2023-12-30,CUST0701,Australia,P1002,Bluetooth Speaker,2,35.15,70.3
INV178191,2024-02-09,CUST0578,India,P1014,Running Shoes,5,64.46,322.3
INV802302,2024-08-21,CUST0703,Canada,P1015,Winter Jacket,5,118.37,591.85
INV283760,2024-12-16,CUST0076,India,P1009,Backpack,4,44.2,176.8
INV783176,2024-04-19,CUST0771,Brazil,P1003,Notebook Set,1,6.66,6.66
INV866026,2024-12-12,CUST0288,Brazil,P1012,Gaming Headset,1,54.93,54.93
INV259221,2023-01-01,CUST0176,Usa,P1010,Phone Case,2,9.72,19.44
INV552790,2023-10-29,CUST0324,Canada,P1007,Yoga Mat,5,20.45,102.25
INV122048,2024-08-11,CUST0143,Germany,P1002,Bluetooth Speaker,4,35.34,141.36
INV101638,2024-03-05,CUST0442,Usa,P1004,Desk Lamp,2,21.8,43.6
INV757951,2023-01-01,CUST0240,France,P1007,Yoga Mat,4,19.05,76.2
INV476253,2023-01-01,CUST0701,Australia,P1003,Notebook Set,2,6.92,13.84
INV624313,2023-03-26,CUST0153,India,P1013,Sticky Notes Pack,2,4.34,8.68
INV115894,2024-03-17,CUST0376,Canada,P1005,Office Chair,4,92.6,370.4
INV499473,2024-12-21,CUST0136,Canada,P1006,Coffee Mug,3,7.96,23.88
INV544373,2024-08-31,CUST0395,Germany,P1015,Winter Jacket,5,124.6,623.0
INV789635,2024-08-07,CUST0013,Australia,P1004,Desk Lamp,5,21.73,108.65
INV192271,2024-02-09,CUST0678,Germany,P1015,Winter Jacket,5,121.33,606.65
INV394425,2024-08-15,CUST0274,Germany,P1001,Wireless Mouse,2,15.99,31.98
INV190569,2023-01-01,CUST0397,Australia,P1011,Table Lamp,2,28.57,57.14
INV797163,2024-06-13,CUST0757,Usa,P1010,Phone Case,3,9.65,28.95
INV993049,2024-07-27,CUST0348,Australia,P1007,Yoga Mat,5,20.29,101.45
INV191131,2024-11-21,CUST0006,France,P1010,Phone Case,2,10.27,20.54
INV138027,2024-08-09,CUST0255,Canada,P1005,Office Chair,5,92.84,464.2
INV112262,2024-12-18,CUST0561,Canada,P1014,Running Shoes,3,67.01,201.03
INV499473,2024-12-21,CUST0136,Canada,P1006,Coffee Mug,2,8.55,17.1
INV550062,2024-11-20,CUST0688,Usa,P1007,Yoga Mat,4,19.04,76.16
INV314244,2024-08-20,CUST0776,Germany,P1002,Bluetooth Speaker,2,34.09,68.18
INV373769,2024-01-19,CUST0258,Uk,P1013,Sticky Notes Pack,2,4.4,8.8
INV139633,2024-10-17,CUST0595,Usa,P1013,Sticky Notes Pack,4,4.15,16.6
INV993049,2024-07-27,CUST0348,Australia,P1007,Yoga Mat,4,20.17,80.68
INV457755,2023-10-11,CUST0466,Uk,P1006,Coffee Mug,1,8.38,8.38
INV922387,2024-11-02,CUST0313,Australia,P1014,Running Shoes,2,64.08,128.16
INV537662,2023-09-11,CUST0287,Brazil,P1002,Bluetooth Speaker,5,34.69,173.45
INV794926,2024-12-11,CUST0222,Uk,P1001,Wireless Mouse,4,16.3,65.2
INV516990,2023-09-13,CUST0543,India,P1006,Coffee Mug,2,8.13,16.26
INV400016,2024-11-01,CUST0217,Australia,P1010,Phone Case,5,9.62,48.1
INV475832,2024-11-08,CUST0214,Australia,P1005,Office Chair,1,88.36,88.36
INV944942,2024-04-04,CUST0213,Australia,P1007,Yoga Mat,1,20.11,20.11
INV277341,2024-07-24,CUST0080,Uk,P1006,Coffee Mug,1,8.46,8.46
INV571258,2024-09-01,CUST0174,India,P1004,Desk Lamp,3,23.06,69.18
INV435951,2024-10-14,CUST0407,Australia,P1007,Yoga Mat,2,20.26,40.52
INV647701,2024-10-05,CUST0264,France,P1007,Yoga Mat,1,20.69,20.69
INV333123,2024-10-31,CUST0016,France,P1013,Sticky Notes Pack,3,4.43,13.29
INV863772,2024-12-27,CUST0096,Uk,P1008,Water Bottle,1,11.56,11.56
INV852509,2024-08-06,CUST0575,India,P1002,Bluetooth Speaker,5,33.29,166.45
INV990941,2024-10-08,CUST0573,Germany,P1002,Bluetooth Speaker,5,34.67,173.35
INV117295,2023-01-01,CUST0315,Germany,P1005,Office Chair,3,92.23,276.69
INV604351,2023-01-01,CUST0001,Germany,P1014,Running Shoes,1,67.55,67.55
INV913626,2024-07-26,CUST0346,Canada,P1007,Yoga Mat,2,20.86,41.72
INV442929,2023-12-19,CUST0582,Canada,P1007,Yoga Mat,1,19.94,19.94
INV747171,2024-12-16,CUST0267,Germany,P1007,Yoga Mat,1,19.59,19.59
INV632196,2023-12-05,CUST0216,France,P1014,Running Shoes,4,66.93,267.72
INV277444,2024-07-30,CUST0689,Usa,P1004,Desk Lamp,2,21.54,43.08
INV864565,2024-03-12,CUST0098,Australia,P1014,Running Shoes,4,66.11,264.44
INV566751,2024-10-16,CUST0494,Germany,P1002,Bluetooth Speaker,2,33.68,67.36
INV708819,2023-11-08,CUST0517,Brazil,P1013,Sticky Notes Pack,5,4.21,21.05
INV559098,2024-01-24,CUST0116,India,P1009,Backpack,1,44.45,44.45
INV282873,2024-08-21,CUST0403,India,P1007,Yoga Mat,2,19.42,38.84
INV109564,2024-11-20,CUST0351,Australia,P1012,Gaming Headset,2,57.53,115.06
INV423032,2024-04-12,CUST0348,Australia,P1012,Gaming Headset,5,54.64,273.2
INV932248,2024-01-28,CUST0337,Germany,P1011,Table Lamp,1,28.04,28.04
INV630641,2023-01-01,CUST0301,Australia,P1014,Running Shoes,2,65.27,130.54
INV434860,2024-07-14,CUST0556,Brazil,P1015,Winter Jacket,3,118.17,354.51
INV861922,2024-11-27,CUST0588,France,P1001,Wireless Mouse,2,16.18,32.36
INV514070,2023-09-16,CUST0762,Canada,P1002,Bluetooth Speaker,5,35.59,177.95
INV534794,2024-11-19,CUST0275,Australia,P1013,Sticky Notes Pack,4,4.32,17.28
INV899876,2024-03-29,CUST0677,France,P1005,Office Chair,4,93.07,372.28
INV556960,2024-05-18,CUST0091,Brazil,P1007,Yoga Mat,2,19.12,38.24
INV455395,2023-09-02,CUST0657,Uk,P1015,Winter Jacket,1,121.83,121.83
INV196956,2023-08-01,CUST0301,Australia,P1013,Sticky Notes Pack,3,4.33,12.99
INV880188,2023-09-11,CUST0010,Usa,P1005,Office Chair,5,91.07,455.35
INV957761,2023-11-02,CUST0293,India,P1013,Sticky Notes Pack,5,4.21,21.05
INV810442,2023-10-11,CUST0212,India,P1009,Backpack,5,46.77,233.85
INV966332,2023-01-01,CUST0657,Uk,P1004,Desk Lamp,1,21.52,21.52
INV525493,2024-10-07,CUST0238,Germany,P1014,Running Shoes,1,66.9,66.9
INV580629,2024-04-14,CUST0269,Brazil,P1015,Winter Jacket,2,118.68,237.36
INV836143,2024-12-15,CUST0430,Australia,P1006,Coffee Mug,2,7.9,15.8
INV636924,2024-08-15,CUST0588,France,P1006,Coffee Mug,5,8.62,43.1
INV827077,2024-08-17,CUST0580,France,P1009,Backpack,3,42.79,128.37
INV390660,2024-02-20,CUST0264,France,P1008,Water Bottle,1,12.01,12.01
INV235504,2023-01-01,CUST0536,France,P1015,Winter Jacket,5,120.42,602.1
INV825323,2023-09-10,CUST0058,Brazil,P1009,Backpack,4,46.6,186.4
INV695456,2024-03-13,CUST0121,Canada,P1002,Bluetooth Speaker,5,35.69,178.45
INV475405,2024-10-11,CUST0501,France,P1014,Running Shoes,4,67.41,269.64
INV810428,2024-07-18,CUST0605,France,P1006,Coffee Mug,3,7.93,23.79
INV239496,2024-08-06,CUST0757,Usa,P1006,Coffee Mug,4,8.17,32.68
INV610800,2023-10-14,CUST0240,France,P1003,Notebook Set,3,6.51,19.53
INV626072,2024-06-24,CUST0411,France,P1009,Backpack,3,46.56,139.68
INV794972,2023-01-01,CUST0627,Australia,P1006,Coffee Mug,3,7.95,23.85
INV612093,2023-10-13,CUST0356,Usa,P1007,Yoga Mat,1,19.52,19.52
INV679226,2024-12-22,CUST0760,France,P1013,Sticky Notes Pack,5,4.18,20.9
INV134454,2024-07-21,CUST0735,Brazil,P1012,Gaming Headset,1,52.31,52.31
INV629281,2023-01-27,CUST0103,India,P1010,Phone Case,3,9.99,29.97
INV654320,2024-10-08,CUST0360,Canada,P1007,Yoga Mat,4,19.16,76.64
INV280005,2024-11-02,CUST0647,Germany,P1008,Water Bottle,4,11.0,44.0
INV642830,2024-10-13,CUST0734,Uk,P1006,Coffee Mug,1,8.44,8.44
INV461359,2023-01-01,CUST0327,Usa,P1005,Office Chair,4,86.88,347.52
INV922459,2024-02-13,CUST0346,Canada,P1004,Desk Lamp,4,22.45,89.8
INV252915,2024-08-11,CUST0337,Germany,P1002,Bluetooth Speaker,4,35.85,143.4
INV899376,2024-09-11,CUST0707,India,P1015,Winter Jacket,3,114.67,344.01
INV643603,2024-11-08,CUST0647,Germany,P1002,Bluetooth Speaker,2,35.48,70.96
INV899876,2024-03-29,CUST0677,France,P1010,Phone Case,3,9.86,29.58
INV337807,2024-09-21,CUST0460,Uk,P1015,Winter Jacket,3,125.05,375.15
INV108172,2024-08-31,CUST0505,Uk,P1006,Coffee Mug,3,8.35,25.05
INV608073,2024-04-20,CUST0046,Uk,P1011,Table Lamp,3,26.61,79.83
INV875306,2023-09-27,CUST0748,Germany,P1002,Bluetooth Speaker,5,33.36,166.8
INV733713,2024-07-16,CUST0239,Canada,P1015,Winter Jacket,4,115.23,460.92
INV577387,2024-11-22,CUST0195,Australia,P1002,Bluetooth Speaker,1,35.42,35.42
INV660176,2024-10-12,CUST0673,Canada,P1010,Phone Case,2,9.93,19.86
INV373769,2024-01-19,CUST0258,Uk,P1002,Bluetooth Speaker,4,34.0,136.0
INV909928,2024-10-14,CUST0098,Australia,P1009,Backpack,4,46.77,187.08
INV839079,2024-02-28,CUST0323,Germany,P1009,Backpack,1,44.48,44.48
INV524117,2024-03-01,CUST0432,Australia,P1011,Table Lamp,2,26.64,53.28
INV198868,2024-12-13,CUST0187,India,P1001,Wireless Mouse,3,16.07,48.21
INV564842,2024-10-07,CUST0665,India,P1011,Table Lamp,5,28.67,143.35
INV554738,2023-04-24,CUST0103,India,P1013,Sticky Notes Pack,1,4.05,4.05
INV489821,2024-10-17,CUST0747,Uk,P1014,Running Shoes,1,67.96,67.96
INV855739,2024-04-05,CUST0480,India,P1014,Running Shoes,2,63.83,127.66
INV393393,2024-05-02,CUST0639,France,P1006,Coffee Mug,5,8.13,40.65
INV296120,2024-07-17,CUST0296,Canada,P1013,Sticky Notes Pack,1,4.06,4.06
INV920208,2023-02-09,CUST0575,India,P1013,Sticky Notes Pack,5,4.36,21.8
INV979907,2023-05-28,CUST0433,Usa,P1005,Office Chair,4,87.35,349.4
INV437515,2024-05-09,CUST0427,Germany,P1015,Winter Jacket,2,115.77,231.54
INV864490,2024-05-24,CUST0479,Germany,P1007,Yoga Mat,2,19.59,39.18
INV520131,2024-12-28,CUST0654,Usa,P1006,Coffee Mug,4,8.39,33.56
INV639753,2024-10-01,CUST0453,Uk,P1009,Backpack,5,44.75,223.75
INV582131,2024-12-20,CUST0678,Germany,P1013,Sticky Notes Pack,4,4.36,17.44
INV701551,2024-10-13,CUST0212,India,P1014,Running Shoes,4,63.72,254.88
INV381604,2024-04-28,CUST0033,Germany,P1007,Yoga Mat,4,19.97,79.88
INV602790,2024-06-22,CUST0032,Brazil,P1015,Winter Jacket,1,123.75,123.75
INV876045,2023-01-01,CUST0429,Germany,P1001,Wireless Mouse,3,16.01,48.03
INV302669,2024-12-23,CUST0225,Germany,P1006,Coffee Mug,3,8.24,24.72
INV804778,2023-01-01,CUST0709,France,P1015,Winter Jacket,3,123.5,370.5
INV835128,2024-08-03,CUST0603,Canada,P1011,Table Lamp,1,28.74,28.74
INV772962,2024-06-05,CUST0173,France,P1004,Desk Lamp,4,22.59,90.36
INV253977,2023-11-12,CUST0252,Australia,P1010,Phone Case,1,10.37,10.37
INV465272,2024-06-01,CUST0443,Canada,P1013,Sticky Notes Pack,5,4.34,21.7
INV868936,2024-08-21,CUST0692,Canada,P1004,Desk Lamp,4,22.53,90.12
INV660396,2024-12-15,CUST0333,Canada,P1003,Notebook Set,5,6.76,33.8
INV754921,2023-01-01,CUST0080,Uk,P1002,Bluetooth Speaker,1,35.42,35.42
INV561893,2024-02-14,CUST0723,Australia,P1007,Yoga Mat,4,20.55,82.2
INV350428,2024-08-09,CUST0265,India,P1004,Desk Lamp,1,22.08,22.08
INV893058,2024-01-14,CUST0772,Australia,P1008,Water Bottle,2,12.03,24.06
INV863244,2024-10-22,CUST0410,France,P1002,Bluetooth Speaker,5,34.54,172.7
INV331879,2023-01-01,CUST0153,India,P1008,Water Bottle,4,11.6,46.4
INV195882,2024-10-15,CUST0665,India,P1003,Notebook Set,4,6.64,26.56
INV931121,2024-03-19,CUST0245,Germany,P1009,Backpack,5,45.28,226.4
INV400016,2024-11-01,CUST0217,Australia,P1011,Table Lamp,2,26.45,52.9
INV220202,2023-01-01,CUST0536,France,P1011,Table Lamp,3,26.33,78.99
INV801386,2024-12-01,CUST0713,India,P1004,Desk Lamp,1,22.05,22.05
INV557762,2024-02-09,CUST0015,Germany,P1006,Coffee Mug,2,7.84,15.68
INV121847,2024-06-13,CUST0561,Canada,P1006,Coffee Mug,4,7.87,31.48
INV191609,2024-11-09,CUST0080,Uk,P1009,Backpack,3,44.07,132.21
INV252915,2024-08-11,CUST0337,Germany,P1015,Winter Jacket,4,118.14,472.56
INV448918,2024-06-30,CUST0333,Canada,P1012,Gaming Headset,5,55.55,277.75
INV227283,2023-11-01,CUST0679,Uk,P1004,Desk Lamp,2,22.84,45.68
INV915952,2023-12-03,CUST0712,France,P1009,Backpack,4,43.59,174.36
INV518488,2024-08-22,CUST0281,Canada,P1006,Coffee Mug,1,8.25,8.25
INV632840,2023-02-25,CUST0667,Usa,P1010,Phone Case,2,9.94,19.88
INV784365,2024-11-29,CUST0329,Uk,P1003,Notebook Set,5,7.03,35.15
INV877090,2023-01-01,CUST0657,Uk,P1004,Desk Lamp,1,22.29,22.29
INV742395,2023-09-26,CUST0555,India,P1009,Backpack,3,46.24,138.72
INV364335,2024-12-30,CUST0630,India,P1003,Notebook Set,2,6.97,13.94
INV255544,2023-11-19,CUST0052,Australia,P1015,Winter Jacket,3,123.49,370.47
INV456501,2023-12-28,CUST0365,Usa,P1011,Table Lamp,2,26.93,53.86
INV495627,2023-01-01,CUST0576,Australia,P1014,Running Shoes,5,67.16,335.8
INV561404,2024-05-20,CUST0207,Usa,P1012,Gaming Headset,3,54.93,164.79
INV401989,2023-01-01,CUST0457,Uk,P1001,Wireless Mouse,5,16.49,82.45
INV276502,2024-12-16,CUST0020,Australia,P1012,Gaming Headset,5,57.28,286.4
INV839576,2023-10-03,CUST0800,France,P1011,Table Lamp,1,27.72,27.72
INV419548,2024-08-26,CUST0274,Germany,P1009,Backpack,5,44.25,221.25
INV273163,2024-10-13,CUST0709,France,P1010,Phone Case,5,10.31,51.55
INV606266,2024-01-10,CUST0094,France,P1001,Wireless Mouse,5,15.78,78.9
INV885526,2024-05-14,CUST0214,Australia,P1010,Phone Case,1,9.81,9.81
INV233157,2023-10-10,CUST0624,Canada,P1009,Backpack,4,47.16,188.64
INV457213,2023-09-12,CUST0649,Uk,P1012,Gaming Headset,5,52.67,263.35
INV282736,2024-12-15,CUST0621,Usa,P1014,Running Shoes,1,62.62,62.62
INV238577,2023-12-08,CUST0517,Brazil,P1007,Yoga Mat,1,20.11,20.11
INV340236,2023-01-01,CUST0717,Brazil,P1001,Wireless Mouse,1,15.4,15.4
INV772706,2023-01-01,CUST0791,Germany,P1005,Office Chair,5,86.88,434.4
INV293533,2024-10-12,CUST0371,Australia,P1004,Desk Lamp,1,22.65,22.65
INV781814,2024-03-21,CUST0157,Australia,P1010,Phone Case,5,10.03,50.15
INV514070,2023-09-16,CUST0762,Canada,P1003,Notebook Set,4,7.08,28.32
INV713518,2024-05-09,CUST0130,Germany,P1007,Yoga Mat,2,19.48,38.96
INV231729,2024-12-21,CUST0791,Germany,P1002,Bluetooth Speaker,2,34.6,69.2
INV506018,2024-11-05,CUST0563,India,P1003,Notebook Set,3,6.49,19.47
INV880945,2024-07-25,CUST0670,Brazil,P1013,Sticky Notes Pack,3,4.1,12.3
INV419892,2024-11-10,CUST0694,Germany,P1002,Bluetooth Speaker,5,36.21,181.05
INV187411,2024-10-09,CUST0408,Brazil,P1015,Winter Jacket,4,118.39,473.56
INV916984,2024-09-30,CUST0097,Brazil,P1013,Sticky Notes Pack,2,4.3,8.6
INV815457,2024-06-05,CUST0748,Germany,P1005,Office Chair,3,93.58,280.74
INV820124,2023-10-15,CUST0214,Australia,P1005,Office Chair,5,87.36,436.8
INV307456,2024-12-02,CUST0691,Germany,P1015,Winter Jacket,3,125.88,377.64
INV767250,2023-04-12,CUST0221,France,P1015,Winter Jacket,4,115.11,460.44
INV624489,2024-04-06,CUST0333,Canada,P1013,Sticky Notes Pack,1,4.15,4.15
INV258474,2024-08-06,CUST0462,France,P1008,Water Bottle,5,11.73,58.65
INV559472,2024-07-01,CUST0596,Australia,P1008,Water Bottle,1,11.75,11.75
INV713518,2024-05-09,CUST0130,Germany,P1004,Desk Lamp,1,22.94,22.94
INV909500,2023-01-01,CUST0260,Canada,P1009,Backpack,3,47.09,141.27
INV764868,2024-11-08,CUST0124,Australia,P1008,Water Bottle,5,11.15,55.75
INV749078,2024-07-13,CUST0082,Australia,P1015,Winter Jacket,2,114.18,228.36
INV416738,2024-07-07,CUST0683,Canada,P1001,Wireless Mouse,5,15.31,76.55
INV303436,2024-04-26,CUST0143,Germany,P1001,Wireless Mouse,5,15.76,78.8
INV725437,2024-07-19,CUST0723,Australia,P1012,Gaming Headset,1,56.01,56.01
INV827880,2024-06-28,CUST0076,India,P1014,Running Shoes,1,62.84,62.84
INV422071,2024-08-16,CUST0580,France,P1011,Table Lamp,2,26.38,52.76
INV580073,2023-09-24,CUST0354,France,P1009,Backpack,5,45.21,226.05
INV789156,2024-07-05,CUST0204,Australia,P1008,Water Bottle,2,11.8,23.6
INV776901,2024-08-17,CUST0059,Australia,P1001,Wireless Mouse,3,15.84,47.52
INV887320,2024-09-24,CUST0432,Australia,P1009,Backpack,4,43.56,174.24
INV216090,2023-11-03,CUST0006,France,P1015,Winter Jacket,5,116.23,581.15
INV305614,2024-07-12,CUST0127,India,P1012,Gaming Headset,2,53.37,106.74
INV277444,2024-07-30,CUST0689,Usa,P1009,Backpack,5,45.81,229.05
INV120342,2024-11-02,CUST0800,France,P1005,Office Chair,2,90.19,180.38
INV909500,2023-01-01,CUST0260,Canada,P1015,Winter Jacket,2,118.05,236.1
INV382904,2023-12-21,CUST0008,Germany,P1011,Table Lamp,4,27.9,111.6
INV899312,2023-11-15,CUST0592,Canada,P1011,Table Lamp,5,28.29,141.45
INV516148,2024-05-06,CUST0260,Canada,P1015,Winter Jacket,3,120.09,360.27
INV351178,2024-12-10,CUST0783,India,P1009,Backpack,3,43.22,129.66
INV409714,2024-04-30,CUST0327,Usa,P1002,Bluetooth Speaker,2,35.51,71.02
INV420783,2024-10-21,CUST0342,Germany,P1009,Backpack,2,43.58,87.16
INV712464,2024-08-02,CUST0089,Usa,P1010,Phone Case,1,10.19,10.19
INV382181,2024-05-19,CUST0125,Brazil,P1013,Sticky Notes Pack,3,4.16,12.48
INV121707,2024-11-24,CUST0621,Usa,P1007,Yoga Mat,4,20.61,82.44
INV569649,2023-10-08,CUST0367,Usa,P1011,Table Lamp,4,28.86,115.44
INV747866,2024-02-19,CUST0740,Brazil,P1011,Table Lamp,5,28.59,142.95
INV253122,2023-01-01,CUST0001,Germany,P1003,Notebook Set,5,6.9,34.5
INV112171,2024-06-09,CUST0343,Usa,P1004,Desk Lamp,3,22.24,66.72
INV724510,2023-08-19,CUST0190,Canada,P1007,Yoga Mat,3,19.47,58.41
INV853649,2024-11-23,CUST0170,Uk,P1007,Yoga Mat,4,19.43,77.72
INV394452,2024-11-30,CUST0213,Australia,P1013,Sticky Notes Pack,5,4.12,20.6
INV177422,2024-06-28,CUST0260,Canada,P1008,Water Bottle,2,11.47,22.94
INV975063,2024-11-19,CUST0689,Usa,P1001,Wireless Mouse,4,16.23,64.92
INV416897,2023-01-01,CUST0590,Brazil,P1001,Wireless Mouse,3,16.13,48.39
INV577790,2023-01-01,CUST0688,Usa,P1015,Winter Jacket,2,123.22,246.44
INV142651,2024-12-03,CUST0699,Germany,P1001,Wireless Mouse,1,15.9,15.9
INV283760,2024-12-16,CUST0076,India,P1008,Water Bottle,2,11.99,23.98
INV598552,2023-01-01,CUST0252,Australia,P1009,Backpack,1,44.69,44.69
INV604795,2024-09-12,CUST0246,Uk,P1001,Wireless Mouse,4,16.32,65.28
INV146938,2024-07-30,CUST0722,Usa,P1011,Table Lamp,1,27.76,27.76
INV985722,2024-04-16,CUST0071,Germany,P1007,Yoga Mat,3,20.35,61.05
INV311025,2024-07-21,CUST0345,France,P1013,Sticky Notes Pack,1,4.37,4.37
INV170337,2024-08-13,CUST0298,Canada,P1014,Running Shoes,5,65.43,327.15
INV264063,2024-01-16,CUST0232,Brazil,P1006,Coffee Mug,5,8.3,41.5
INV937220,2024-08-15,CUST0349,France,P1012,Gaming Headset,4,57.51,230.04
INV718820,2023-10-31,CUST0728,Uk,P1009,Backpack,3,47.03,141.09
INV828432,2024-06-13,CUST0663,Australia,P1001,Wireless Mouse,2,15.43,30.86
INV873664,2024-10-07,CUST0761,Brazil,P1012,Gaming Headset,2,54.65,109.3
INV133082,2024-06-14,CUST0491,Australia,P1014,Running Shoes,2,64.89,129.78
INV704704,2023-09-30,CUST0367,Usa,P1005,Office Chair,5,86.78,433.9
INV732129,2023-01-01,CUST0692,Canada,P1004,Desk Lamp,5,21.66,108.3
INV896140,2023-07-07,CUST0678,Germany,P1001,Wireless Mouse,3,15.35,46.05
INV693590,2023-06-24,CUST0536,France,P1010,Phone Case,5,9.49,47.45
INV861102,2024-07-13,CUST0265,India,P1003,Notebook Set,1,6.69,6.69
INV243114,2024-08-25,CUST0709,France,P1015,Winter Jacket,3,119.65,358.95
INV106822,2024-08-03,CUST0711,Canada,P1002,Bluetooth Speaker,2,33.48,66.96
INV949943,2024-07-03,CUST0714,Australia,P1011,Table Lamp,1,26.26,26.26
INV321149,2024-05-22,CUST0580,France,P1009,Backpack,3,43.7,131.1
INV272298,2024-07-29,CUST0012,Canada,P1001,Wireless Mouse,2,16.45,32.9
INV780047,2024-07-24,CUST0476,Canada,P1001,Wireless Mouse,5,15.92,79.6
INV288474,2024-05-02,CUST0600,France,P1015,Winter Jacket,3,115.39,346.17
INV835828,2024-11-21,CUST0491,Australia,P1001,Wireless Mouse,3,16.11,48.33
INV124379,2024-07-25,CUST0033,Germany,P1005,Office Chair,3,88.47,265.41
INV649697,2024-12-16,CUST0790,France,P1003,Notebook Set,3,6.58,19.74
INV628717,2024-03-21,CUST0638,Brazil,P1014,Running Shoes,3,65.09,195.27
INV774889,2023-09-09,CUST0641,Australia,P1002,Bluetooth Speaker,1,32.79,32.79
INV591203,2024-10-27,CUST0545,Canada,P1009,Backpack,3,46.6,139.8
INV918457,2024-06-18,CUST0773,France,P1015,Winter Jacket,4,121.63,486.52
INV278157,2023-08-24,CUST0198,Uk,P1010,Phone Case,3,9.61,28.83
INV928479,2024-09-16,CUST0755,Uk,P1001,Wireless Mouse,4,15.92,63.68
INV416067,2023-01-01,CUST0117,Germany,P1007,Yoga Mat,5,20.4,102.0
INV436772,2024-07-11,CUST0526,Germany,P1003,Notebook Set,5,6.68,33.4
INV780047,2024-07-24,CUST0476,Canada,P1007,Yoga Mat,2,20.11,40.22
INV463374,2024-08-01,CUST0236,Australia,P1014,Running Shoes,5,65.8,329.0
INV845880,2024-11-16,CUST0076,India,P1008,Water Bottle,3,11.83,35.49
INV653660,2024-09-13,CUST0376,Canada,P1003,Notebook Set,3,6.64,19.92
INV596650,2024-09-05,CUST0343,Usa,P1007,Yoga Mat,1,20.26,20.26
INV287273,2024-10-13,CUST0773,France,P1003,Notebook Set,4,6.86,27.44
INV265127,2024-06-01,CUST0596,Australia,P1012,Gaming Headset,5,56.58,282.9
INV505896,2024-04-27,CUST0625,Australia,P1004,Desk Lamp,5,22.56,112.8
INV437953,2023-12-12,CUST0371,Australia,P1012,Gaming Headset,1,55.87,55.87
INV444976,2024-10-20,CUST0621,Usa,P1010,Phone Case,5,10.44,52.2
INV262039,2024-07-21,CUST0014,Uk,P1014,Running Shoes,3,68.03,204.09
INV147230,2024-12-04,CUST0060,India,P1009,Backpack,1,45.22,45.22
INV802976,2024-09-23,CUST0355,France,P1003,Notebook Set,4,6.69,26.76
INV617379,2024-12-14,CUST0503,Brazil,P1009,Backpack,3,43.26,129.78
INV752836,2024-12-17,CUST0678,Germany,P1014,Running Shoes,4,63.99,255.96
INV707029,2023-04-11,CUST0170,Uk,P1003,Notebook Set,2,6.8,13.6
INV124379,2024-07-25,CUST0033,Germany,P1011,Table Lamp,4,26.9,107.6
INV396537,2024-07-22,CUST0365,Usa,P1008,Water Bottle,4,11.69,46.76
INV139267,2024-09-23,CUST0262,Germany,P1014,Running Shoes,4,66.59,266.36
INV288600,2023-09-18,CUST0706,Australia,P1007,Yoga Mat,3,19.06,57.18
INV928677,2024-06-09,CUST0005,Brazil,P1007,Yoga Mat,2,19.39,38.78
INV594381,2024-09-17,CUST0590,Brazil,P1015,Winter Jacket,2,118.2,236.4
INV565117,2024-12-08,CUST0267,Germany,P1002,Bluetooth Speaker,2,33.07,66.14
INV937675,2023-08-04,CUST0286,Australia,P1007,Yoga Mat,5,20.38,101.9
INV850215,2024-01-25,CUST0602,Germany,P1008,Water Bottle,2,11.4,22.8
INV836528,2024-06-30,CUST0784,France,P1010,Phone Case,1,9.78,9.78
INV797198,2024-11-25,CUST0001,Germany,P1008,Water Bottle,5,11.92,59.6
INV518109,2024-10-18,CUST0078,Uk,P1010,Phone Case,5,10.27,51.35
INV711896,2023-11-11,CUST0315,Germany,P1004,Desk Lamp,2,21.85,43.7
INV702433,2023-01-01,CUST0190,Canada,P1014,Running Shoes,4,67.32,269.28
INV609306,2024-08-22,CUST0359,Usa,P1006,Coffee Mug,1,7.92,7.92
INV649192,2023-11-03,CUST0531,France,P1004,Desk Lamp,4,22.73,90.92
INV130621,2024-09-04,CUST0376,Canada,P1014,Running Shoes,3,63.16,189.48
INV251687,2023-01-01,CUST0042,Uk,P1012,Gaming Headset,4,52.26,209.04
INV448912,2024-11-15,CUST0260,Canada,P1007,Yoga Mat,1,19.85,19.85
INV292074,2023-01-01,CUST0273,India,P1011,Table Lamp,2,28.82,57.64
INV698636,2023-07-29,CUST0289,France,P1002,Bluetooth Speaker,3,35.91,107.73
INV621104,2024-10-28,CUST0315,Germany,P1010,Phone Case,2,9.58,19.16
INV555944,2023-07-18,CUST0076,India,P1006,Coffee Mug,2,8.41,16.82
INV975335,2023-09-28,CUST0113,Germany,P1010,Phone Case,1,10.23,10.23
INV881038,2023-09-13,CUST0751,Canada,P1009,Backpack,3,45.51,136.53
INV933556,2023-12-11,CUST0505,Uk,P1009,Backpack,2,44.5,89.0
INV732765,2024-06-30,CUST0298,Canada,P1005,Office Chair,4,89.82,359.28
INV514165,2024-12-30,CUST0421,Brazil,P1014,Running Shoes,4,64.67,258.68
INV554738,2023-04-24,CUST0103,India,P1010,Phone Case,1,10.12,10.12
INV340436,2024-11-08,CUST0386,India,P1015,Winter Jacket,1,116.11,116.11
INV488352,2024-12-26,CUST0380,Australia,P1005,Office Chair,1,93.53,93.53
INV123000,2023-02-09,CUST0648,Usa,P1009,Backpack,4,42.83,171.32
INV668934,2023-01-18,CUST0596,Australia,P1008,Water Bottle,2,11.09,22.18
INV390639,2024-12-23,CUST0275,Australia,P1015,Winter Jacket,2,120.16,240.32
INV654354,2024-01-20,CUST0672,India,P1001,Wireless Mouse,3,16.52,49.56
INV463620,2024-04-10,CUST0661,India,P1007,Yoga Mat,4,20.43,81.72
INV366928,2023-01-24,CUST0096,Uk,P1014,Running Shoes,1,64.2,64.2
INV918656,2024-09-07,CUST0402,Canada,P1013,Sticky Notes Pack,2,4.33,8.66
INV199614,2024-09-19,CUST0109,Australia,P1013,Sticky Notes Pack,3,4.31,12.93
INV552568,2024-07-03,CUST0678,Germany,P1010,Phone Case,2,9.81,19.62
INV451415,2024-08-28,CUST0056,Australia,P1005,Office Chair,2,86.89,173.78
INV388862,2024-08-10,CUST0547,Usa,P1015,Winter Jacket,3,115.42,346.26
INV119241,2024-01-17,CUST0150,Germany,P1011,Table Lamp,2,28.42,56.84
INV536419,2024-12-20,CUST0636,Australia,P1012,Gaming Headset,1,57.04,57.04
INV178426,2024-11-15,CUST0635,France,P1004,Desk Lamp,3,21.19,63.57
INV545073,2024-07-10,CUST0418,Brazil,P1015,Winter Jacket,1,115.93,115.93
INV121035,2024-12-24,CUST0163,Australia,P1004,Desk Lamp,1,21.67,21.67
INV759314,2024-11-29,CUST0192,Canada,P1002,Bluetooth Speaker,5,35.48,177.4
INV188075,2023-01-01,CUST0086,France,P1009,Backpack,4,44.31,177.24
INV680007,2024-11-17,CUST0130,Germany,P1001,Wireless Mouse,5,15.31,76.55
INV573821,2024-07-19,CUST0723,Australia,P1006,Coffee Mug,1,8.44,8.44
INV718179,2023-01-01,CUST0260,Canada,P1004,Desk Lamp,2,22.86,45.72
INV261750,2023-10-15,CUST0418,Brazil,P1013,Sticky Notes Pack,3,4.26,12.78
INV644813,2023-01-01,CUST0533,Usa,P1014,Running Shoes,3,67.57,202.71
INV767898,2024-04-22,CUST0406,France,P1013,Sticky Notes Pack,1,4.41,4.41
INV211672,2023-03-19,CUST0238,Germany,P1006,Coffee Mug,5,8.6,43.0
INV526357,2024-02-22,CUST0021,Brazil,P1010,Phone Case,5,10.08,50.4
INV636924,2024-08-15,CUST0588,France,P1015,Winter Jacket,2,114.93,229.86
INV789156,2024-07-05,CUST0204,Australia,P1001,Wireless Mouse,5,16.02,80.1
INV721259,2023-12-06,CUST0227,Canada,P1011,Table Lamp,5,27.86,139.3
INV979907,2023-05-28,CUST0433,Usa,P1014,Running Shoes,2,67.51,135.02
INV877144,2024-09-12,CUST0050,Canada,P1007,Yoga Mat,3,19.35,58.05
INV959249,2023-01-01,CUST0580,France,P1012,Gaming Headset,5,53.91,269.55
INV294320,2024-11-09,CUST0064,Brazil,P1006,Coffee Mug,3,8.65,25.95
INV178888,2024-01-15,CUST0663,Australia,P1009,Backpack,4,46.29,185.16
INV774465,2024-11-11,CUST0623,India,P1009,Backpack,5,42.88,214.4
INV379706,2023-11-06,CUST0619,India,P1013,Sticky Notes Pack,5,4.24,21.2
INV920447,2024-08-27,CUST0557,India,P1004,Desk Lamp,1,21.38,21.38
INV529679,2024-03-31,CUST0190,Canada,P1015,Winter Jacket,2,121.99,243.98
INV224432,2024-05-01,CUST0110,Uk,P1002,Bluetooth Speaker,3,33.92,101.76
INV166191,2023-08-05,CUST0058,Brazil,P1005,Office Chair,4,93.76,375.04
INV934554,2024-05-21,CUST0366,India,P1004,Desk Lamp,1,22.23,22.23
INV592752,2023-11-20,CUST0748,Germany,P1010,Phone Case,2,9.6,19.2
INV571032,2023-03-13,CUST0599,Usa,P1009,Backpack,4,45.02,180.08
INV611868,2024-06-03,CUST0752,India,P1015,Winter Jacket,3,123.18,369.54
INV873189,2024-11-21,CUST0366,India,P1007,Yoga Mat,4,19.53,78.12
INV387793,2023-01-01,CUST0413,Germany,P1013,Sticky Notes Pack,3,4.21,12.63
INV564694,2024-01-07,CUST0298,Canada,P1010,Phone Case,3,9.92,29.76
INV541690,2023-06-01,CUST0782,Australia,P1014,Running Shoes,4,63.32,253.28
INV604795,2024-09-12,CUST0246,Uk,P1002,Bluetooth Speaker,4,33.43,133.72
INV873069,2023-08-13,CUST0261,India,P1014,Running Shoes,3,65.94,197.82
INV930801,2024-12-02,CUST0596,Australia,P1006,Coffee Mug,1,8.24,8.24
INV914900,2024-12-27,CUST0536,France,P1005,Office Chair,4,89.62,358.48
INV949504,2023-11-22,CUST0594,Germany,P1012,Gaming Headset,2,56.26,112.52
INV309435,2024-07-18,CUST0669,India,P1007,Yoga Mat,3,20.62,61.86
INV481328,2024-08-20,CUST0615,Germany,P1003,Notebook Set,5,6.91,34.55
INV547898,2024-05-03,CUST0657,Uk,P1007,Yoga Mat,1,20.2,20.2
INV832736,2024-08-15,CUST0682,Usa,P1003,Notebook Set,2,6.49,12.98
INV704265,2024-10-10,CUST0745,France,P1008,Water Bottle,2,11.95,23.9
INV916531,2024-06-20,CUST0631,France,P1003,Notebook Set,1,6.82,6.82
INV684972,2023-11-02,CUST0743,Germany,P1004,Desk Lamp,4,22.03,88.12
INV630487,2024-07-22,CUST0729,Usa,P1004,Desk Lamp,2,22.1,44.2
INV965104,2024-11-22,CUST0057,Canada,P1014,Running Shoes,1,66.28,66.28
INV102850,2024-05-20,CUST0778,Uk,P1006,Coffee Mug,3,8.06,24.18
INV845674,2024-04-30,CUST0232,Brazil,P1002,Bluetooth Speaker,1,34.74,34.74
INV164717,2023-09-10,CUST0687,France,P1014,Running Shoes,4,62.04,248.16
INV100006,2024-08-05,CUST0627,Australia,P1009,Backpack,3,45.01,135.03
INV740341,2024-11-19,CUST0104,India,P1009,Backpack,1,46.6,46.6
INV856723,2024-11-14,CUST0652,Uk,P1003,Notebook Set,1,6.82,6.82
INV181481,2024-10-11,CUST0732,Germany,P1004,Desk Lamp,4,21.4,85.6
INV581133,2023-11-27,CUST0195,Australia,P1004,Desk Lamp,2,22.57,45.14
INV216626,2023-06-29,CUST0088,Germany,P1007,Yoga Mat,4,19.15,76.6
INV544304,2024-08-14,CUST0014,Uk,P1014,Running Shoes,4,64.07,256.28
INV490251,2024-04-19,CUST0539,France,P1006,Coffee Mug,4,7.96,31.84
INV830680,2024-12-12,CUST0775,France,P1011,Table Lamp,1,27.4,27.4
INV944471,2024-11-26,CUST0164,France,P1013,Sticky Notes Pack,3,4.25,12.75
INV642162,2024-05-11,CUST0344,Uk,P1006,Coffee Mug,1,8.37,8.37
INV219211,2024-05-15,CUST0463,Germany,P1005,Office Chair,1,89.75,89.75
INV342080,2024-12-03,CUST0353,Canada,P1007,Yoga Mat,3,20.44,61.32
INV260584,2024-11-15,CUST0207,Usa,P1013,Sticky Notes Pack,4,4.2,16.8
INV948968,2024-12-10,CUST0144,Uk,P1003,Notebook Set,2,6.57,13.14
INV559792,2023-11-22,CUST0242,Australia,P1007,Yoga Mat,1,20.68,20.68
INV972363,2024-06-17,CUST0730,Usa,P1004,Desk Lamp,2,22.98,45.96
INV882711,2024-02-13,CUST0646,Usa,P1002,Bluetooth Speaker,1,34.38,34.38
INV589292,2024-12-13,CUST0570,Brazil,P1007,Yoga Mat,5,19.44,97.2
INV394183,2024-09-07,CUST0345,France,P1008,Water Bottle,4,11.1,44.4
INV114722,2024-01-26,CUST0479,Germany,P1005,Office Chair,2,91.61,183.22
INV980499,2024-12-21,CUST0623,India,P1002,Bluetooth Speaker,3,34.36,103.08
INV173099,2024-09-25,CUST0005,Brazil,P1015,Winter Jacket,1,120.38,120.38
INV507854,2024-07-25,CUST0056,Australia,P1013,Sticky Notes Pack,1,4.19,4.19
INV814028,2024-09-24,CUST0572,Germany,P1001,Wireless Mouse,2,15.75,31.5
INV673369,2024-12-14,CUST0123,Canada,P1014,Running Shoes,4,62.63,250.52
INV398731,2024-07-14,CUST0408,Brazil,P1001,Wireless Mouse,2,15.76,31.52
INV242197,2024-10-22,CUST0632,France,P1005,Office Chair,5,90.51,452.55
INV456327,2023-11-30,CUST0190,Canada,P1014,Running Shoes,3,68.24,204.72
INV478810,2024-09-25,CUST0299,Germany,P1001,Wireless Mouse,1,15.3,15.3
INV221414,2023-03-27,CUST0356,Usa,P1009,Backpack,3,43.8,131.4
INV972151,2024-08-06,CUST0137,France,P1014,Running Shoes,3,64.82,194.46
INV181188,2024-09-17,CUST0591,India,P1010,Phone Case,4,10.29,41.16
INV803910,2023-06-27,CUST0591,India,P1007,Yoga Mat,3,19.61,58.83
INV223808,2024-11-23,CUST0535,France,P1008,Water Bottle,2,11.75,23.5
INV163425,2024-02-14,CUST0136,Canada,P1011,Table Lamp,1,26.25,26.25
INV991956,2024-09-12,CUST0399,France,P1001,Wireless Mouse,3,15.32,45.96
INV122410,2023-11-04,CUST0582,Canada,P1002,Bluetooth Speaker,1,33.72,33.72
INV422156,2024-07-14,CUST0575,India,P1010,Phone Case,3,10.32,30.96
INV246559,2024-10-03,CUST0218,Australia,P1002,Bluetooth Speaker,2,33.35,66.7
INV611730,2023-12-15,CUST0685,Germany,P1004,Desk Lamp,4,21.95,87.8
INV250503,2023-03-17,CUST0442,Usa,P1005,Office Chair,5,87.85,439.25
INV501521,2024-10-29,CUST0241,India,P1007,Yoga Mat,3,20.57,61.71
INV622171,2024-06-28,CUST0005,Brazil,P1011,Table Lamp,5,28.0,140.0
INV756157,2024-03-20,CUST0103,India,P1008,Water Bottle,5,11.44,57.2
INV436448,2024-05-02,CUST0781,Brazil,P1001,Wireless Mouse,2,15.24,30.48
INV445634,2024-12-06,CUST0393,Canada,P1015,Winter Jacket,2,115.84,231.68
INV532238,2024-11-08,CUST0748,Germany,P1003,Notebook Set,5,6.49,32.45
INV454925,2024-05-04,CUST0304,France,P1015,Winter Jacket,3,123.64,370.92
INV381653,2024-09-05,CUST0183,Uk,P1001,Wireless Mouse,1,15.69,15.69
INV635330,2024-11-27,CUST0143,Germany,P1012,Gaming Headset,2,57.16,114.32
INV501603,2024-01-04,CUST0228,France,P1013,Sticky Notes Pack,3,4.29,12.87
INV794374,2024-08-06,CUST0749,Germany,P1009,Backpack,2,42.93,85.86
INV329810,2024-08-09,CUST0488,Brazil,P1013,Sticky Notes Pack,2,4.11,8.22
INV833635,2024-09-05,CUST0657,Uk,P1014,Running Shoes,3,64.1,192.3
INV365951,2024-10-01,CUST0281,Canada,P1010,Phone Case,2,10.43,20.86
INV280465,2024-02-07,CUST0191,France,P1005,Office Chair,1,92.23,92.23
INV560538,2024-02-04,CUST0276,India,P1006,Coffee Mug,1,8.55,8.55
INV920447,2024-08-27,CUST0557,India,P1013,Sticky Notes Pack,3,4.39,13.17
INV709027,2023-11-22,CUST0754,Australia,P1001,Wireless Mouse,5,16.47,82.35
INV457300,2024-07-22,CUST0355,France,P1004,Desk Lamp,3,23.02,69.06
INV724100,2024-10-30,CUST0407,Australia,P1011,Table Lamp,2,26.71,53.42
INV598224,2024-07-05,CUST0208,Usa,P1006,Coffee Mug,3,8.0,24.0
INV100085,2024-03-27,CUST0272,Brazil,P1003,Notebook Set,3,6.57,19.71
INV854390,2024-10-09,CUST0622,France,P1005,Office Chair,2,94.48,188.96
INV970220,2024-08-10,CUST0725,Uk,P1011,Table Lamp,3,28.31,84.93
INV458615,2023-12-28,CUST0136,Canada,P1006,Coffee Mug,5,7.84,39.2
INV836024,2023-01-01,CUST0250,Uk,P1001,Wireless Mouse,2,15.21,30.42
INV152910,2024-05-16,CUST0166,Usa,P1012,Gaming Headset,4,52.37,209.48
INV719374,2024-10-11,CUST0738,Canada,P1013,Sticky Notes Pack,1,4.12,4.12
INV585187,2023-01-01,CUST0136,Canada,P1010,Phone Case,1,9.56,9.56
INV766680,2024-05-15,CUST0056,Australia,P1005,Office Chair,4,89.97,359.88
INV897212,2024-07-14,CUST0712,France,P1011,Table Lamp,5,28.76,143.8
INV103183,2024-06-30,CUST0628,Usa,P1003,Notebook Set,3,6.52,19.56
INV148347,2023-01-01,CUST0096,Uk,P1008,Water Bottle,4,11.88,47.52
INV390361,2023-01-01,CUST0493,Canada,P1007,Yoga Mat,3,20.05,60.15
INV817278,2024-09-09,CUST0701,Australia,P1009,Backpack,2,42.99,85.98
INV988395,2024-06-09,CUST0255,Canada,P1013,Sticky Notes Pack,4,4.07,16.28
INV709139,2024-05-24,CUST0346,Canada,P1008,Water Bottle,2,11.19,22.38
INV685401,2023-12-22,CUST0221,France,P1015,Winter Jacket,2,124.92,249.84
INV997163,2024-12-13,CUST0637,France,P1008,Water Bottle,1,11.13,11.13
INV563299,2024-07-23,CUST0419,India,P1002,Bluetooth Speaker,3,35.11,105.33
INV219528,2024-11-19,CUST0410,France,P1012,Gaming Headset,2,54.83,109.66
INV959065,2023-01-01,CUST0331,Uk,P1014,Running Shoes,5,62.21,311.05
INV188038,2023-01-01,CUST0232,Brazil,P1005,Office Chair,3,89.16,267.48
INV905022,2024-12-08,CUST0350,France,P1010,Phone Case,1,10.39,10.39
INV909324,2024-02-07,CUST0715,France,P1006,Coffee Mug,1,7.84,7.84
INV788121,2024-05-21,CUST0759,France,P1007,Yoga Mat,3,19.83,59.49
INV281121,2024-12-26,CUST0727,Germany,P1013,Sticky Notes Pack,3,4.23,12.69
INV691554,2024-08-10,CUST0667,Usa,P1003,Notebook Set,5,6.44,32.2
INV430571,2023-12-02,CUST0001,Germany,P1010,Phone Case,4,10.28,41.12
INV292195,2024-04-17,CUST0301,Australia,P1008,Water Bottle,3,11.9,35.7
INV333312,2023-01-01,CUST0064,Brazil,P1012,Gaming Headset,2,55.38,110.76
INV572382,2023-01-01,CUST0033,Germany,P1006,Coffee Mug,4,7.93,31.72
INV682340,2023-07-02,CUST0709,France,P1015,Winter Jacket,4,117.77,471.08
INV403800,2024-08-02,CUST0770,Canada,P1012,Gaming Headset,3,57.46,172.38
INV150859,2024-03-01,CUST0057,Canada,P1014,Running Shoes,1,66.2,66.2
INV315635,2024-10-04,CUST0180,India,P1013,Sticky Notes Pack,2,4.3,8.6
INV178339,2024-03-25,CUST0647,Germany,P1007,Yoga Mat,5,20.29,101.45
INV137540,2024-09-15,CUST0717,Brazil,P1015,Winter Jacket,4,114.23,456.92
INV968791,2024-02-29,CUST0121,Canada,P1010,Phone Case,4,10.42,41.68
INV969313,2024-12-20,CUST0004,India,P1003,Notebook Set,2,7.08,14.16
INV427596,2024-08-14,CUST0028,Germany,P1002,Bluetooth Speaker,4,34.92,139.68
INV698118,2024-06-15,CUST0657,Uk,P1010,Phone Case,3,9.82,29.46
INV642655,2023-08-17,CUST0301,Australia,P1011,Table Lamp,1,27.55,27.55
INV698277,2024-02-23,CUST0338,Usa,P1011,Table Lamp,3,27.0,81.0
INV394966,2023-10-22,CUST0426,India,P1012,Gaming Headset,4,54.61,218.44
INV485606,2023-10-19,CUST0625,Australia,P1005,Office Chair,5,91.08,455.4
INV366213,2024-11-18,CUST0725,Uk,P1008,Water Bottle,4,11.95,47.8
INV447692,2023-10-28,CUST0361,Brazil,P1004,Desk Lamp,3,22.08,66.24
INV680502,2024-11-16,CUST0175,Canada,P1007,Yoga Mat,5,20.15,100.75
INV265188,2024-02-27,CUST0638,Brazil,P1011,Table Lamp,1,26.7,26.7
INV752308,2024-08-29,CUST0373,Brazil,P1005,Office Chair,1,88.65,88.65
INV359641,2024-12-07,CUST0107,France,P1013,Sticky Notes Pack,1,4.12,4.12
INV188379,2023-09-17,CUST0694,Germany,P1008,Water Bottle,5,11.35,56.75
INV582131,2024-12-20,CUST0678,Germany,P1014,Running Shoes,2,62.56,125.12
INV876854,2024-09-11,CUST0414,Australia,P1009,Backpack,1,46.49,46.49
INV698866,2023-05-02,CUST0198,Uk,P1009,Backpack,2,44.56,89.12
INV108853,2024-06-25,CUST0625,Australia,P1014,Running Shoes,2,64.94,129.88
INV882669,2023-01-01,CUST0548,Brazil,P1011,Table Lamp,1,27.68,27.68
INV209155,2024-09-25,CUST0147,Germany,P1015,Winter Jacket,5,124.73,623.65
INV117595,2024-06-09,CUST0021,Brazil,P1013,Sticky Notes Pack,2,4.21,8.42
INV159065,2024-03-04,CUST0135,India,P1010,Phone Case,1,9.56,9.56
INV695578,2024-03-16,CUST0266,Australia,P1014,Running Shoes,3,67.52,202.56
INV544179,2024-05-06,CUST0140,Australia,P1008,Water Bottle,5,11.94,59.7
INV246609,2024-11-05,CUST0170,Uk,P1008,Water Bottle,5,11.16,55.8
INV822704,2024-11-01,CUST0686,Canada,P1002,Bluetooth Speaker,2,35.66,71.32
INV520644,2024-05-21,CUST0776,Germany,P1010,Phone Case,4,9.88,39.52
INV945795,2024-04-16,CUST0258,Uk,P1012,Gaming Headset,5,53.59,267.95
INV448835,2023-09-03,CUST0506,Canada,P1007,Yoga Mat,3,19.32,57.96
INV280435,2024-02-19,CUST0099,Brazil,P1007,Yoga Mat,3,19.87,59.61
INV884505,2023-07-26,CUST0090,Canada,P1005,Office Chair,5,89.27,446.35
INV337570,2023-06-11,CUST0675,Canada,P1003,Notebook Set,1,6.85,6.85
INV277759,2023-02-22,CUST0657,Uk,P1011,Table Lamp,1,26.86,26.86
INV249798,2024-06-25,CUST0028,Germany,P1012,Gaming Headset,5,55.2,276.0
INV775376,2024-06-12,CUST0405,Germany,P1007,Yoga Mat,3,20.97,62.91
INV353799,2023-12-16,CUST0147,Germany,P1001,Wireless Mouse,3,15.46,46.38
INV505896,2024-04-27,CUST0625,Australia,P1008,Water Bottle,2,11.77,23.54
INV489382,2024-11-18,CUST0390,France,P1015,Winter Jacket,5,123.43,617.15
INV787573,2024-07-13,CUST0793,France,P1009,Backpack,4,43.15,172.6
INV574125,2023-08-02,CUST0280,Usa,P1014,Running Shoes,2,63.47,126.94
INV918520,2024-02-19,CUST0143,Germany,P1007,Yoga Mat,4,19.41,77.64
INV883757,2024-10-09,CUST0588,France,P1001,Wireless Mouse,1,16.55,16.55
INV315591,2024-03-01,CUST0293,India,P1003,Notebook Set,4,7.08,28.32
INV171447,2024-12-13,CUST0570,Brazil,P1004,Desk Lamp,1,22.32,22.32
INV804778,2023-01-01,CUST0709,France,P1015,Winter Jacket,1,125.48,125.48
INV509238,2024-03-11,CUST0088,Germany,P1007,Yoga Mat,5,20.8,104.0
INV725979,2024-08-28,CUST0781,Brazil,P1014,Running Shoes,4,63.78,255.12
INV555656,2024-12-21,CUST0031,Usa,P1002,Bluetooth Speaker,4,35.32,141.28
INV858758,2023-12-06,CUST0474,Usa,P1001,Wireless Mouse,5,15.61,78.05
INV126296,2024-05-25,CUST0199,Brazil,P1004,Desk Lamp,1,22.6,22.6
INV776452,2024-07-12,CUST0177,France,P1009,Backpack,4,44.18,176.72
INV639244,2024-02-12,CUST0276,India,P1012,Gaming Headset,5,52.79,263.95
INV334149,2023-06-17,CUST0603,Canada,P1004,Desk Lamp,3,21.53,64.59
INV779652,2024-09-29,CUST0351,Australia,P1009,Backpack,4,46.82,187.28
INV318891,2024-06-15,CUST0533,Usa,P1002,Bluetooth Speaker,2,35.81,71.62
INV640717,2024-03-07,CUST0622,France,P1006,Coffee Mug,5,8.36,41.8
INV624313,2023-03-26,CUST0153,India,P1003,Notebook Set,1,6.91,6.91
INV824686,2024-10-30,CUST0142,Germany,P1008,Water Bottle,2,11.9,23.8
INV986595,2023-11-21,CUST0493,Canada,P1006,Coffee Mug,4,7.88,31.52
INV587350,2024-08-21,CUST0659,India,P1003,Notebook Set,3,6.97,20.91
INV524117,2024-03-01,CUST0432,Australia,P1014,Running Shoes,5,64.47,322.35
INV757518,2024-12-18,CUST0489,Brazil,P1014,Running Shoes,1,66.13,66.13
INV200307,2024-02-08,CUST0538,France,P1005,Office Chair,3,91.0,273.0
INV123000,2023-02-09,CUST0648,Usa,P1005,Office Chair,1,94.32,94.32
INV920453,2024-05-21,CUST0005,Brazil,P1003,Notebook Set,5,6.82,34.1
INV504779,2024-08-28,CUST0270,Australia,P1001,Wireless Mouse,2,15.45,30.9
INV506922,2024-03-04,CUST0699,Germany,P1013,Sticky Notes Pack,4,4.43,17.72
INV119746,2024-06-21,CUST0332,France,P1010,Phone Case,5,9.98,49.9
INV805379,2024-05-20,CUST0622,France,P1005,Office Chair,5,89.91,449.55
INV172297,2024-12-09,CUST0655,Uk,P1006,Coffee Mug,4,8.62,34.48
INV741991,2023-04-11,CUST0034,Canada,P1002,Bluetooth Speaker,4,35.76,143.04
INV944471,2024-11-26,CUST0164,France,P1014,Running Shoes,4,62.68,250.72
INV849432,2024-06-02,CUST0461,India,P1012,Gaming Headset,5,54.81,274.05
INV185492,2023-06-16,CUST0624,Canada,P1008,Water Bottle,5,11.72,58.6
INV309810,2023-01-01,CUST0661,India,P1008,Water Bottle,3,11.13,33.39
INV138947,2024-02-16,CUST0117,Germany,P1007,Yoga Mat,5,19.0,95.0
INV859268,2023-12-18,CUST0553,Usa,P1009,Backpack,3,44.58,133.74
INV552946,2023-11-27,CUST0311,Uk,P1010,Phone Case,2,9.94,19.88
INV942049,2024-05-01,CUST0028,Germany,P1008,Water Bottle,4,12.02,48.08
INV274132,2023-03-09,CUST0457,Uk,P1006,Coffee Mug,5,8.29,41.45
INV443979,2024-09-03,CUST0673,Canada,P1005,Office Chair,2,89.92,179.84
INV845355,2023-09-20,CUST0579,Brazil,P1007,Yoga Mat,5,19.34,96.7
INV815136,2023-11-17,CUST0143,Germany,P1006,Coffee Mug,3,8.44,25.32
INV933340,2024-06-27,CUST0032,Brazil,P1004,Desk Lamp,2,23.06,46.12
INV106480,2023-01-01,CUST0264,France,P1008,Water Bottle,1,11.81,11.81
INV844519,2023-11-19,CUST0793,France,P1012,Gaming Headset,1,55.28,55.28
INV483577,2024-12-27,CUST0156,Canada,P1004,Desk Lamp,4,22.67,90.68
INV868645,2024-12-19,CUST0694,Germany,P1003,Notebook Set,4,6.61,26.44
INV359641,2024-12-07,CUST0107,France,P1010,Phone Case,2,9.73,19.46
INV337165,2024-08-08,CUST0666,Canada,P1004,Desk Lamp,4,22.56,90.24
INV840331,2024-06-04,CUST0735,Brazil,P1010,Phone Case,1,9.61,9.61
INV489551,2023-11-08,CUST0044,France,P1010,Phone Case,5,9.56,47.8
INV529023,2023-08-12,CUST0507,Brazil,P1006,Coffee Mug,3,8.43,25.29
INV718023,2023-09-09,CUST0725,Uk,P1007,Yoga Mat,4,20.28,81.12
INV758417,2023-01-01,CUST0212,India,P1004,Desk Lamp,1,22.4,22.4
INV321002,2024-06-27,CUST0692,Canada,P1007,Yoga Mat,3,20.3,60.9
INV186256,2024-02-26,CUST0229,Brazil,P1005,Office Chair,5,92.7,463.5
INV455552,2024-08-25,CUST0403,India,P1003,Notebook Set,4,6.96,27.84
INV296120,2024-07-17,CUST0296,Canada,P1009,Backpack,5,46.7,233.5
INV229610,2024-08-03,CUST0657,Uk,P1008,Water Bottle,4,11.11,44.44
INV967627,2024-07-31,CUST0320,Canada,P1009,Backpack,3,46.32,138.96
INV199707,2023-11-03,CUST0527,Uk,P1002,Bluetooth Speaker,3,36.03,108.09
INV493564,2024-10-20,CUST0215,Brazil,P1005,Office Chair,4,92.65,370.6
INV914090,2023-09-08,CUST0518,Germany,P1010,Phone Case,3,9.52,28.56
INV385693,2024-02-12,CUST0615,Germany,P1012,Gaming Headset,1,54.68,54.68
INV149667,2024-09-19,CUST0785,India,P1003,Notebook Set,4,6.9,27.6
INV334615,2024-12-15,CUST0142,Germany,P1007,Yoga Mat,3,20.76,62.28
INV436772,2024-07-11,CUST0526,Germany,P1007,Yoga Mat,1,19.76,19.76
INV392378,2024-12-04,CUST0652,Uk,P1012,Gaming Headset,1,55.48,55.48
INV747988,2024-01-26,CUST0004,India,P1007,Yoga Mat,5,20.01,100.05
INV628717,2024-03-21,CUST0638,Brazil,P1002,Bluetooth Speaker,2,34.39,68.78
INV674736,2024-09-25,CUST0338,Usa,P1012,Gaming Headset,3,55.64,166.92
INV791279,2023-04-26,CUST0717,Brazil,P1013,Sticky Notes Pack,5,4.06,20.3
INV656203,2024-05-12,CUST0729,Usa,P1002,Bluetooth Speaker,3,35.2,105.6
INV688438,2024-09-28,CUST0365,Usa,P1008,Water Bottle,2,11.66,23.32
INV282825,2024-07-21,CUST0264,France,P1005,Office Chair,2,92.53,185.06
INV354884,2023-12-18,CUST0703,Canada,P1003,Notebook Set,4,6.56,26.24
INV785397,2024-12-13,CUST0325,India,P1001,Wireless Mouse,2,16.12,32.24
INV545256,2024-07-14,CUST0228,France,P1012,Gaming Headset,5,54.45,272.25
INV484200,2024-12-29,CUST0245,Germany,P1013,Sticky Notes Pack,4,4.42,17.68
INV315281,2023-01-01,CUST0187,India,P1011,Table Lamp,1,26.87,26.87
INV128371,2024-06-21,CUST0220,Brazil,P1005,Office Chair,3,88.6,265.8
INV389811,2024-03-04,CUST0663,Australia,P1010,Phone Case,2,10.33,20.66
INV854531,2024-11-05,CUST0430,Australia,P1013,Sticky Notes Pack,1,4.24,4.24
INV704052,2023-07-22,CUST0791,Germany,P1012,Gaming Headset,1,54.98,54.98
INV906251,2023-10-11,CUST0342,Germany,P1015,Winter Jacket,1,125.27,125.27
INV291502,2023-09-06,CUST0709,France,P1004,Desk Lamp,3,22.8,68.4
INV696703,2024-07-07,CUST0147,Germany,P1011,Table Lamp,3,27.41,82.23
INV178191,2024-02-09,CUST0578,India,P1008,Water Bottle,5,11.72,58.6
INV782632,2024-12-01,CUST0055,Brazil,P1014,Running Shoes,2,65.23,130.46
INV875337,2023-01-30,CUST0657,Uk,P1010,Phone Case,1,9.59,9.59
INV923968,2024-08-16,CUST0147,Germany,P1014,Running Shoes,5,65.94,329.7
INV736424,2024-07-18,CUST0661,India,P1011,Table Lamp,1,27.22,27.22
INV117883,2024-12-24,CUST0343,Usa,P1002,Bluetooth Speaker,3,34.63,103.89
INV698636,2023-07-29,CUST0289,France,P1014,Running Shoes,5,67.78,338.9
INV874545,2024-11-16,CUST0252,Australia,P1005,Office Chair,3,87.66,262.98
INV264193,2024-09-25,CUST0493,Canada,P1007,Yoga Mat,3,20.29,60.87
INV945221,2024-08-26,CUST0725,Uk,P1005,Office Chair,1,89.6,89.6
INV640955,2024-10-04,CUST0749,Germany,P1009,Backpack,2,45.51,91.02
INV981924,2024-11-02,CUST0005,Brazil,P1013,Sticky Notes Pack,5,4.44,22.2
INV234998,2023-10-06,CUST0590,Brazil,P1003,Notebook Set,5,6.95,34.75
INV217969,2024-09-14,CUST0389,Uk,P1002,Bluetooth Speaker,5,35.78,178.9
INV645339,2024-08-15,CUST0207,Usa,P1011,Table Lamp,2,28.0,56.0
INV189681,2024-07-26,CUST0219,Canada,P1013,Sticky Notes Pack,5,4.35,21.75
INV126098,2023-12-06,CUST0596,Australia,P1002,Bluetooth Speaker,5,36.21,181.05
INV418078,2024-03-15,CUST0213,Australia,P1005,Office Chair,3,91.49,274.47
INV683798,2024-06-05,CUST0208,Usa,P1014,Running Shoes,1,62.31,62.31
INV888690,2024-08-31,CUST0337,Germany,P1014,Running Shoes,3,62.51,187.53
INV256945,2024-06-15,CUST0088,Germany,P1002,Bluetooth Speaker,2,35.44,70.88
INV723003,2024-10-23,CUST0381,Germany,P1014,Running Shoes,1,63.73,63.73
INV614101,2023-01-01,CUST0264,France,P1009,Backpack,1,45.67,45.67
INV200225,2024-06-29,CUST0792,Usa,P1015,Winter Jacket,4,124.43,497.72
INV907872,2024-08-29,CUST0066,Brazil,P1007,Yoga Mat,4,20.05,80.2
INV516148,2024-05-06,CUST0260,Canada,P1001,Wireless Mouse,3,16.45,49.35
INV155672,2024-11-21,CUST0536,France,P1015,Winter Jacket,4,116.52,466.08
INV859268,2023-12-18,CUST0553,Usa,P1002,Bluetooth Speaker,1,32.85,32.85
INV514165,2024-12-30,CUST0421,Brazil,P1009,Backpack,1,46.18,46.18
INV392378,2024-12-04,CUST0652,Uk,P1001,Wireless Mouse,4,16.04,64.16
INV463690,2023-12-28,CUST0663,Australia,P1015,Winter Jacket,1,124.65,124.65
INV187154,2024-06-22,CUST0533,Usa,P1007,Yoga Mat,5,19.96,99.8
INV209125,2023-01-01,CUST0635,France,P1013,Sticky Notes Pack,5,4.36,21.8
INV540176,2024-11-05,CUST0333,Canada,P1011,Table Lamp,4,28.19,112.76
INV831470,2024-07-07,CUST0248,Australia,P1007,Yoga Mat,2,20.36,40.72
INV887777,2023-09-04,CUST0177,France,P1013,Sticky Notes Pack,5,4.44,22.2
INV560964,2024-06-11,CUST0100,Usa,P1010,Phone Case,2,10.16,20.32
INV179333,2024-05-04,CUST0098,Australia,P1015,Winter Jacket,4,123.32,493.28
INV191515,2023-04-07,CUST0170,Uk,P1004,Desk Lamp,4,22.58,90.32
INV341646,2024-11-14,CUST0572,Germany,P1008,Water Bottle,5,11.48,57.4
INV679577,2023-10-09,CUST0643,India,P1013,Sticky Notes Pack,4,4.16,16.64
INV225188,2023-09-18,CUST0506,Canada,P1005,Office Chair,4,86.14,344.56
INV720456,2024-12-13,CUST0225,Germany,P1002,Bluetooth Speaker,3,35.57,106.71
INV474963,2024-12-24,CUST0176,Usa,P1008,Water Bottle,3,11.66,34.98
INV330899,2024-07-26,CUST0172,Germany,P1007,Yoga Mat,4,19.03,76.12
INV421831,2024-04-12,CUST0221,France,P1001,Wireless Mouse,5,15.75,78.75
INV137304,2024-02-25,CUST0368,France,P1013,Sticky Notes Pack,4,4.44,17.76
INV785087,2024-10-16,CUST0440,Brazil,P1013,Sticky Notes Pack,2,4.05,8.1
INV349886,2024-05-12,CUST0557,India,P1002,Bluetooth Speaker,1,34.47,34.47
INV758655,2024-08-13,CUST0209,Australia,P1005,Office Chair,1,86.1,86.1
INV485144,2023-01-01,CUST0505,Uk,P1008,Water Bottle,2,11.1,22.2
INV122004,2024-10-22,CUST0096,Uk,P1013,Sticky Notes Pack,4,4.27,17.08
INV173384,2024-10-22,CUST0215,Brazil,P1004,Desk Lamp,5,22.64,113.2
INV943512,2024-08-29,CUST0142,Germany,P1013,Sticky Notes Pack,4,4.37,17.48
INV983812,2024-05-07,CUST0004,India,P1002,Bluetooth Speaker,1,34.39,34.39
INV885035,2024-02-29,CUST0414,Australia,P1008,Water Bottle,4,11.46,45.84
INV405337,2024-09-03,CUST0603,Canada,P1012,Gaming Headset,2,56.92,113.84
INV773509,2024-09-08,CUST0178,Australia,P1002,Bluetooth Speaker,3,35.67,107.01
INV711939,2024-11-28,CUST0126,Brazil,P1005,Office Chair,4,92.52,370.08
INV795418,2024-01-14,CUST0153,India,P1004,Desk Lamp,1,21.36,21.36
INV565117,2024-12-08,CUST0267,Germany,P1014,Running Shoes,5,61.81,309.05
INV674161,2024-12-20,CUST0616,Canada,P1004,Desk Lamp,5,22.17,110.85
INV550539,2024-09-01,CUST0147,Germany,P1005,Office Chair,3,91.36,274.08
INV262943,2024-03-21,CUST0622,France,P1015,Winter Jacket,4,125.17,500.68
INV261342,2024-06-27,CUST0265,India,P1006,Coffee Mug,4,8.08,32.32
INV340436,2024-11-08,CUST0386,India,P1006,Coffee Mug,1,8.53,8.53
INV688409,2024-05-04,CUST0311,Uk,P1014,Running Shoes,4,62.87,251.48
INV362264,2023-12-27,CUST0302,Usa,P1007,Yoga Mat,1,20.46,20.46
INV526612,2024-08-22,CUST0648,Usa,P1010,Phone Case,5,10.06,50.3
INV290118,2024-09-11,CUST0331,Uk,P1003,Notebook Set,4,7.01,28.04
INV109564,2024-11-20,CUST0351,Australia,P1003,Notebook Set,4,6.79,27.16
INV310841,2024-10-29,CUST0430,Australia,P1006,Coffee Mug,2,8.47,16.94
INV554738,2023-04-24,CUST0103,India,P1006,Coffee Mug,3,7.85,23.55
INV317013,2024-08-08,CUST0021,Brazil,P1004,Desk Lamp,1,21.88,21.88
INV684736,2024-03-31,CUST0252,Australia,P1001,Wireless Mouse,1,16.78,16.78
INV770993,2024-11-10,CUST0741,Brazil,P1001,Wireless Mouse,2,15.73,31.46
INV153045,2023-01-01,CUST0694,Germany,P1011,Table Lamp,4,28.73,114.92
INV758655,2024-08-13,CUST0209,Australia,P1004,Desk Lamp,2,22.3,44.6
INV355205,2024-09-30,CUST0079,Germany,P1004,Desk Lamp,4,21.02,84.08
INV573821,2024-07-19,CUST0723,Australia,P1013,Sticky Notes Pack,1,4.22,4.22
INV329390,2023-01-01,CUST0493,Canada,P1006,Coffee Mug,2,8.45,16.9
INV421831,2024-04-12,CUST0221,France,P1004,Desk Lamp,3,20.94,62.82
INV877090,2023-01-01,CUST0657,Uk,P1011,Table Lamp,3,26.24,78.72
INV544304,2024-08-14,CUST0014,Uk,P1009,Backpack,1,45.54,45.54
INV174616,2024-05-08,CUST0102,Usa,P1005,Office Chair,2,93.2,186.4
INV528605,2024-05-08,CUST0203,Australia,P1003,Notebook Set,3,6.61,19.83
INV784365,2024-11-29,CUST0329,Uk,P1015,Winter Jacket,4,125.0,500.0
INV645957,2023-09-30,CUST0177,France,P1003,Notebook Set,4,6.87,27.48
INV773586,2024-12-23,CUST0472,Brazil,P1002,Bluetooth Speaker,4,33.54,134.16
INV195980,2024-12-22,CUST0622,France,P1006,Coffee Mug,5,7.84,39.2
INV359526,2024-11-08,CUST0204,Australia,P1012,Gaming Headset,5,56.46,282.3
INV673605,2024-08-05,CUST0252,Australia,P1003,Notebook Set,4,6.75,27.0
INV211435,2024-06-24,CUST0798,Germany,P1013,Sticky Notes Pack,5,4.23,21.15
INV717279,2023-01-01,CUST0692,Canada,P1015,Winter Jacket,1,115.4,115.4
INV405299,2024-12-13,CUST0279,France,P1009,Backpack,3,46.81,140.43
INV868912,2024-11-28,CUST0150,Germany,P1013,Sticky Notes Pack,1,4.25,4.25
INV739097,2024-05-30,CUST0339,Brazil,P1002,Bluetooth Speaker,4,33.65,134.6
INV185492,2023-06-16,CUST0624,Canada,P1004,Desk Lamp,1,21.44,21.44
INV356279,2023-06-30,CUST0006,France,P1013,Sticky Notes Pack,1,4.23,4.23
INV529838,2023-07-17,CUST0212,India,P1006,Coffee Mug,5,7.95,39.75
INV624240,2024-07-15,CUST0332,France,P1005,Office Chair,4,89.87,359.48
INV803678,2024-12-01,CUST0555,India,P1013,Sticky Notes Pack,5,4.17,20.85
INV729364,2023-06-16,CUST0545,Canada,P1014,Running Shoes,4,64.74,258.96
INV489024,2024-04-05,CUST0666,Canada,P1013,Sticky Notes Pack,3,4.23,12.69
INV248307,2024-12-14,CUST0604,Usa,P1008,Water Bottle,1,12.0,12.0
INV549977,2024-02-08,CUST0418,Brazil,P1008,Water Bottle,1,11.3,11.3
INV717327,2024-11-01,CUST0154,Germany,P1006,Coffee Mug,5,7.98,39.9
INV828444,2023-12-07,CUST0044,France,P1008,Water Bottle,5,11.45,57.25
INV677831,2024-02-09,CUST0762,Canada,P1007,Yoga Mat,1,20.93,20.93
INV434684,2024-02-14,CUST0098,Australia,P1008,Water Bottle,2,11.92,23.84
INV335189,2023-12-25,CUST0406,France,P1008,Water Bottle,1,12.01,12.01
INV523930,2024-03-14,CUST0450,Brazil,P1007,Yoga Mat,3,20.58,61.74
INV576870,2024-10-31,CUST0746,India,P1003,Notebook Set,3,7.0,21.0
INV981924,2024-11-02,CUST0005,Brazil,P1013,Sticky Notes Pack,2,4.21,8.42
INV590431,2024-09-02,CUST0082,Australia,P1012,Gaming Headset,3,54.45,163.35
INV734194,2023-01-09,CUST0725,Uk,P1008,Water Bottle,2,11.22,22.44
INV306595,2024-12-13,CUST0023,Canada,P1005,Office Chair,2,86.29,172.58
INV210825,2023-06-17,CUST0271,Australia,P1004,Desk Lamp,2,21.49,42.98
INV486807,2024-09-18,CUST0239,Canada,P1004,Desk Lamp,2,21.91,43.82
INV611305,2023-09-06,CUST0327,Usa,P1002,Bluetooth Speaker,2,34.9,69.8
INV485151,2024-11-03,CUST0745,France,P1010,Phone Case,5,10.16,50.8
INV258789,2024-07-12,CUST0099,Brazil,P1001,Wireless Mouse,1,15.99,15.99
INV825323,2023-09-10,CUST0058,Brazil,P1015,Winter Jacket,3,124.43,373.29
INV775364,2024-06-16,CUST0228,France,P1009,Backpack,2,44.0,88.0
INV595212,2023-01-01,CUST0004,India,P1010,Phone Case,4,9.68,38.72
INV256454,2024-02-26,CUST0235,India,P1010,Phone Case,2,9.62,19.24
INV589292,2024-12-13,CUST0570,Brazil,P1001,Wireless Mouse,4,16.06,64.24
INV348815,2024-08-25,CUST0310,Usa,P1011,Table Lamp,4,26.97,107.88
INV706929,2023-11-01,CUST0261,India,P1001,Wireless Mouse,5,15.98,79.9
INV985470,2024-11-04,CUST0333,Canada,P1004,Desk Lamp,2,21.13,42.26
INV743044,2024-07-08,CUST0016,France,P1008,Water Bottle,5,11.86,59.3
INV398898,2024-05-04,CUST0212,India,P1011,Table Lamp,1,26.47,26.47
INV831147,2024-06-28,CUST0293,India,P1009,Backpack,3,47.13,141.39
INV589708,2024-08-02,CUST0600,France,P1006,Coffee Mug,5,8.6,43.0
INV992007,2024-03-13,CUST0174,India,P1008,Water Bottle,2,11.65,23.3
INV801813,2024-08-10,CUST0332,France,P1007,Yoga Mat,4,19.34,77.36
INV318539,2024-10-30,CUST0533,Usa,P1008,Water Bottle,1,11.63,11.63
INV364299,2023-02-07,CUST0068,France,P1004,Desk Lamp,1,21.1,21.1
INV617841,2024-10-22,CUST0492,Usa,P1005,Office Chair,5,92.23,461.15
INV580629,2024-04-14,CUST0269,Brazil,P1013,Sticky Notes Pack,3,4.11,12.33
INV714436,2023-10-15,CUST0499,France,P1001,Wireless Mouse,4,16.12,64.48
INV506118,2024-09-19,CUST0134,Usa,P1007,Yoga Mat,5,20.27,101.35
INV757441,2023-11-13,CUST0495,Canada,P1009,Backpack,3,43.42,130.26
INV317354,2024-11-05,CUST0763,Brazil,P1004,Desk Lamp,5,22.99,114.95
INV889019,2024-02-08,CUST0742,India,P1007,Yoga Mat,2,19.83,39.66
INV125801,2024-10-31,CUST0648,Usa,P1015,Winter Jacket,1,120.36,120.36
INV416638,2024-07-28,CUST0571,Canada,P1006,Coffee Mug,4,7.96,31.84
INV430386,2023-01-01,CUST0190,Canada,P1006,Coffee Mug,1,8.31,8.31
INV230116,2023-01-01,CUST0755,Uk,P1012,Gaming Headset,1,56.09,56.09
INV904799,2024-12-05,CUST0692,Canada,P1010,Phone Case,2,9.55,19.1
INV835854,2023-06-14,CUST0499,France,P1005,Office Chair,2,93.83,187.66
INV920349,2023-01-30,CUST0688,Usa,P1013,Sticky Notes Pack,3,4.19,12.57
INV407192,2024-11-26,CUST0289,France,P1009,Backpack,3,43.33,129.99
INV602997,2024-09-24,CUST0342,Germany,P1001,Wireless Mouse,5,15.53,77.65
INV564272,2023-01-01,CUST0505,Uk,P1007,Yoga Mat,4,19.69,78.76
INV936773,2024-04-08,CUST0051,Germany,P1003,Notebook Set,1,6.89,6.89
INV867472,2023-01-14,CUST0120,France,P1001,Wireless Mouse,1,15.6,15.6
INV250885,2024-11-24,CUST0732,Germany,P1014,Running Shoes,2,68.14,136.28
INV674528,2023-01-01,CUST0717,Brazil,P1004,Desk Lamp,3,21.38,64.14
INV241878,2024-08-13,CUST0071,Germany,P1010,Phone Case,4,10.3,41.2
INV493564,2024-10-20,CUST0215,Brazil,P1015,Winter Jacket,5,114.47,572.35
INV225180,2023-01-20,CUST0252,Australia,P1006,Coffee Mug,5,8.08,40.4
INV749551,2024-09-27,CUST0785,India,P1001,Wireless Mouse,3,15.98,47.94
INV689675,2024-01-07,CUST0386,India,P1009,Backpack,3,47.23,141.69
INV206032,2024-03-18,CUST0135,India,P1001,Wireless Mouse,2,15.65,31.3
INV999844,2024-11-03,CUST0333,Canada,P1014,Running Shoes,1,62.37,62.37
INV910862,2024-05-22,CUST0194,Canada,P1006,Coffee Mug,4,7.98,31.92
INV889292,2024-11-21,CUST0196,Uk,P1008,Water Bottle,5,11.45,57.25
INV692210,2024-09-12,CUST0677,France,P1010,Phone Case,3,9.56,28.68
INV667045,2024-04-16,CUST0723,Australia,P1001,Wireless Mouse,5,15.83,79.15
INV949296,2024-09-09,CUST0320,Canada,P1005,Office Chair,2,92.99,185.98
INV120509,2024-06-03,CUST0212,India,P1012,Gaming Headset,1,53.14,53.14
INV217266,2024-10-28,CUST0597,France,P1007,Yoga Mat,3,19.5,58.5
INV776754,2024-05-19,CUST0699,Germany,P1003,Notebook Set,5,6.63,33.15
INV194863,2024-10-03,CUST0397,Australia,P1012,Gaming Headset,1,55.01,55.01
INV244162,2024-10-21,CUST0214,Australia,P1007,Yoga Mat,3,19.66,58.98
INV949631,2024-12-16,CUST0717,Brazil,P1007,Yoga Mat,5,20.04,100.2
INV525191,2024-07-17,CUST0498,Brazil,P1002,Bluetooth Speaker,5,33.61,168.05
INV572449,2024-06-20,CUST0514,India,P1006,Coffee Mug,1,8.14,8.14
INV892738,2023-01-01,CUST0688,Usa,P1005,Office Chair,4,92.55,370.2
INV836538,2024-08-01,CUST0693,France,P1008,Water Bottle,5,11.36,56.8
INV681440,2023-01-01,CUST0072,Germany,P1011,Table Lamp,1,26.33,26.33
INV836517,2024-10-05,CUST0462,France,P1001,Wireless Mouse,5,15.46,77.3
INV122188,2024-12-02,CUST0562,Brazil,P1004,Desk Lamp,1,21.03,21.03
INV993698,2024-07-21,CUST0793,France,P1007,Yoga Mat,5,19.17,95.85
INV574013,2023-01-01,CUST0098,Australia,P1013,Sticky Notes Pack,4,4.41,17.64
INV136005,2024-12-01,CUST0556,Brazil,P1012,Gaming Headset,1,52.96,52.96
INV337572,2024-06-08,CUST0170,Uk,P1012,Gaming Headset,3,56.7,170.1
INV854390,2024-10-09,CUST0622,France,P1014,Running Shoes,1,63.26,63.26
INV862293,2023-06-17,CUST0198,Uk,P1006,Coffee Mug,1,8.06,8.06
INV465247,2024-05-13,CUST0246,Uk,P1010,Phone Case,5,9.72,48.6
INV397062,2024-03-08,CUST0538,France,P1015,Winter Jacket,4,119.59,478.36
INV370593,2024-12-24,CUST0228,France,P1011,Table Lamp,1,26.77,26.77
INV759223,2024-09-28,CUST0219,Canada,P1001,Wireless Mouse,5,16.74,83.7
INV192285,2024-04-26,CUST0605,France,P1003,Notebook Set,3,6.77,20.31
INV479198,2024-11-09,CUST0343,Usa,P1006,Coffee Mug,1,8.12,8.12
INV634132,2024-06-05,CUST0133,Germany,P1013,Sticky Notes Pack,2,4.28,8.56
INV774465,2024-11-11,CUST0623,India,P1002,Bluetooth Speaker,4,35.53,142.12
INV753872,2024-08-18,CUST0024,Brazil,P1013,Sticky Notes Pack,5,4.41,22.05
INV138538,2024-11-23,CUST0535,France,P1015,Winter Jacket,1,114.68,114.68
INV870354,2024-11-11,CUST0632,France,P1007,Yoga Mat,3,19.78,59.34
INV610892,2024-10-23,CUST0736,Uk,P1014,Running Shoes,2,65.77,131.54
INV783371,2024-03-31,CUST0450,Brazil,P1007,Yoga Mat,4,20.8,83.2
INV573517,2024-05-03,CUST0004,India,P1014,Running Shoes,3,67.38,202.14
INV316665,2024-11-10,CUST0126,Brazil,P1010,Phone Case,2,9.83,19.66
INV210456,2024-12-11,CUST0297,Usa,P1007,Yoga Mat,5,19.83,99.15
INV576331,2023-11-18,CUST0691,Germany,P1005,Office Chair,5,88.34,441.7
INV775833,2024-06-07,CUST0647,Germany,P1012,Gaming Headset,3,56.19,168.57
INV776452,2024-07-12,CUST0177,France,P1014,Running Shoes,2,64.46,128.92
INV505421,2023-05-08,CUST0751,Canada,P1009,Backpack,4,45.91,183.64
INV759435,2024-10-05,CUST0408,Brazil,P1012,Gaming Headset,4,54.69,218.76
INV617008,2024-08-27,CUST0104,India,P1011,Table Lamp,5,27.35,136.75
INV740972,2024-09-05,CUST0338,Usa,P1007,Yoga Mat,5,20.74,103.7
INV789289,2023-10-22,CUST0619,India,P1011,Table Lamp,2,28.47,56.94
INV861922,2024-11-27,CUST0588,France,P1008,Water Bottle,2,12.03,24.06
INV239617,2024-03-26,CUST0761,Brazil,P1009,Backpack,5,46.31,231.55
INV859346,2024-07-07,CUST0762,Canada,P1014,Running Shoes,2,64.75,129.5
INV461883,2024-10-21,CUST0717,Brazil,P1010,Phone Case,4,10.42,41.68
INV855047,2024-12-16,CUST0072,Germany,P1010,Phone Case,4,9.76,39.04
INV919339,2024-10-12,CUST0694,Germany,P1010,Phone Case,3,9.72,29.16
INV217969,2024-09-14,CUST0389,Uk,P1002,Bluetooth Speaker,5,35.27,176.35
INV621525,2024-01-10,CUST0649,Uk,P1015,Winter Jacket,5,117.51,587.55
INV308416,2024-12-10,CUST0736,Uk,P1014,Running Shoes,4,67.75,271.0
INV808634,2024-05-04,CUST0416,France,P1005,Office Chair,3,86.15,258.45
INV216626,2023-06-29,CUST0088,Germany,P1011,Table Lamp,5,27.94,139.7
INV801220,2024-01-14,CUST0629,India,P1012,Gaming Headset,1,55.38,55.38
INV640717,2024-03-07,CUST0622,France,P1013,Sticky Notes Pack,4,4.38,17.52
INV199701,2023-01-01,CUST0333,Canada,P1006,Coffee Mug,3,8.28,24.84
INV768401,2024-09-07,CUST0176,Usa,P1015,Winter Jacket,4,124.78,499.12
INV943790,2023-01-01,CUST0103,India,P1013,Sticky Notes Pack,5,4.45,22.25
INV766322,2024-03-13,CUST0736,Uk,P1003,Notebook Set,4,6.87,27.48
INV388862,2024-08-10,CUST0547,Usa,P1009,Backpack,2,42.89,85.78
INV213050,2024-09-22,CUST0571,Canada,P1006,Coffee Mug,1,8.15,8.15
INV849657,2023-01-23,CUST0657,Uk,P1014,Running Shoes,3,64.06,192.18
INV253865,2024-03-25,CUST0625,Australia,P1013,Sticky Notes Pack,2,4.32,8.64
INV347806,2024-06-18,CUST0548,Brazil,P1011,Table Lamp,3,26.42,79.26
INV439689,2024-11-19,CUST0190,Canada,P1005,Office Chair,2,86.96,173.92
INV299008,2023-07-02,CUST0624,Canada,P1014,Running Shoes,5,62.89,314.45
INV439320,2023-10-07,CUST0719,Germany,P1003,Notebook Set,5,7.07,35.35
INV682503,2023-01-01,CUST0406,France,P1011,Table Lamp,3,28.26,84.78
INV833836,2024-10-30,CUST0472,Brazil,P1013,Sticky Notes Pack,2,4.4,8.8
INV994575,2023-08-19,CUST0457,Uk,P1014,Running Shoes,4,67.13,268.52
INV286048,2024-09-24,CUST0546,Australia,P1005,Office Chair,1,90.75,90.75
INV813224,2024-06-01,CUST0451,Uk,P1001,Wireless Mouse,4,15.49,61.96
INV208685,2024-05-20,CUST0446,Canada,P1005,Office Chair,5,94.14,470.7
INV370599,2024-04-24,CUST0140,Australia,P1002,Bluetooth Speaker,3,34.24,102.72
INV542669,2024-11-27,CUST0713,India,P1001,Wireless Mouse,3,16.39,49.17
INV889121,2023-01-01,CUST0153,India,P1009,Backpack,1,44.12,44.12
INV742186,2024-10-26,CUST0368,France,P1002,Bluetooth Speaker,5,35.35,176.75
INV315430,2024-10-31,CUST0149,Brazil,P1002,Bluetooth Speaker,1,34.16,34.16
INV740478,2024-06-02,CUST0275,Australia,P1015,Winter Jacket,5,123.56,617.8
INV931036,2024-06-11,CUST0344,Uk,P1007,Yoga Mat,3,20.27,60.81
INV775967,2024-07-07,CUST0189,Uk,P1014,Running Shoes,5,62.52,312.6
INV953397,2023-01-01,CUST0098,Australia,P1008,Water Bottle,3,12.04,36.12
INV527838,2024-12-26,CUST0694,Germany,P1011,Table Lamp,2,26.88,53.76
INV379432,2024-08-09,CUST0697,France,P1003,Notebook Set,4,6.86,27.44
INV138027,2024-08-09,CUST0255,Canada,P1013,Sticky Notes Pack,3,4.18,12.54
INV925448,2024-03-30,CUST0533,Usa,P1011,Table Lamp,4,27.06,108.24
INV945653,2023-11-11,CUST0725,Uk,P1014,Running Shoes,3,65.66,196.98
INV353480,2024-12-04,CUST0545,Canada,P1001,Wireless Mouse,2,16.31,32.62
INV944779,2024-06-15,CUST0596,Australia,P1004,Desk Lamp,3,22.54,67.62
INV518349,2024-12-25,CUST0604,Usa,P1002,Bluetooth Speaker,2,33.72,67.44
INV414325,2024-11-11,CUST0219,Canada,P1014,Running Shoes,1,67.15,67.15
INV419548,2024-08-26,CUST0274,Germany,P1013,Sticky Notes Pack,1,4.18,4.18
INV351408,2024-07-21,CUST0220,Brazil,P1001,Wireless Mouse,5,15.38,76.9
INV922076,2024-09-14,CUST0389,Uk,P1003,Notebook Set,2,6.6,13.2
INV705792,2023-10-22,CUST0493,Canada,P1004,Desk Lamp,5,22.24,111.2
INV567958,2024-10-08,CUST0005,Brazil,P1002,Bluetooth Speaker,4,35.82,143.28
INV276764,2023-01-01,CUST0001,Germany,P1014,Running Shoes,1,66.92,66.92
INV795040,2024-11-10,CUST0219,Canada,P1002,Bluetooth Speaker,1,34.92,34.92
INV252122,2024-03-18,CUST0630,India,P1007,Yoga Mat,5,20.61,103.05
INV957044,2024-08-03,CUST0255,Canada,P1007,Yoga Mat,2,20.53,41.06
INV918226,2024-10-30,CUST0436,Brazil,P1010,Phone Case,5,9.79,48.95
INV856712,2024-04-21,CUST0637,France,P1001,Wireless Mouse,2,16.23,32.46
INV320206,2024-12-17,CUST0699,Germany,P1006,Coffee Mug,5,8.06,40.3
INV948968,2024-12-10,CUST0144,Uk,P1002,Bluetooth Speaker,1,35.5,35.5
INV775967,2024-07-07,CUST0189,Uk,P1008,Water Bottle,5,11.25,56.25
INV599964,2023-12-06,CUST0454,Canada,P1009,Backpack,3,46.63,139.89
INV634884,2024-06-07,CUST0233,Brazil,P1006,Coffee Mug,2,8.41,16.82
INV939459,2024-10-05,CUST0599,Usa,P1004,Desk Lamp,2,22.53,45.06
INV667386,2023-07-21,CUST0200,Usa,P1003,Notebook Set,4,6.82,27.28
INV840331,2024-06-04,CUST0735,Brazil,P1012,Gaming Headset,1,54.31,54.31
INV315289,2024-12-20,CUST0350,France,P1012,Gaming Headset,5,57.12,285.6
INV970893,2024-08-26,CUST0345,France,P1010,Phone Case,2,9.78,19.56
INV970835,2024-07-13,CUST0228,France,P1011,Table Lamp,5,28.15,140.75
INV130621,2024-09-04,CUST0376,Canada,P1010,Phone Case,1,10.06,10.06
INV186647,2024-11-04,CUST0240,France,P1015,Winter Jacket,1,125.11,125.11
INV224432,2024-05-01,CUST0110,Uk,P1006,Coffee Mug,4,8.48,33.92
INV963028,2023-02-03,CUST0575,India,P1004,Desk Lamp,1,22.99,22.99
INV559098,2024-01-24,CUST0116,India,P1009,Backpack,4,44.91,179.64
INV513849,2024-01-31,CUST0359,Usa,P1006,Coffee Mug,4,7.84,31.36
INV117833,2024-03-11,CUST0343,Usa,P1010,Phone Case,1,9.59,9.59
INV370777,2024-04-16,CUST0599,Usa,P1006,Coffee Mug,4,8.63,34.52
INV176602,2024-09-16,CUST0541,Usa,P1003,Notebook Set,1,6.8,6.8
INV624489,2024-04-06,CUST0333,Canada,P1006,Coffee Mug,2,8.52,17.04
INV108094,2024-11-29,CUST0139,India,P1004,Desk Lamp,2,21.95,43.9
INV603200,2024-11-16,CUST0204,Australia,P1014,Running Shoes,4,67.03,268.12
INV455298,2024-08-10,CUST0221,France,P1012,Gaming Headset,2,57.54,115.08
INV696238,2023-12-24,CUST0776,Germany,P1008,Water Bottle,5,11.64,58.2
INV476739,2024-12-22,CUST0210,Usa,P1001,Wireless Mouse,1,16.08,16.08
INV757441,2023-11-13,CUST0495,Canada,P1006,Coffee Mug,5,8.44,42.2
INV878174,2023-08-02,CUST0575,India,P1008,Water Bottle,5,11.12,55.6
INV170337,2024-08-13,CUST0298,Canada,P1010,Phone Case,4,10.3,41.2
INV307456,2024-12-02,CUST0691,Germany,P1009,Backpack,2,45.29,90.58
INV467445,2024-11-01,CUST0349,France,P1006,Coffee Mug,1,8.22,8.22
INV508499,2024-11-16,CUST0210,Usa,P1014,Running Shoes,1,63.86,63.86
INV986338,2024-07-06,CUST0535,France,P1003,Notebook Set,4,6.6,26.4
INV247032,2024-11-29,CUST0117,Germany,P1001,Wireless Mouse,4,15.52,62.08
INV821202,2024-11-19,CUST0152,Uk,P1014,Running Shoes,4,64.98,259.92
INV986895,2023-08-04,CUST0519,France,P1014,Running Shoes,5,66.29,331.45
INV329737,2024-05-22,CUST0220,Brazil,P1010,Phone Case,2,9.96,19.92
INV538917,2024-07-17,CUST0110,Uk,P1003,Notebook Set,2,6.86,13.72
INV412046,2023-02-12,CUST0414,Australia,P1014,Running Shoes,5,62.37,311.85
INV424580,2024-05-28,CUST0769,Canada,P1010,Phone Case,1,10.25,10.25
INV248934,2024-10-15,CUST0748,Germany,P1005,Office Chair,3,86.41,259.23
INV770706,2024-07-26,CUST0547,Usa,P1005,Office Chair,5,88.17,440.85
INV305726,2024-09-16,CUST0621,Usa,P1006,Coffee Mug,2,8.38,16.76
INV559834,2024-07-16,CUST0291,Germany,P1013,Sticky Notes Pack,2,4.05,8.1
INV342775,2024-07-05,CUST0678,Germany,P1011,Table Lamp,2,28.84,57.68
INV199614,2024-09-19,CUST0109,Australia,P1005,Office Chair,2,87.05,174.1
INV724510,2023-08-19,CUST0190,Canada,P1015,Winter Jacket,1,124.97,124.97
INV178426,2024-11-15,CUST0635,France,P1006,Coffee Mug,3,8.16,24.48
INV550432,2024-12-23,CUST0223,Usa,P1012,Gaming Headset,2,54.62,109.24
INV863243,2024-12-28,CUST0745,France,P1010,Phone Case,5,10.48,52.4
INV408564,2024-04-28,CUST0304,France,P1003,Notebook Set,3,6.47,19.41
INV831147,2024-06-28,CUST0293,India,P1004,Desk Lamp,2,21.09,42.18
INV105085,2024-01-22,CUST0207,Usa,P1004,Desk Lamp,3,22.49,67.47
INV430337,2024-12-25,CUST0007,Brazil,P1012,Gaming Headset,4,52.45,209.8
INV529219,2023-01-01,CUST0755,Uk,P1008,Water Bottle,3,11.78,35.34
INV883596,2024-03-20,CUST0405,Germany,P1006,Coffee Mug,2,8.33,16.66
INV184426,2024-07-03,CUST0541,Usa,P1012,Gaming Headset,1,54.43,54.43
INV247526,2024-11-19,CUST0080,Uk,P1015,Winter Jacket,1,118.42,118.42
INV606189,2024-05-07,CUST0166,Usa,P1010,Phone Case,3,9.92,29.76
INV457300,2024-07-22,CUST0355,France,P1008,Water Bottle,5,11.21,56.05
INV647128,2024-11-06,CUST0599,Usa,P1010,Phone Case,3,9.94,29.82
INV561008,2024-11-01,CUST0738,Canada,P1009,Backpack,1,43.33,43.33
INV162318,2024-06-23,CUST0253,France,P1003,Notebook Set,1,6.86,6.86
INV766077,2024-04-15,CUST0463,Germany,P1005,Office Chair,5,93.6,468.0
INV764153,2024-12-14,CUST0558,Germany,P1014,Running Shoes,2,67.39,134.78
INV522115,2024-10-08,CUST0305,Australia,P1010,Phone Case,2,10.35,20.7
INV488695,2023-11-22,CUST0089,Usa,P1012,Gaming Headset,4,57.23,228.92
INV434665,2024-07-23,CUST0157,Australia,P1004,Desk Lamp,4,21.55,86.2
INV957044,2024-08-03,CUST0255,Canada,P1007,Yoga Mat,4,20.24,80.96
INV790845,2024-10-28,CUST0178,Australia,P1003,Notebook Set,1,6.44,6.44
INV694366,2024-02-07,CUST0315,Germany,P1012,Gaming Headset,3,52.6,157.8
INV303691,2024-07-20,CUST0389,Uk,P1002,Bluetooth Speaker,1,33.59,33.59
INV832736,2024-08-15,CUST0682,Usa,P1006,Coffee Mug,3,8.06,24.18
INV774832,2024-06-10,CUST0259,Usa,P1004,Desk Lamp,5,23.0,115.0
INV170718,2023-11-11,CUST0701,Australia,P1001,Wireless Mouse,3,16.15,48.45
INV698291,2023-05-24,CUST0109,Australia,P1010,Phone Case,4,10.24,40.96
INV804920,2024-08-02,CUST0171,Australia,P1005,Office Chair,1,88.41,88.41
INV930558,2024-11-14,CUST0109,Australia,P1011,Table Lamp,2,26.47,52.94
INV187454,2023-10-21,CUST0405,Germany,P1008,Water Bottle,4,11.3,45.2
INV488482,2023-02-13,CUST0462,France,P1007,Yoga Mat,3,20.17,60.51
INV436139,2024-07-18,CUST0422,France,P1001,Wireless Mouse,4,15.84,63.36
INV868124,2024-09-26,CUST0001,Germany,P1015,Winter Jacket,5,114.35,571.75
INV392946,2024-05-24,CUST0591,India,P1012,Gaming Headset,5,53.66,268.3
INV960335,2024-11-21,CUST0016,France,P1008,Water Bottle,1,11.27,11.27
INV808132,2024-06-26,CUST0195,Australia,P1013,Sticky Notes Pack,5,4.29,21.45
INV531171,2024-11-22,CUST0025,Uk,P1006,Coffee Mug,1,8.09,8.09
INV876045,2023-01-01,CUST0429,Germany,P1014,Running Shoes,2,63.86,127.72
INV565986,2024-12-16,CUST0295,Brazil,P1004,Desk Lamp,4,22.19,88.76
INV333876,2024-11-24,CUST0381,Germany,P1011,Table Lamp,4,28.42,113.68
INV256974,2024-12-01,CUST0341,Australia,P1006,Coffee Mug,5,8.65,43.25
INV519304,2024-10-19,CUST0159,France,P1002,Bluetooth Speaker,3,34.38,103.14
INV541284,2024-10-25,CUST0189,Uk,P1006,Coffee Mug,2,8.05,16.1
INV511396,2024-12-25,CUST0207,Usa,P1014,Running Shoes,2,62.98,125.96
INV880037,2024-05-30,CUST0390,France,P1005,Office Chair,2,92.26,184.52
INV212089,2023-01-25,CUST0245,Germany,P1004,Desk Lamp,5,22.01,110.05
INV399808,2024-12-14,CUST0489,Brazil,P1014,Running Shoes,3,64.22,192.66
INV434391,2024-08-21,CUST0650,Germany,P1007,Yoga Mat,4,20.11,80.44
INV785087,2024-10-16,CUST0440,Brazil,P1005,Office Chair,2,89.3,178.6
INV345535,2024-06-08,CUST0153,India,P1003,Notebook Set,5,6.98,34.9
INV926683,2023-02-06,CUST0191,France,P1010,Phone Case,1,10.46,10.46
INV781410,2023-01-01,CUST0454,Canada,P1002,Bluetooth Speaker,1,34.87,34.87
INV923710,2024-03-23,CUST0758,Uk,P1007,Yoga Mat,5,20.85,104.25
INV192653,2024-06-07,CUST0462,France,P1006,Coffee Mug,2,8.1,16.2
INV480264,2024-08-26,CUST0231,France,P1015,Winter Jacket,2,125.2,250.4
INV215248,2024-04-21,CUST0602,Germany,P1010,Phone Case,1,10.33,10.33
INV146258,2024-11-20,CUST0090,Canada,P1002,Bluetooth Speaker,2,35.2,70.4
INV779119,2024-11-14,CUST0206,France,P1009,Backpack,3,43.81,131.43
INV427291,2024-07-13,CUST0325,India,P1008,Water Bottle,1,11.49,11.49
INV188246,2024-09-08,CUST0608,Canada,P1005,Office Chair,4,88.0,352.0
INV115760,2024-11-05,CUST0635,France,P1008,Water Bottle,5,11.83,59.15
INV243950,2024-07-17,CUST0327,Usa,P1009,Backpack,3,44.75,134.25
INV961557,2023-10-13,CUST0596,Australia,P1015,Winter Jacket,2,119.09,238.18
INV125967,2024-03-27,CUST0406,France,P1001,Wireless Mouse,5,16.78,83.9
INV497468,2023-01-01,CUST0348,Australia,P1012,Gaming Headset,3,56.58,169.74
INV518488,2024-08-22,CUST0281,Canada,P1014,Running Shoes,3,63.67,191.01
INV233942,2024-10-09,CUST0358,Germany,P1008,Water Bottle,3,11.07,33.21
INV328576,2023-06-12,CUST0120,France,P1008,Water Bottle,1,11.15,11.15
INV941523,2023-01-01,CUST0760,France,P1001,Wireless Mouse,5,15.87,79.35
INV979510,2024-11-24,CUST0014,Uk,P1004,Desk Lamp,3,22.61,67.83
INV779306,2023-08-16,CUST0287,Brazil,P1003,Notebook Set,3,6.78,20.34
INV330543,2024-10-17,CUST0630,India,P1004,Desk Lamp,2,21.62,43.24
INV161232,2023-12-03,CUST0579,Brazil,P1013,Sticky Notes Pack,2,4.07,8.14
INV798709,2024-10-20,CUST0749,Germany,P1003,Notebook Set,3,7.02,21.06
INV326509,2023-01-01,CUST0288,Brazil,P1006,Coffee Mug,2,8.43,16.86
INV153810,2023-01-08,CUST0001,Germany,P1011,Table Lamp,2,26.32,52.64
INV291502,2023-09-06,CUST0709,France,P1002,Bluetooth Speaker,1,32.8,32.8
INV108853,2024-06-25,CUST0625,Australia,P1014,Running Shoes,1,66.03,66.03
INV152522,2024-08-15,CUST0344,Uk,P1004,Desk Lamp,4,21.04,84.16
INV942735,2024-09-03,CUST0778,Uk,P1013,Sticky Notes Pack,4,4.3,17.2
INV864188,2023-05-06,CUST0625,Australia,P1006,Coffee Mug,5,7.87,39.35
INV566596,2024-12-09,CUST0428,France,P1004,Desk Lamp,1,21.99,21.99
INV246085,2024-08-31,CUST0700,India,P1008,Water Bottle,1,11.18,11.18
INV556340,2024-11-12,CUST0778,Uk,P1009,Backpack,2,45.11,90.22
INV611928,2024-10-29,CUST0522,Germany,P1002,Bluetooth Speaker,5,33.85,169.25
INV208833,2024-02-05,CUST0284,Uk,P1010,Phone Case,1,10.01,10.01
INV775047,2024-03-05,CUST0152,Uk,P1005,Office Chair,1,89.8,89.8
INV247492,2024-09-11,CUST0753,Canada,P1015,Winter Jacket,1,118.62,118.62
INV231571,2024-08-02,CUST0088,Germany,P1008,Water Bottle,1,11.77,11.77
INV218225,2023-09-12,CUST0343,Usa,P1002,Bluetooth Speaker,1,34.56,34.56
INV485695,2024-12-23,CUST0103,India,P1007,Yoga Mat,4,19.23,76.92
INV143237,2023-11-06,CUST0493,Canada,P1015,Winter Jacket,1,115.89,115.89
INV122410,2023-11-04,CUST0582,Canada,P1002,Bluetooth Speaker,4,33.95,135.8
INV173840,2024-11-09,CUST0143,Germany,P1003,Notebook Set,2,6.68,13.36
INV212244,2024-12-11,CUST0601,France,P1009,Backpack,5,43.28,216.4
INV363420,2024-04-17,CUST0161,Germany,P1010,Phone Case,5,9.86,49.3
INV239484,2023-01-24,CUST0327,Usa,P1014,Running Shoes,2,68.22,136.44
INV783837,2024-02-23,CUST0631,France,P1012,Gaming Headset,1,56.74,56.74
INV659823,2024-04-07,CUST0169,Brazil,P1014,Running Shoes,5,63.9,319.5
INV293533,2024-10-12,CUST0371,Australia,P1005,Office Chair,5,92.64,463.2
INV827991,2024-07-29,CUST0691,Germany,P1010,Phone Case,2,10.07,20.14
INV761545,2024-08-07,CUST0099,Brazil,P1012,Gaming Headset,2,55.23,110.46
INV833520,2024-06-08,CUST0609,Australia,P1004,Desk Lamp,4,21.03,84.12
INV663938,2024-07-29,CUST0102,Usa,P1014,Running Shoes,5,65.87,329.35
INV968155,2024-12-18,CUST0580,France,P1001,Wireless Mouse,5,16.08,80.4
INV720456,2024-12-13,CUST0225,Germany,P1007,Yoga Mat,2,20.63,41.26
INV410049,2024-12-26,CUST0607,France,P1007,Yoga Mat,3,19.81,59.43
INV708819,2023-11-08,CUST0517,Brazil,P1001,Wireless Mouse,3,16.55,49.65
INV927505,2024-09-23,CUST0753,Canada,P1010,Phone Case,4,10.02,40.08
INV503472,2023-09-19,CUST0656,Canada,P1005,Office Chair,4,90.62,362.48
INV704265,2024-10-10,CUST0745,France,P1011,Table Lamp,5,28.59,142.95
INV428790,2023-08-21,CUST0152,Uk,P1002,Bluetooth Speaker,2,33.4,66.8
INV118371,2024-09-01,CUST0701,Australia,P1006,Coffee Mug,3,8.57,25.71
INV857181,2023-06-20,CUST0755,Uk,P1004,Desk Lamp,5,22.65,113.25
INV719581,2024-09-18,CUST0049,France,P1002,Bluetooth Speaker,1,35.1,35.1
INV392545,2023-10-24,CUST0677,France,P1007,Yoga Mat,4,20.79,83.16
INV446037,2024-12-21,CUST0791,Germany,P1012,Gaming Headset,2,52.26,104.52
INV761534,2024-10-10,CUST0096,Uk,P1010,Phone Case,4,9.71,38.84
INV313409,2024-12-04,CUST0738,Canada,P1009,Backpack,3,45.48,136.44
INV726169,2024-12-12,CUST0796,Australia,P1006,Coffee Mug,1,7.85,7.85
INV319684,2024-11-28,CUST0229,Brazil,P1008,Water Bottle,3,11.31,33.93
INV669826,2024-09-04,CUST0373,Brazil,P1002,Bluetooth Speaker,3,34.51,103.53
INV541346,2024-09-10,CUST0417,Brazil,P1002,Bluetooth Speaker,4,33.54,134.16
INV416067,2023-01-01,CUST0117,Germany,P1012,Gaming Headset,1,57.16,57.16
INV732120,2024-10-29,CUST0750,Australia,P1005,Office Chair,1,86.8,86.8
INV782017,2024-08-11,CUST0281,Canada,P1007,Yoga Mat,4,19.75,79.0
INV699275,2024-12-08,CUST0117,Germany,P1009,Backpack,2,45.45,90.9
INV640955,2024-10-04,CUST0749,Germany,P1014,Running Shoes,4,66.12,264.48
INV139647,2024-10-18,CUST0666,Canada,P1005,Office Chair,4,89.27,357.08
INV674845,2023-04-25,CUST0630,India,P1001,Wireless Mouse,5,15.69,78.45
INV306493,2024-12-01,CUST0001,Germany,P1011,Table Lamp,1,28.84,28.84
INV120830,2024-07-01,CUST0674,Germany,P1001,Wireless Mouse,3,16.78,50.34
INV146139,2023-01-01,CUST0472,Brazil,P1008,Water Bottle,2,11.38,22.76
INV302337,2024-01-26,CUST0436,Brazil,P1002,Bluetooth Speaker,4,33.71,134.84
INV803579,2024-08-02,CUST0220,Brazil,P1003,Notebook Set,5,6.54,32.7
INV998312,2024-09-25,CUST0390,France,P1015,Winter Jacket,1,122.59,122.59
INV656080,2024-08-26,CUST0692,Canada,P1002,Bluetooth Speaker,2,35.37,70.74
INV450915,2024-12-06,CUST0738,Canada,P1007,Yoga Mat,4,20.94,83.76
INV546623,2023-03-08,CUST0355,France,P1010,Phone Case,5,9.83,49.15
INV262899,2024-05-19,CUST0703,Canada,P1013,Sticky Notes Pack,4,4.35,17.4
INV622878,2024-05-11,CUST0631,France,P1002,Bluetooth Speaker,2,33.99,67.98
INV361305,2024-09-01,CUST0634,Usa,P1014,Running Shoes,1,62.23,62.23
INV328739,2024-04-08,CUST0547,Usa,P1010,Phone Case,2,9.94,19.88
INV691554,2024-08-10,CUST0667,Usa,P1014,Running Shoes,5,62.95,314.75
INV604746,2024-01-21,CUST0208,Usa,P1006,Coffee Mug,5,8.62,43.1
INV338252,2024-12-25,CUST0548,Brazil,P1013,Sticky Notes Pack,5,4.1,20.5
INV363581,2024-09-02,CUST0410,France,P1012,Gaming Headset,1,57.33,57.33
INV442308,2023-01-01,CUST0661,India,P1006,Coffee Mug,5,8.25,41.25
INV716153,2023-12-06,CUST0646,Usa,P1013,Sticky Notes Pack,4,4.43,17.72
INV926862,2023-03-24,CUST0389,Uk,P1010,Phone Case,5,10.47,52.35
INV635420,2024-12-12,CUST0439,France,P1007,Yoga Mat,1,20.25,20.25
INV235820,2023-10-06,CUST0354,France,P1005,Office Chair,3,92.2,276.6
INV639450,2024-09-07,CUST0694,Germany,P1001,Wireless Mouse,4,15.52,62.08
INV775364,2024-06-16,CUST0228,France,P1014,Running Shoes,3,62.75,188.25
INV141363,2024-12-11,CUST0440,Brazil,P1004,Desk Lamp,1,22.11,22.11
INV481557,2024-07-02,CUST0730,Usa,P1011,Table Lamp,5,28.34,141.7
INV749974,2024-08-19,CUST0071,Germany,P1014,Running Shoes,2,66.19,132.38
INV957992,2024-07-11,CUST0519,France,P1015,Winter Jacket,5,123.8,619.0
INV483789,2024-06-28,CUST0088,Germany,P1004,Desk Lamp,3,22.04,66.12
INV273191,2024-09-04,CUST0455,India,P1003,Notebook Set,5,6.49,32.45
INV922717,2023-07-08,CUST0013,Australia,P1004,Desk Lamp,5,22.99,114.95
INV811819,2023-12-12,CUST0219,Canada,P1001,Wireless Mouse,1,15.46,15.46
INV794343,2024-10-22,CUST0375,Usa,P1001,Wireless Mouse,2,15.44,30.88
INV666577,2024-08-26,CUST0363,Germany,P1007,Yoga Mat,4,20.03,80.12
INV679752,2024-01-08,CUST0797,India,P1013,Sticky Notes Pack,4,4.16,16.64
INV848429,2024-12-17,CUST0699,Germany,P1013,Sticky Notes Pack,5,4.04,20.2
INV131047,2024-01-06,CUST0039,Usa,P1013,Sticky Notes Pack,3,4.14,12.42
INV365951,2024-10-01,CUST0281,Canada,P1001,Wireless Mouse,4,15.8,63.2
INV314384,2024-07-28,CUST0130,Germany,P1014,Running Shoes,5,64.43,322.15
INV471452,2024-11-12,CUST0222,Uk,P1014,Running Shoes,5,64.33,321.65
INV539935,2024-11-16,CUST0174,India,P1012,Gaming Headset,2,55.37,110.74
INV551950,2023-10-30,CUST0519,France,P1005,Office Chair,4,91.39,365.56
INV831986,2024-01-19,CUST0140,Australia,P1001,Wireless Mouse,3,16.69,50.07
INV151903,2024-10-23,CUST0117,Germany,P1012,Gaming Headset,1,55.14,55.14
INV560725,2024-05-29,CUST0407,Australia,P1013,Sticky Notes Pack,1,4.41,4.41
INV482532,2023-05-09,CUST0357,Canada,P1015,Winter Jacket,3,122.8,368.4
INV629474,2024-04-27,CUST0561,Canada,P1004,Desk Lamp,2,22.12,44.24
INV122866,2024-04-21,CUST0203,Australia,P1008,Water Bottle,3,12.06,36.18
INV667386,2023-07-21,CUST0200,Usa,P1002,Bluetooth Speaker,3,33.78,101.34
INV118406,2024-04-21,CUST0376,Canada,P1011,Table Lamp,4,26.81,107.24
INV792711,2024-11-28,CUST0342,Germany,P1003,Notebook Set,5,6.76,33.8
INV935212,2024-07-18,CUST0006,France,P1005,Office Chair,5,91.67,458.35
INV355205,2024-09-30,CUST0079,Germany,P1006,Coffee Mug,3,8.2,24.6
INV212195,2024-10-05,CUST0603,Canada,P1011,Table Lamp,3,26.57,79.71
INV749566,2023-01-01,CUST0096,Uk,P1007,Yoga Mat,1,19.65,19.65
INV777275,2024-09-28,CUST0096,Uk,P1014,Running Shoes,3,62.12,186.36
INV849432,2024-06-02,CUST0461,India,P1007,Yoga Mat,3,19.97,59.91
INV440918,2023-10-27,CUST0755,Uk,P1011,Table Lamp,4,28.46,113.84
INV712464,2024-08-02,CUST0089,Usa,P1011,Table Lamp,5,28.19,140.95
INV161232,2023-12-03,CUST0579,Brazil,P1009,Backpack,3,43.76,131.28
INV646087,2023-01-01,CUST0757,Usa,P1013,Sticky Notes Pack,1,4.11,4.11
INV693406,2024-02-22,CUST0126,Brazil,P1004,Desk Lamp,3,22.88,68.64
INV240552,2024-06-13,CUST0355,France,P1014,Running Shoes,3,62.37,187.11
INV874054,2024-04-19,CUST0712,France,P1009,Backpack,2,45.3,90.6
INV821443,2024-09-09,CUST0238,Germany,P1014,Running Shoes,2,62.52,125.04
INV309601,2023-08-05,CUST0661,India,P1005,Office Chair,1,90.25,90.25
INV368666,2024-11-25,CUST0679,Uk,P1003,Notebook Set,5,6.52,32.6
INV968783,2024-05-27,CUST0570,Brazil,P1001,Wireless Mouse,1,16.67,16.67
INV576287,2023-11-13,CUST0505,Uk,P1006,Coffee Mug,2,8.61,17.22
INV176602,2024-09-16,CUST0541,Usa,P1008,Water Bottle,4,11.71,46.84
INV629931,2024-09-05,CUST0486,Usa,P1009,Backpack,5,46.36,231.8
INV261750,2023-10-15,CUST0418,Brazil,P1006,Coffee Mug,1,8.41,8.41
INV698291,2023-05-24,CUST0109,Australia,P1008,Water Bottle,1,11.53,11.53
INV103677,2024-10-07,CUST0599,Usa,P1011,Table Lamp,2,28.23,56.46
INV178426,2024-11-15,CUST0635,France,P1014,Running Shoes,3,65.24,195.72
INV770847,2023-01-03,CUST0142,Germany,P1013,Sticky Notes Pack,5,4.45,22.25
INV729540,2024-08-22,CUST0608,Canada,P1004,Desk Lamp,2,22.96,45.92
INV969208,2024-08-16,CUST0265,India,P1013,Sticky Notes Pack,5,4.31,21.55
INV941523,2023-01-01,CUST0760,France,P1014,Running Shoes,1,66.1,66.1
INV168184,2024-05-12,CUST0221,France,P1008,Water Bottle,4,11.26,45.04
INV991956,2024-09-12,CUST0399,France,P1011,Table Lamp,3,28.32,84.96
INV362803,2024-06-04,CUST0262,Germany,P1013,Sticky Notes Pack,4,4.22,16.88
INV983961,2024-08-21,CUST0677,France,P1010,Phone Case,3,9.51,28.53
INV753985,2023-06-28,CUST0668,Australia,P1010,Phone Case,1,9.82,9.82
INV142952,2023-01-17,CUST0686,Canada,P1013,Sticky Notes Pack,2,4.07,8.14
INV106817,2023-01-01,CUST0357,Canada,P1001,Wireless Mouse,2,16.32,32.64
INV112262,2024-12-18,CUST0561,Canada,P1014,Running Shoes,4,64.27,257.08
INV534794,2024-11-19,CUST0275,Australia,P1001,Wireless Mouse,1,15.45,15.45
INV774384,2023-08-30,CUST0286,Australia,P1013,Sticky Notes Pack,4,4.15,16.6
INV778813,2024-06-12,CUST0793,France,P1001,Wireless Mouse,2,15.92,31.84
INV932938,2024-10-14,CUST0664,Uk,P1002,Bluetooth Speaker,4,35.52,142.08
INV512678,2023-12-05,CUST0627,Australia,P1001,Wireless Mouse,1,16.39,16.39
INV934956,2023-01-01,CUST0499,France,P1011,Table Lamp,5,27.03,135.15
INV923061,2023-12-24,CUST0730,Usa,P1008,Water Bottle,5,11.94,59.7
INV504488,2024-03-04,CUST0599,Usa,P1009,Backpack,2,45.62,91.24
INV423574,2024-01-29,CUST0516,Usa,P1001,Wireless Mouse,3,16.59,49.77
INV948139,2024-04-26,CUST0149,Brazil,P1011,Table Lamp,1,28.64,28.64
INV455201,2024-11-04,CUST0055,Brazil,P1010,Phone Case,1,10.01,10.01
INV774832,2024-06-10,CUST0259,Usa,P1001,Wireless Mouse,2,16.69,33.38
INV627848,2024-04-01,CUST0457,Uk,P1002,Bluetooth Speaker,2,33.43,66.86
INV591203,2024-10-27,CUST0545,Canada,P1014,Running Shoes,4,67.27,269.08
INV533535,2024-11-08,CUST0498,Brazil,P1002,Bluetooth Speaker,5,34.4,172.0
INV555457,2024-09-06,CUST0673,Canada,P1012,Gaming Headset,1,53.61,53.61
INV161232,2023-12-03,CUST0579,Brazil,P1013,Sticky Notes Pack,2,4.36,8.72
INV292890,2024-12-13,CUST0636,Australia,P1015,Winter Jacket,4,121.01,484.04
INV573370,2024-02-28,CUST0071,Germany,P1006,Coffee Mug,2,8.53,17.06
INV348081,2024-07-31,CUST0670,Brazil,P1002,Bluetooth Speaker,1,34.99,34.99
INV618563,2023-08-08,CUST0318,Brazil,P1002,Bluetooth Speaker,1,35.63,35.63
INV636924,2024-08-15,CUST0588,France,P1012,Gaming Headset,5,54.21,271.05
INV118371,2024-09-01,CUST0701,Australia,P1005,Office Chair,5,87.71,438.55
INV181016,2024-12-05,CUST0289,France,P1012,Gaming Headset,3,54.3,162.9
INV999844,2024-11-03,CUST0333,Canada,P1003,Notebook Set,2,6.98,13.96
INV271795,2024-12-07,CUST0309,Brazil,P1015,Winter Jacket,5,125.41,627.05
INV855047,2024-12-16,CUST0072,Germany,P1002,Bluetooth Speaker,1,34.83,34.83
INV596394,2024-08-27,CUST0555,India,P1010,Phone Case,1,9.66,9.66
INV319794,2024-09-16,CUST0369,Uk,P1007,Yoga Mat,1,19.06,19.06
INV699275,2024-12-08,CUST0117,Germany,P1012,Gaming Headset,1,52.67,52.67
INV909893,2024-04-10,CUST0409,Brazil,P1002,Bluetooth Speaker,5,36.02,180.1
INV770662,2023-02-28,CUST0126,Brazil,P1004,Desk Lamp,1,20.93,20.93
INV316444,2023-12-12,CUST0398,Usa,P1015,Winter Jacket,3,117.51,352.53
INV154641,2023-11-19,CUST0458,France,P1003,Notebook Set,2,6.8,13.6
INV827991,2024-07-29,CUST0691,Germany,P1015,Winter Jacket,5,117.65,588.25
INV528605,2024-05-08,CUST0203,Australia,P1009,Backpack,4,46.5,186.0
INV686029,2024-11-20,CUST0670,Brazil,P1004,Desk Lamp,2,21.41,42.82
INV903894,2024-10-26,CUST0554,Uk,P1001,Wireless Mouse,4,16.77,67.08
INV705322,2024-07-25,CUST0646,Usa,P1010,Phone Case,5,9.96,49.8
INV286323,2023-01-01,CUST0076,India,P1002,Bluetooth Speaker,4,35.65,142.6
INV516803,2024-06-27,CUST0057,Canada,P1014,Running Shoes,1,62.13,62.13
INV147283,2024-07-12,CUST0559,India,P1009,Backpack,5,45.99,229.95
INV648520,2023-11-24,CUST0176,Usa,P1008,Water Bottle,4,11.86,47.44
INV887856,2024-11-24,CUST0091,Brazil,P1009,Backpack,1,44.09,44.09
INV890905,2024-07-08,CUST0399,France,P1005,Office Chair,3,87.66,262.98
INV211435,2024-06-24,CUST0798,Germany,P1013,Sticky Notes Pack,4,4.38,17.52
INV171370,2024-10-02,CUST0486,Usa,P1003,Notebook Set,2,6.42,12.84
INV756157,2024-03-20,CUST0103,India,P1015,Winter Jacket,1,115.98,115.98
INV103234,2024-01-02,CUST0145,Australia,P1008,Water Bottle,2,11.94,23.88
INV657744,2024-10-22,CUST0574,India,P1005,Office Chair,4,87.83,351.32
INV461096,2024-08-23,CUST0700,India,P1003,Notebook Set,1,6.63,6.63
INV640955,2024-10-04,CUST0749,Germany,P1009,Backpack,1,44.08,44.08
INV672655,2024-06-18,CUST0669,India,P1010,Phone Case,4,10.39,41.56
INV553747,2024-07-21,CUST0599,Usa,P1003,Notebook Set,2,6.75,13.5
INV592914,2023-05-27,CUST0706,Australia,P1013,Sticky Notes Pack,4,4.1,16.4
INV839817,2024-06-16,CUST0370,India,P1005,Office Chair,1,90.86,90.86
INV948233,2023-05-27,CUST0621,Usa,P1002,Bluetooth Speaker,3,36.22,108.66
INV320014,2023-07-19,CUST0350,France,P1012,Gaming Headset,3,55.92,167.76
INV738929,2023-05-01,CUST0541,Usa,P1003,Notebook Set,3,6.43,19.29
INV446908,2024-12-09,CUST0508,Germany,P1012,Gaming Headset,2,52.27,104.54
INV334078,2024-05-13,CUST0319,Brazil,P1014,Running Shoes,1,64.14,64.14
INV734606,2023-01-01,CUST0493,Canada,P1013,Sticky Notes Pack,4,4.15,16.6
INV632336,2024-04-09,CUST0769,Canada,P1014,Running Shoes,4,64.34,257.36
INV859723,2024-12-04,CUST0441,Usa,P1010,Phone Case,1,9.76,9.76
INV587187,2024-09-26,CUST0331,Uk,P1004,Desk Lamp,4,22.37,89.48
INV826598,2024-09-27,CUST0172,Germany,P1010,Phone Case,5,10.09,50.45
INV888129,2024-11-14,CUST0208,Usa,P1006,Coffee Mug,5,8.23,41.15
INV991360,2024-12-24,CUST0454,Canada,P1007,Yoga Mat,1,20.4,20.4
INV467445,2024-11-01,CUST0349,France,P1015,Winter Jacket,3,116.11,348.33
INV508709,2024-09-04,CUST0423,Usa,P1008,Water Bottle,4,11.2,44.8
INV555410,2024-01-29,CUST0051,Germany,P1010,Phone Case,5,9.69,48.45
INV658922,2023-09-18,CUST0011,Usa,P1006,Coffee Mug,4,8.31,33.24
INV732546,2024-10-18,CUST0016,France,P1004,Desk Lamp,2,22.8,45.6
INV858758,2023-12-06,CUST0474,Usa,P1003,Notebook Set,4,6.78,27.12
INV191307,2024-12-17,CUST0550,Australia,P1015,Winter Jacket,3,116.83,350.49
INV794629,2023-05-20,CUST0103,India,P1012,Gaming Headset,5,55.45,277.25
INV431047,2024-11-30,CUST0561,Canada,P1008,Water Bottle,3,11.79,35.37
INV651986,2024-09-29,CUST0076,India,P1006,Coffee Mug,4,8.21,32.84
INV333999,2023-12-30,CUST0641,Australia,P1003,Notebook Set,2,6.69,13.38
INV382799,2024-09-20,CUST0197,Uk,P1011,Table Lamp,5,27.58,137.9
INV915377,2023-09-23,CUST0725,Uk,P1008,Water Bottle,2,11.63,23.26
INV468785,2024-03-14,CUST0333,Canada,P1004,Desk Lamp,2,21.54,43.08
INV422071,2024-08-16,CUST0580,France,P1011,Table Lamp,3,27.32,81.96
INV483062,2024-08-11,CUST0633,Uk,P1002,Bluetooth Speaker,4,35.44,141.76
INV870625,2023-08-15,CUST0052,Australia,P1009,Backpack,1,44.06,44.06
INV953279,2023-11-06,CUST0377,Germany,P1002,Bluetooth Speaker,4,35.33,141.32
INV781732,2024-10-24,CUST0360,Canada,P1004,Desk Lamp,2,22.06,44.12
INV915953,2024-05-29,CUST0349,France,P1011,Table Lamp,5,26.5,132.5
INV281059,2024-03-01,CUST0675,Canada,P1014,Running Shoes,2,62.44,124.88
INV113165,2024-01-27,CUST0213,Australia,P1014,Running Shoes,3,66.09,198.27
INV689732,2024-05-02,CUST0658,Germany,P1013,Sticky Notes Pack,4,4.35,17.4
INV762267,2024-08-11,CUST0147,Germany,P1010,Phone Case,5,10.06,50.3
INV622384,2024-04-22,CUST0465,India,P1009,Backpack,1,45.69,45.69
INV698685,2024-09-18,CUST0760,France,P1002,Bluetooth Speaker,3,35.96,107.88
INV144415,2024-06-01,CUST0419,India,P1007,Yoga Mat,4,19.84,79.36
INV959034,2023-09-21,CUST0585,Brazil,P1005,Office Chair,4,90.38,361.52
INV868645,2024-12-19,CUST0694,Germany,P1010,Phone Case,3,10.01,30.03
INV468484,2024-09-20,CUST0611,India,P1011,Table Lamp,4,27.85,111.4
INV524757,2024-03-27,CUST0466,Uk,P1002,Bluetooth Speaker,5,35.93,179.65
INV897212,2024-07-14,CUST0712,France,P1009,Backpack,4,44.53,178.12
INV388492,2024-08-08,CUST0037,Germany,P1015,Winter Jacket,1,119.22,119.22
INV414325,2024-11-11,CUST0219,Canada,P1008,Water Bottle,3,11.14,33.42
INV992738,2023-11-28,CUST0529,Uk,P1005,Office Chair,3,90.15,270.45
INV984364,2023-10-12,CUST0357,Canada,P1015,Winter Jacket,2,117.12,234.24
INV223990,2023-01-01,CUST0310,Usa,P1009,Backpack,3,45.93,137.79
INV659977,2024-11-17,CUST0373,Brazil,P1002,Bluetooth Speaker,3,34.96,104.88
INV939318,2023-01-01,CUST0331,Uk,P1002,Bluetooth Speaker,5,33.1,165.5
INV754316,2024-01-19,CUST0681,Germany,P1006,Coffee Mug,1,7.93,7.93
INV122698,2024-07-09,CUST0204,Australia,P1014,Running Shoes,1,67.98,67.98
INV188250,2024-12-18,CUST0800,France,P1015,Winter Jacket,3,120.36,361.08
INV376541,2023-06-17,CUST0724,Brazil,P1012,Gaming Headset,4,54.75,219.0
INV555457,2024-09-06,CUST0673,Canada,P1014,Running Shoes,1,67.97,67.97
INV389501,2024-03-14,CUST0130,Germany,P1009,Backpack,3,43.63,130.89
INV173384,2024-10-22,CUST0215,Brazil,P1012,Gaming Headset,1,56.6,56.6
INV644778,2024-01-14,CUST0589,Usa,P1011,Table Lamp,2,26.74,53.48
INV335773,2024-11-14,CUST0457,Uk,P1015,Winter Jacket,4,124.23,496.92
INV437348,2023-01-01,CUST0264,France,P1006,Coffee Mug,3,8.49,25.47
INV611224,2024-05-06,CUST0406,France,P1007,Yoga Mat,3,20.04,60.12
INV304558,2023-01-01,CUST0190,Canada,P1006,Coffee Mug,3,8.09,24.27
INV336470,2023-04-28,CUST0656,Canada,P1005,Office Chair,1,94.18,94.18
INV492011,2023-12-12,CUST0722,Usa,P1002,Bluetooth Speaker,2,32.98,65.96
INV695735,2023-01-01,CUST0580,France,P1003,Notebook Set,5,6.53,32.65
INV352319,2024-11-04,CUST0800,France,P1003,Notebook Set,2,6.46,12.92
INV892935,2023-08-05,CUST0006,France,P1014,Running Shoes,5,63.13,315.65
INV699054,2024-03-02,CUST0603,Canada,P1010,Phone Case,2,9.57,19.14
INV204196,2024-02-04,CUST0350,France,P1001,Wireless Mouse,2,15.56,31.12
INV104828,2024-08-28,CUST0479,Germany,P1010,Phone Case,1,10.09,10.09
INV222823,2024-11-15,CUST0623,India,P1004,Desk Lamp,2,22.68,45.36
INV267544,2023-11-19,CUST0552,Germany,P1003,Notebook Set,4,6.47,25.88
INV373744,2024-02-17,CUST0713,India,P1015,Winter Jacket,1,125.01,125.01
INV223871,2024-05-21,CUST0798,Germany,P1011,Table Lamp,3,27.53,82.59
INV302669,2024-12-23,CUST0225,Germany,P1007,Yoga Mat,1,19.8,19.8
INV968124,2024-08-19,CUST0473,France,P1014,Running Shoes,2,64.3,128.6
INV811413,2024-12-19,CUST0657,Uk,P1006,Coffee Mug,3,8.58,25.74
INV994584,2024-12-25,CUST0160,Germany,P1002,Bluetooth Speaker,4,34.37,137.48
INV643562,2023-11-06,CUST0377,Germany,P1013,Sticky Notes Pack,3,4.22,12.66
INV486721,2024-04-30,CUST0678,Germany,P1003,Notebook Set,1,6.98,6.98
INV129192,2024-08-25,CUST0046,Uk,P1001,Wireless Mouse,5,16.72,83.6
INV956663,2023-01-01,CUST0351,Australia,P1013,Sticky Notes Pack,3,4.2,12.6
INV282516,2024-06-19,CUST0758,Uk,P1004,Desk Lamp,1,23.1,23.1
INV764404,2024-01-05,CUST0088,Germany,P1012,Gaming Headset,4,55.62,222.48
INV610834,2024-04-08,CUST0187,India,P1010,Phone Case,1,10.25,10.25
INV245146,2024-06-05,CUST0636,Australia,P1006,Coffee Mug,1,8.51,8.51
INV581612,2024-12-17,CUST0693,France,P1011,Table Lamp,3,28.09,84.27
INV111027,2024-08-25,CUST0455,India,P1006,Coffee Mug,2,8.53,17.06
INV549874,2024-09-02,CUST0355,France,P1008,Water Bottle,3,11.29,33.87
INV138344,2024-11-29,CUST0721,Brazil,P1006,Coffee Mug,1,8.14,8.14
INV687189,2024-08-30,CUST0686,Canada,P1012,Gaming Headset,5,52.92,264.6
INV108325,2024-03-21,CUST0723,Australia,P1011,Table Lamp,1,28.58,28.58
INV542616,2023-03-08,CUST0439,France,P1011,Table Lamp,5,26.33,131.65
INV481959,2024-09-08,CUST0079,Germany,P1008,Water Bottle,5,11.33,56.65
INV827718,2024-11-08,CUST0212,India,P1006,Coffee Mug,4,8.6,34.4
INV906351,2024-07-07,CUST0634,Usa,P1012,Gaming Headset,4,55.32,221.28
INV338591,2024-06-10,CUST0585,Brazil,P1009,Backpack,4,43.4,173.6
INV316707,2024-12-23,CUST0230,India,P1011,Table Lamp,3,27.63,82.89
INV401989,2023-01-01,CUST0457,Uk,P1002,Bluetooth Speaker,3,34.9,104.7
INV768401,2024-09-07,CUST0176,Usa,P1014,Running Shoes,2,66.88,133.76
INV617467,2024-05-14,CUST0288,Brazil,P1013,Sticky Notes Pack,3,4.07,12.21
INV444144,2024-12-02,CUST0208,Usa,P1011,Table Lamp,1,28.12,28.12
INV104038,2024-04-11,CUST0315,Germany,P1008,Water Bottle,2,12.01,24.02
INV799026,2023-01-01,CUST0301,Australia,P1013,Sticky Notes Pack,5,4.21,21.05
INV276838,2024-12-24,CUST0064,Brazil,P1007,Yoga Mat,4,19.74,78.96
INV968791,2024-02-29,CUST0121,Canada,P1007,Yoga Mat,1,19.25,19.25
INV621585,2024-06-29,CUST0114,Brazil,P1006,Coffee Mug,3,8.15,24.45
INV914993,2023-01-01,CUST0577,Uk,P1002,Bluetooth Speaker,5,33.85,169.25
INV465308,2023-05-17,CUST0495,Canada,P1007,Yoga Mat,3,20.73,62.19
INV682124,2024-07-31,CUST0387,Brazil,P1007,Yoga Mat,2,19.84,39.68
INV518646,2023-01-01,CUST0110,Uk,P1010,Phone Case,4,10.39,41.56
INV262865,2024-04-20,CUST0555,India,P1010,Phone Case,1,10.28,10.28
INV445426,2023-01-01,CUST0134,Usa,P1008,Water Bottle,2,11.32,22.64
INV415927,2024-05-24,CUST0212,India,P1006,Coffee Mug,2,8.21,16.42
INV701467,2023-01-01,CUST0337,Germany,P1003,Notebook Set,2,7.07,14.14
INV546241,2024-07-29,CUST0359,Usa,P1006,Coffee Mug,5,8.18,40.9
INV327447,2024-03-20,CUST0110,Uk,P1012,Gaming Headset,5,53.43,267.15
INV292074,2023-01-01,CUST0273,India,P1008,Water Bottle,4,11.33,45.32
INV914900,2024-12-27,CUST0536,France,P1009,Backpack,2,44.59,89.18
INV257980,2024-01-19,CUST0636,Australia,P1008,Water Bottle,5,11.4,57.0
INV197797,2023-10-11,CUST0232,Brazil,P1006,Coffee Mug,2,8.46,16.92
INV304897,2024-07-12,CUST0221,France,P1012,Gaming Headset,4,54.65,218.6
INV602085,2024-08-15,CUST0090,Canada,P1004,Desk Lamp,4,21.62,86.48
INV840026,2023-10-18,CUST0553,Usa,P1012,Gaming Headset,4,57.73,230.92
INV597415,2024-03-24,CUST0011,Usa,P1013,Sticky Notes Pack,5,4.06,20.3
INV865192,2024-03-30,CUST0225,Germany,P1007,Yoga Mat,3,19.09,57.27
INV686152,2024-10-20,CUST0755,Uk,P1007,Yoga Mat,1,19.23,19.23
INV778427,2024-11-18,CUST0371,Australia,P1014,Running Shoes,3,62.0,186.0
INV912706,2024-11-28,CUST0150,Germany,P1005,Office Chair,1,90.87,90.87
INV994198,2024-10-19,CUST0382,Germany,P1006,Coffee Mug,2,7.87,15.74
INV868160,2024-11-27,CUST0364,Brazil,P1011,Table Lamp,2,26.33,52.66
INV967668,2024-11-05,CUST0631,France,P1006,Coffee Mug,3,8.6,25.8
INV743425,2024-09-24,CUST0447,Brazil,P1011,Table Lamp,3,27.15,81.45
INV908433,2023-03-21,CUST0454,Canada,P1011,Table Lamp,2,27.73,55.46
INV479786,2023-01-01,CUST0717,Brazil,P1010,Phone Case,5,10.17,50.85
INV847358,2024-10-15,CUST0651,Brazil,P1005,Office Chair,5,86.1,430.5
INV533545,2024-06-11,CUST0769,Canada,P1014,Running Shoes,5,62.1,310.5
INV509904,2023-01-01,CUST0622,France,P1001,Wireless Mouse,5,16.43,82.15
INV445462,2024-07-15,CUST0443,Canada,P1014,Running Shoes,3,65.82,197.46
INV387991,2024-11-05,CUST0073,Canada,P1005,Office Chair,1,87.41,87.41
INV522316,2024-12-02,CUST0748,Germany,P1006,Coffee Mug,2,8.45,16.9
INV611689,2023-01-01,CUST0192,Canada,P1013,Sticky Notes Pack,5,4.3,21.5
INV582654,2024-06-14,CUST0232,Brazil,P1004,Desk Lamp,1,22.7,22.7
INV227976,2023-06-22,CUST0436,Brazil,P1006,Coffee Mug,1,8.56,8.56
INV534802,2024-10-30,CUST0590,Brazil,P1011,Table Lamp,4,27.99,111.96
INV244786,2024-08-28,CUST0059,Australia,P1008,Water Bottle,4,11.59,46.36
INV633735,2023-02-24,CUST0028,Germany,P1002,Bluetooth Speaker,1,33.31,33.31
INV829894,2023-01-01,CUST0457,Uk,P1003,Notebook Set,1,6.81,6.81
INV930672,2024-08-13,CUST0422,France,P1005,Office Chair,3,92.36,277.08
INV253122,2023-01-01,CUST0001,Germany,P1015,Winter Jacket,4,121.11,484.44
INV939445,2024-06-08,CUST0606,Brazil,P1002,Bluetooth Speaker,1,33.72,33.72
INV524757,2024-03-27,CUST0466,Uk,P1004,Desk Lamp,3,23.06,69.18
INV968842,2024-03-02,CUST0118,Brazil,P1006,Coffee Mug,1,8.63,8.63
INV301515,2024-04-07,CUST0194,Canada,P1004,Desk Lamp,1,20.93,20.93
INV103394,2024-06-01,CUST0149,Brazil,P1001,Wireless Mouse,2,16.47,32.94
INV933890,2024-08-05,CUST0692,Canada,P1008,Water Bottle,5,11.77,58.85
INV792103,2024-08-28,CUST0446,Canada,P1011,Table Lamp,2,28.36,56.72
INV347190,2024-10-24,CUST0237,Usa,P1007,Yoga Mat,1,20.14,20.14
INV317949,2024-11-20,CUST0301,Australia,P1003,Notebook Set,4,6.47,25.88
INV448980,2023-02-05,CUST0310,Usa,P1002,Bluetooth Speaker,2,33.63,67.26
INV672788,2024-04-27,CUST0755,Uk,P1008,Water Bottle,4,11.68,46.72
INV495240,2024-12-03,CUST0138,Australia,P1008,Water Bottle,3,10.99,32.97
INV874054,2024-04-19,CUST0712,France,P1011,Table Lamp,3,27.75,83.25
INV639900,2023-09-15,CUST0068,France,P1012,Gaming Headset,2,55.28,110.56
INV656816,2023-07-16,CUST0301,Australia,P1005,Office Chair,3,86.62,259.86
INV304214,2024-10-15,CUST0691,Germany,P1013,Sticky Notes Pack,2,4.38,8.76
INV890489,2024-02-11,CUST0301,Australia,P1002,Bluetooth Speaker,1,33.93,33.93
INV459591,2024-09-29,CUST0593,Australia,P1006,Coffee Mug,3,8.09,24.27
INV388047,2023-01-01,CUST0177,France,P1001,Wireless Mouse,4,15.5,62.0
INV413526,2024-08-26,CUST0770,Canada,P1004,Desk Lamp,2,22.21,44.42
INV695296,2023-12-22,CUST0540,Australia,P1008,Water Bottle,5,12.07,60.35
INV770993,2024-11-10,CUST0741,Brazil,P1005,Office Chair,3,92.56,277.68
INV957827,2024-05-30,CUST0080,Uk,P1005,Office Chair,3,92.34,277.02
INV478692,2024-10-01,CUST0616,Canada,P1006,Coffee Mug,3,8.15,24.45
INV239764,2024-04-01,CUST0304,France,P1008,Water Bottle,4,11.98,47.92
INV725278,2024-08-30,CUST0526,Germany,P1006,Coffee Mug,5,8.24,41.2
INV339583,2024-07-24,CUST0712,France,P1002,Bluetooth Speaker,2,36.06,72.12
INV648615,2024-12-23,CUST0225,Germany,P1005,Office Chair,2,93.59,187.18
INV623497,2024-04-08,CUST0288,Brazil,P1004,Desk Lamp,5,22.41,112.05
INV294147,2024-07-09,CUST0628,Usa,P1011,Table Lamp,5,27.06,135.3
INV637230,2024-01-20,CUST0733,Usa,P1005,Office Chair,3,89.38,268.14
INV966563,2023-11-06,CUST0401,France,P1003,Notebook Set,2,6.52,13.04
INV161164,2023-06-10,CUST0482,India,P1003,Notebook Set,2,6.96,13.92
INV565619,2024-07-30,CUST0028,Germany,P1002,Bluetooth Speaker,1,35.03,35.03
INV397549,2024-10-31,CUST0571,Canada,P1008,Water Bottle,2,11.46,22.92
INV703445,2024-05-07,CUST0472,Brazil,P1003,Notebook Set,1,6.83,6.83
INV453755,2023-03-14,CUST0516,Usa,P1008,Water Bottle,2,12.0,24.0
INV264612,2024-12-21,CUST0440,Brazil,P1002,Bluetooth Speaker,2,33.23,66.46
INV427143,2024-09-04,CUST0465,India,P1004,Desk Lamp,5,22.73,113.65
INV537413,2024-05-24,CUST0533,Usa,P1010,Phone Case,1,10.36,10.36
INV260603,2023-06-16,CUST0260,Canada,P1003,Notebook Set,4,6.92,27.68
INV892361,2024-10-09,CUST0496,Australia,P1001,Wireless Mouse,3,15.33,45.99
INV489593,2024-11-30,CUST0647,Germany,P1008,Water Bottle,5,11.86,59.3
INV147283,2024-07-12,CUST0559,India,P1002,Bluetooth Speaker,2,34.61,69.22
INV514668,2023-01-01,CUST0358,Germany,P1014,Running Shoes,4,62.16,248.64
INV887320,2024-09-24,CUST0432,Australia,P1001,Wireless Mouse,3,16.5,49.5
INV464881,2024-11-07,CUST0535,France,P1008,Water Bottle,5,11.12,55.6
INV284353,2023-11-22,CUST0117,Germany,P1002,Bluetooth Speaker,5,35.62,178.1
INV748152,2024-12-15,CUST0439,France,P1001,Wireless Mouse,4,15.55,62.2
INV916171,2024-08-19,CUST0587,Canada,P1010,Phone Case,1,9.57,9.57
INV377773,2023-09-11,CUST0252,Australia,P1007,Yoga Mat,4,19.07,76.28
INV181188,2024-09-17,CUST0591,India,P1002,Bluetooth Speaker,5,36.15,180.75
INV488704,2024-12-06,CUST0537,Uk,P1010,Phone Case,1,9.78,9.78
INV770140,2024-12-23,CUST0660,Brazil,P1015,Winter Jacket,4,123.47,493.88
INV408606,2024-08-06,CUST0343,Usa,P1003,Notebook Set,1,7.05,7.05
INV463757,2024-04-13,CUST0731,India,P1011,Table Lamp,2,26.19,52.38
INV456327,2023-11-30,CUST0190,Canada,P1013,Sticky Notes Pack,3,4.46,13.38
INV744236,2024-12-16,CUST0717,Brazil,P1001,Wireless Mouse,4,16.58,66.32
INV332696,2024-09-05,CUST0288,Brazil,P1007,Yoga Mat,4,19.92,79.68
INV192653,2024-06-07,CUST0462,France,P1011,Table Lamp,3,26.39,79.17
INV675316,2024-03-23,CUST0708,Usa,P1015,Winter Jacket,2,124.97,249.94
INV610778,2024-12-01,CUST0447,Brazil,P1009,Backpack,5,44.75,223.75
INV923061,2023-12-24,CUST0730,Usa,P1014,Running Shoes,5,62.3,311.5
INV476253,2023-01-01,CUST0701,Australia,P1012,Gaming Headset,1,55.81,55.81
INV303071,2024-10-13,CUST0343,Usa,P1015,Winter Jacket,5,123.63,618.15
INV449668,2024-03-28,CUST0202,Brazil,P1007,Yoga Mat,3,20.57,61.71
INV668834,2024-03-22,CUST0621,Usa,P1008,Water Bottle,1,11.33,11.33
INV237363,2024-02-16,CUST0317,Brazil,P1015,Winter Jacket,3,117.49,352.47
INV286509,2024-12-23,CUST0201,Brazil,P1014,Running Shoes,4,65.25,261.0
INV169014,2023-11-15,CUST0116,India,P1007,Yoga Mat,2,19.26,38.52
INV550965,2024-11-10,CUST0678,Germany,P1007,Yoga Mat,4,20.0,80.0
INV531945,2024-04-25,CUST0729,Usa,P1007,Yoga Mat,4,20.19,80.76
INV231571,2024-08-02,CUST0088,Germany,P1011,Table Lamp,3,27.17,81.51
INV489510,2024-12-11,CUST0245,Germany,P1005,Office Chair,4,92.55,370.2
INV346777,2024-05-29,CUST0609,Australia,P1003,Notebook Set,3,6.91,20.73
INV340236,2023-01-01,CUST0717,Brazil,P1008,Water Bottle,4,11.62,46.48
INV880037,2024-05-30,CUST0390,France,P1012,Gaming Headset,4,55.23,220.92
INV185188,2024-08-30,CUST0098,Australia,P1009,Backpack,2,43.75,87.5
INV307484,2024-09-16,CUST0623,India,P1006,Coffee Mug,1,8.5,8.5
INV353847,2024-09-18,CUST0533,Usa,P1006,Coffee Mug,1,8.36,8.36
INV336536,2024-10-30,CUST0546,Australia,P1011,Table Lamp,2,28.43,56.86
INV838186,2024-06-09,CUST0076,India,P1001,Wireless Mouse,4,16.77,67.08
INV314244,2024-08-20,CUST0776,Germany,P1008,Water Bottle,1,11.31,11.31
INV924137,2024-08-10,CUST0272,Brazil,P1013,Sticky Notes Pack,2,4.37,8.74
INV682340,2023-07-02,CUST0709,France,P1007,Yoga Mat,3,20.34,61.02
INV844182,2024-09-04,CUST0596,Australia,P1002,Bluetooth Speaker,4,34.14,136.56
INV843237,2024-04-17,CUST0274,Germany,P1010,Phone Case,1,10.02,10.02
INV874270,2024-03-23,CUST0100,Usa,P1001,Wireless Mouse,2,16.29,32.58
INV555934,2024-02-02,CUST0531,France,P1007,Yoga Mat,5,19.48,97.4
INV375298,2023-06-06,CUST0588,France,P1002,Bluetooth Speaker,4,35.52,142.08
INV270540,2023-01-01,CUST0194,Canada,P1008,Water Bottle,3,11.05,33.15
INV261781,2024-10-31,CUST0124,Australia,P1009,Backpack,1,44.85,44.85
INV705322,2024-07-25,CUST0646,Usa,P1015,Winter Jacket,3,120.75,362.25
INV758417,2023-01-01,CUST0212,India,P1005,Office Chair,5,89.78,448.9
INV384199,2023-10-11,CUST0211,France,P1012,Gaming Headset,1,55.99,55.99
INV158577,2024-04-16,CUST0169,Brazil,P1003,Notebook Set,3,6.51,19.53
INV927729,2024-04-24,CUST0136,Canada,P1004,Desk Lamp,5,21.15,105.75
INV720746,2024-06-15,CUST0134,Usa,P1002,Bluetooth Speaker,3,35.37,106.11
INV790465,2024-07-13,CUST0515,France,P1006,Coffee Mug,4,7.93,31.72
INV489551,2023-11-08,CUST0044,France,P1002,Bluetooth Speaker,2,32.78,65.56
INV587956,2024-10-17,CUST0692,Canada,P1008,Water Bottle,1,11.26,11.26
INV749331,2023-02-04,CUST0657,Uk,P1008,Water Bottle,5,11.46,57.3
INV246266,2024-04-07,CUST0666,Canada,P1004,Desk Lamp,3,21.81,65.43
INV179424,2024-11-11,CUST0738,Canada,P1011,Table Lamp,2,28.6,57.2
INV406349,2024-12-23,CUST0525,Uk,P1011,Table Lamp,4,26.87,107.48
INV765075,2024-09-12,CUST0350,France,P1014,Running Shoes,1,66.51,66.51
INV567958,2024-10-08,CUST0005,Brazil,P1011,Table Lamp,3,27.92,83.76
INV551952,2024-11-05,CUST0096,Uk,P1012,Gaming Headset,3,54.78,164.34
INV882669,2023-01-01,CUST0548,Brazil,P1009,Backpack,4,45.41,181.64
INV228411,2024-02-05,CUST0637,France,P1006,Coffee Mug,4,8.25,33.0
INV279615,2024-02-26,CUST0772,Australia,P1008,Water Bottle,1,11.05,11.05
INV459486,2024-06-08,CUST0057,Canada,P1013,Sticky Notes Pack,4,4.05,16.2
INV695249,2024-12-04,CUST0742,India,P1001,Wireless Mouse,1,16.15,16.15
INV140278,2024-11-03,CUST0167,Usa,P1004,Desk Lamp,3,21.29,63.87
INV842813,2024-05-01,CUST0054,Canada,P1009,Backpack,3,43.98,131.94
INV708320,2023-01-01,CUST0670,Brazil,P1015,Winter Jacket,3,114.25,342.75
INV402710,2024-11-12,CUST0342,Germany,P1005,Office Chair,2,88.3,176.6
INV635654,2023-11-29,CUST0546,Australia,P1001,Wireless Mouse,3,16.41,49.23
INV120342,2024-11-02,CUST0800,France,P1001,Wireless Mouse,5,16.27,81.35
INV356162,2024-11-14,CUST0368,France,P1002,Bluetooth Speaker,2,33.45,66.9
INV952338,2024-05-31,CUST0795,Australia,P1012,Gaming Headset,5,53.8,269.0
INV411083,2024-11-26,CUST0546,Australia,P1014,Running Shoes,5,63.71,318.55
INV599460,2023-08-14,CUST0330,Germany,P1007,Yoga Mat,3,20.95,62.85
INV335189,2023-12-25,CUST0406,France,P1015,Winter Jacket,4,119.93,479.72
INV930240,2024-08-28,CUST0267,Germany,P1010,Phone Case,4,10.41,41.64
INV636026,2024-10-29,CUST0771,Brazil,P1010,Phone Case,5,9.79,48.95
INV918656,2024-09-07,CUST0402,Canada,P1003,Notebook Set,1,6.66,6.66
INV388492,2024-08-08,CUST0037,Germany,P1015,Winter Jacket,4,121.56,486.24
INV801508,2024-09-01,CUST0474,Usa,P1007,Yoga Mat,1,20.51,20.51
INV450921,2024-03-11,CUST0001,Germany,P1011,Table Lamp,3,27.15,81.45
INV363263,2023-08-14,CUST0641,Australia,P1011,Table Lamp,1,27.95,27.95
INV523101,2024-09-18,CUST0785,India,P1012,Gaming Headset,1,55.65,55.65
INV656242,2024-03-10,CUST0250,Uk,P1012,Gaming Headset,5,53.77,268.85
INV351995,2024-07-11,CUST0400,Uk,P1013,Sticky Notes Pack,1,4.39,4.39
INV436386,2024-06-16,CUST0512,Canada,P1001,Wireless Mouse,3,16.16,48.48
INV408606,2024-08-06,CUST0343,Usa,P1012,Gaming Headset,5,53.61,268.05
INV128939,2024-08-29,CUST0541,Usa,P1005,Office Chair,3,86.55,259.65
INV863537,2024-12-18,CUST0679,Uk,P1015,Winter Jacket,1,123.04,123.04
INV473812,2024-02-27,CUST0772,Australia,P1010,Phone Case,3,10.47,31.41
INV927666,2024-12-13,CUST0414,Australia,P1006,Coffee Mug,3,8.16,24.48
INV186726,2024-07-17,CUST0737,Australia,P1004,Desk Lamp,3,21.7,65.1
INV263232,2023-01-01,CUST0678,Germany,P1015,Winter Jacket,5,118.79,593.95
INV393192,2023-01-01,CUST0665,India,P1006,Coffee Mug,3,7.86,23.58
INV278328,2024-06-30,CUST0740,Brazil,P1009,Backpack,3,45.23,135.69
INV872268,2023-01-01,CUST0493,Canada,P1010,Phone Case,3,10.2,30.6
INV903330,2023-04-22,CUST0088,Germany,P1004,Desk Lamp,4,22.41,89.64
INV618346,2024-07-31,CUST0648,Usa,P1008,Water Bottle,2,11.57,23.14
INV200319,2023-10-26,CUST0216,France,P1004,Desk Lamp,4,21.62,86.48
INV338363,2024-06-16,CUST0233,Brazil,P1002,Bluetooth Speaker,1,36.02,36.02
INV689039,2024-06-09,CUST0383,Australia,P1013,Sticky Notes Pack,3,4.18,12.54
INV765641,2024-09-05,CUST0012,Canada,P1011,Table Lamp,1,27.38,27.38
INV997163,2024-12-13,CUST0637,France,P1010,Phone Case,5,9.68,48.4
INV785087,2024-10-16,CUST0440,Brazil,P1014,Running Shoes,3,65.75,197.25
INV890905,2024-07-08,CUST0399,France,P1010,Phone Case,3,9.91,29.73
INV967841,2024-10-23,CUST0458,France,P1011,Table Lamp,4,28.31,113.24
INV585174,2024-05-19,CUST0576,Australia,P1015,Winter Jacket,5,119.6,598.0
INV780938,2024-06-27,CUST0388,Canada,P1012,Gaming Headset,4,53.94,215.76
INV108729,2024-03-29,CUST0605,France,P1006,Coffee Mug,5,8.09,40.45
INV282906,2024-08-20,CUST0335,Canada,P1008,Water Bottle,3,11.53,34.59
INV530081,2024-09-29,CUST0691,Germany,P1011,Table Lamp,1,27.64,27.64
INV845472,2024-12-06,CUST0648,Usa,P1003,Notebook Set,3,6.75,20.25
INV298340,2024-12-07,CUST0071,Germany,P1008,Water Bottle,5,11.93,59.65
INV826984,2024-10-21,CUST0755,Uk,P1001,Wireless Mouse,3,16.18,48.54
INV684425,2024-12-27,CUST0224,Brazil,P1007,Yoga Mat,2,20.74,41.48
INV725437,2024-07-19,CUST0723,Australia,P1011,Table Lamp,4,28.6,114.4
INV991270,2024-09-07,CUST0333,Canada,P1015,Winter Jacket,2,115.81,231.62
INV948293,2024-02-04,CUST0755,Uk,P1002,Bluetooth Speaker,2,34.17,68.34
INV319050,2023-01-01,CUST0655,Uk,P1007,Yoga Mat,2,20.29,40.58
INV742186,2024-10-26,CUST0368,France,P1003,Notebook Set,3,6.92,20.76
INV416573,2024-12-04,CUST0382,Germany,P1010,Phone Case,5,9.87,49.35
INV109131,2023-12-13,CUST0541,Usa,P1005,Office Chair,2,89.19,178.38
INV390660,2024-02-20,CUST0264,France,P1004,Desk Lamp,5,22.77,113.85
INV906387,2024-07-23,CUST0454,Canada,P1002,Bluetooth Speaker,1,33.77,33.77
INV266574,2024-12-10,CUST0096,Uk,P1008,Water Bottle,3,11.61,34.83
INV352113,2024-11-22,CUST0300,Germany,P1003,Notebook Set,1,6.54,6.54
INV628886,2024-11-08,CUST0064,Brazil,P1015,Winter Jacket,5,115.52,577.6
INV140831,2024-09-20,CUST0365,Usa,P1013,Sticky Notes Pack,1,4.13,4.13
INV732546,2024-10-18,CUST0016,France,P1012,Gaming Headset,2,55.29,110.58
INV973512,2024-12-07,CUST0749,Germany,P1002,Bluetooth Speaker,3,35.04,105.12
INV369195,2024-04-27,CUST0124,Australia,P1011,Table Lamp,3,27.53,82.59
INV618044,2024-10-15,CUST0494,Germany,P1003,Notebook Set,5,6.98,34.9
INV802633,2023-11-28,CUST0110,Uk,P1001,Wireless Mouse,1,16.76,16.76
INV739530,2023-11-12,CUST0442,Usa,P1012,Gaming Headset,5,54.79,273.95
INV625250,2024-05-10,CUST0298,Canada,P1014,Running Shoes,4,63.8,255.2
INV720456,2024-12-13,CUST0225,Germany,P1009,Backpack,3,45.18,135.54
INV591594,2024-11-19,CUST0760,France,P1015,Winter Jacket,3,115.22,345.66
INV887777,2023-09-04,CUST0177,France,P1015,Winter Jacket,2,123.07,246.14
INV902541,2024-07-09,CUST0539,France,P1002,Bluetooth Speaker,1,34.62,34.62
INV298351,2023-07-30,CUST0670,Brazil,P1005,Office Chair,2,89.71,179.42
INV749624,2023-01-01,CUST0622,France,P1014,Running Shoes,3,62.61,187.83
INV509430,2023-09-27,CUST0532,France,P1005,Office Chair,1,93.91,93.91
INV812483,2024-12-10,CUST0533,Usa,P1011,Table Lamp,1,26.89,26.89
INV900876,2024-02-18,CUST0793,France,P1003,Notebook Set,2,6.55,13.1
INV262605,2024-05-25,CUST0666,Canada,P1010,Phone Case,3,10.11,30.33
INV713834,2024-12-18,CUST0275,Australia,P1008,Water Bottle,4,11.05,44.2
INV599495,2024-12-20,CUST0289,France,P1011,Table Lamp,2,28.04,56.08
INV362803,2024-06-04,CUST0262,Germany,P1010,Phone Case,5,10.48,52.4
INV600209,2023-01-01,CUST0011,Usa,P1011,Table Lamp,3,28.57,85.71
INV230595,2024-09-28,CUST0608,Canada,P1013,Sticky Notes Pack,3,4.45,13.35
INV910570,2024-12-12,CUST0136,Canada,P1010,Phone Case,5,9.88,49.4
INV362264,2023-12-27,CUST0302,Usa,P1014,Running Shoes,1,67.49,67.49
INV644989,2023-01-01,CUST0454,Canada,P1006,Coffee Mug,4,8.41,33.64
INV335706,2024-10-30,CUST0750,Australia,P1006,Coffee Mug,1,8.25,8.25
INV657409,2024-02-04,CUST0592,Canada,P1007,Yoga Mat,3,19.16,57.48
INV218297,2024-09-09,CUST0569,Uk,P1008,Water Bottle,1,11.79,11.79
INV469025,2023-08-09,CUST0527,Uk,P1014,Running Shoes,5,64.0,320.0
INV955238,2024-06-12,CUST0791,Germany,P1005,Office Chair,3,92.76,278.28
INV534108,2024-11-08,CUST0616,Canada,P1007,Yoga Mat,3,19.2,57.6
INV396773,2024-08-05,CUST0633,Uk,P1015,Winter Jacket,5,116.78,583.9
INV235699,2024-05-17,CUST0028,Germany,P1011,Table Lamp,3,27.83,83.49
INV966530,2023-09-22,CUST0040,Brazil,P1008,Water Bottle,2,11.02,22.04
INV366213,2024-11-18,CUST0725,Uk,P1007,Yoga Mat,4,19.82,79.28
INV566751,2024-10-16,CUST0494,Germany,P1006,Coffee Mug,2,8.08,16.16
INV688134,2023-01-01,CUST0187,India,P1004,Desk Lamp,3,20.91,62.73
INV998312,2024-09-25,CUST0390,France,P1007,Yoga Mat,1,20.36,20.36
INV680878,2023-02-24,CUST0541,Usa,P1010,Phone Case,4,9.91,39.64
INV564912,2023-08-20,CUST0271,Australia,P1002,Bluetooth Speaker,1,33.63,33.63
INV478596,2024-08-18,CUST0785,India,P1003,Notebook Set,3,6.91,20.73
INV655469,2024-06-01,CUST0536,France,P1003,Notebook Set,5,6.88,34.4
INV611374,2024-05-11,CUST0740,Brazil,P1002,Bluetooth Speaker,1,33.97,33.97
INV562121,2023-08-12,CUST0155,India,P1013,Sticky Notes Pack,3,4.28,12.84
INV906251,2023-10-11,CUST0342,Germany,P1003,Notebook Set,5,6.61,33.05
INV390331,2023-02-11,CUST0136,Canada,P1013,Sticky Notes Pack,2,4.4,8.8
INV483789,2024-06-28,CUST0088,Germany,P1006,Coffee Mug,4,8.49,33.96
INV251522,2024-08-04,CUST0304,France,P1014,Running Shoes,1,67.3,67.3
INV878174,2023-08-02,CUST0575,India,P1005,Office Chair,5,93.35,466.75
INV384825,2023-01-01,CUST0289,France,P1005,Office Chair,3,88.79,266.37
INV944942,2024-04-04,CUST0213,Australia,P1007,Yoga Mat,2,20.05,40.1
INV627848,2024-04-01,CUST0457,Uk,P1005,Office Chair,4,93.05,372.2
INV979105,2024-06-29,CUST0647,Germany,P1002,Bluetooth Speaker,3,35.88,107.64
INV421087,2023-11-15,CUST0541,Usa,P1010,Phone Case,4,9.57,38.28
INV425447,2024-01-21,CUST0018,Usa,P1004,Desk Lamp,4,22.82,91.28
INV578216,2024-04-18,CUST0239,Canada,P1001,Wireless Mouse,1,15.45,15.45
INV559834,2024-07-16,CUST0291,Germany,P1014,Running Shoes,4,67.97,271.88
INV838756,2024-07-30,CUST0391,Australia,P1008,Water Bottle,4,11.82,47.28
INV909928,2024-10-14,CUST0098,Australia,P1015,Winter Jacket,4,115.18,460.72
INV661436,2024-08-12,CUST0466,Uk,P1006,Coffee Mug,4,8.16,32.64
INV158055,2024-10-26,CUST0187,India,P1013,Sticky Notes Pack,1,4.1,4.1
INV845355,2023-09-20,CUST0579,Brazil,P1009,Backpack,3,45.21,135.63
INV437528,2024-03-24,CUST0087,Australia,P1010,Phone Case,3,10.23,30.69
INV239496,2024-08-06,CUST0757,Usa,P1011,Table Lamp,2,26.98,53.96
INV161248,2023-12-28,CUST0477,Usa,P1003,Notebook Set,2,6.65,13.3
INV481282,2024-09-16,CUST0399,France,P1008,Water Bottle,4,11.86,47.44
INV518096,2024-03-04,CUST0298,Canada,P1015,Winter Jacket,5,124.05,620.25
INV256945,2024-06-15,CUST0088,Germany,P1003,Notebook Set,5,6.75,33.75
INV527640,2024-11-09,CUST0441,Usa,P1011,Table Lamp,4,27.02,108.08
INV903981,2024-09-25,CUST0782,Australia,P1013,Sticky Notes Pack,1,4.1,4.1
INV681849,2023-10-29,CUST0406,France,P1011,Table Lamp,5,26.74,133.7
INV257290,2023-01-01,CUST0570,Brazil,P1008,Water Bottle,4,10.97,43.88
INV314244,2024-08-20,CUST0776,Germany,P1007,Yoga Mat,3,20.89,62.67
INV375298,2023-06-06,CUST0588,France,P1002,Bluetooth Speaker,4,35.52,142.08
INV143056,2024-12-30,CUST0580,France,P1010,Phone Case,5,10.11,50.55
INV164417,2024-12-03,CUST0187,India,P1002,Bluetooth Speaker,4,36.22,144.88
INV488199,2024-09-27,CUST0406,France,P1008,Water Bottle,5,11.09,55.45
INV551602,2024-05-16,CUST0311,Uk,P1014,Running Shoes,2,62.01,124.02
INV637230,2024-01-20,CUST0733,Usa,P1007,Yoga Mat,2,19.83,39.66
INV402034,2024-12-04,CUST0679,Uk,P1004,Desk Lamp,1,22.7,22.7
INV416184,2024-10-12,CUST0343,Usa,P1010,Phone Case,3,9.5,28.5
INV154803,2024-08-24,CUST0722,Usa,P1005,Office Chair,4,89.84,359.36
INV916457,2024-12-20,CUST0384,France,P1009,Backpack,4,43.84,175.36
INV279615,2024-02-26,CUST0772,Australia,P1004,Desk Lamp,3,21.04,63.12
INV551950,2023-10-30,CUST0519,France,P1003,Notebook Set,4,7.06,28.24
INV283073,2024-08-18,CUST0203,Australia,P1003,Notebook Set,2,6.49,12.98
INV862293,2023-06-17,CUST0198,Uk,P1007,Yoga Mat,5,19.97,99.85
INV839817,2024-06-16,CUST0370,India,P1001,Wireless Mouse,3,15.36,46.08
INV818722,2024-11-14,CUST0522,Germany,P1005,Office Chair,2,89.06,178.12
INV104038,2024-04-11,CUST0315,Germany,P1003,Notebook Set,4,6.92,27.68
INV783023,2024-09-05,CUST0453,Uk,P1004,Desk Lamp,2,23.03,46.06
INV333123,2024-10-31,CUST0016,France,P1003,Notebook Set,4,6.92,27.68
INV334649,2024-03-06,CUST0630,India,P1004,Desk Lamp,2,21.22,42.44
INV579367,2023-01-01,CUST0351,Australia,P1003,Notebook Set,4,6.65,26.6
INV349909,2023-08-15,CUST0505,Uk,P1002,Bluetooth Speaker,1,35.79,35.79
INV235349,2024-08-17,CUST0042,Uk,P1001,Wireless Mouse,1,15.36,15.36
INV758355,2023-06-01,CUST0382,Germany,P1002,Bluetooth Speaker,2,36.05,72.1
INV303464,2024-02-24,CUST0477,Usa,P1002,Bluetooth Speaker,2,33.51,67.02
INV664300,2024-07-14,CUST0555,India,P1004,Desk Lamp,5,22.73,113.65
INV238281,2024-05-29,CUST0107,France,P1008,Water Bottle,4,11.19,44.76
INV176501,2024-02-04,CUST0276,India,P1001,Wireless Mouse,1,16.4,16.4
INV659477,2024-05-31,CUST0094,France,P1015,Winter Jacket,1,114.6,114.6
INV199614,2024-09-19,CUST0109,Australia,P1001,Wireless Mouse,3,15.57,46.71
INV757951,2023-01-01,CUST0240,France,P1012,Gaming Headset,2,57.3,114.6
INV427658,2023-09-12,CUST0502,Usa,P1012,Gaming Headset,1,53.44,53.44
INV933553,2024-08-11,CUST0411,France,P1012,Gaming Headset,1,54.92,54.92
INV216588,2024-04-09,CUST0346,Canada,P1014,Running Shoes,5,61.99,309.95
INV798274,2024-05-08,CUST0482,India,P1004,Desk Lamp,2,21.08,42.16
INV125801,2024-10-31,CUST0648,Usa,P1013,Sticky Notes Pack,3,4.06,12.18
INV589969,2024-11-15,CUST0436,Brazil,P1007,Yoga Mat,1,20.54,20.54
INV639900,2023-09-15,CUST0068,France,P1014,Running Shoes,1,63.53,63.53
INV801494,2024-08-22,CUST0357,Canada,P1015,Winter Jacket,2,115.03,230.06
INV730706,2024-07-23,CUST0208,Usa,P1011,Table Lamp,4,27.31,109.24
INV817193,2023-01-01,CUST0665,India,P1006,Coffee Mug,1,8.1,8.1
INV516074,2024-10-22,CUST0699,Germany,P1013,Sticky Notes Pack,2,4.07,8.14
INV198635,2024-09-12,CUST0637,France,P1003,Notebook Set,5,6.52,32.6
INV291440,2023-04-20,CUST0238,Germany,P1014,Running Shoes,1,64.54,64.54
INV664300,2024-07-14,CUST0555,India,P1005,Office Chair,1,91.4,91.4
INV353365,2024-12-17,CUST0765,France,P1011,Table Lamp,2,28.34,56.68
INV986858,2023-01-01,CUST0370,India,P1008,Water Bottle,2,11.97,23.94
INV399177,2024-09-22,CUST0061,Usa,P1008,Water Bottle,1,11.36,11.36
INV687489,2024-08-24,CUST0676,Canada,P1009,Backpack,2,43.8,87.6
INV988168,2024-12-05,CUST0608,Canada,P1009,Backpack,4,42.82,171.28
INV282516,2024-06-19,CUST0758,Uk,P1001,Wireless Mouse,3,15.87,47.61
INV634923,2023-05-19,CUST0493,Canada,P1004,Desk Lamp,1,22.61,22.61
INV880188,2023-09-11,CUST0010,Usa,P1006,Coffee Mug,2,8.32,16.64
INV471991,2023-07-30,CUST0579,Brazil,P1008,Water Bottle,5,11.34,56.7
INV278328,2024-06-30,CUST0740,Brazil,P1013,Sticky Notes Pack,1,4.43,4.43
INV875414,2023-12-15,CUST0638,Brazil,P1002,Bluetooth Speaker,1,36.18,36.18
INV338578,2023-08-26,CUST0322,India,P1015,Winter Jacket,5,120.53,602.65
INV950331,2023-09-13,CUST0502,Usa,P1010,Phone Case,5,9.84,49.2
INV774505,2024-12-25,CUST0679,Uk,P1007,Yoga Mat,5,19.75,98.75
INV172297,2024-12-09,CUST0655,Uk,P1014,Running Shoes,1,63.59,63.59
INV916539,2024-04-10,CUST0580,France,P1002,Bluetooth Speaker,5,33.64,168.2
INV864565,2024-03-12,CUST0098,Australia,P1012,Gaming Headset,5,55.37,276.85
INV562776,2024-10-21,CUST0139,India,P1012,Gaming Headset,4,55.33,221.32
INV891890,2024-08-21,CUST0323,Germany,P1012,Gaming Headset,1,52.45,52.45
INV204287,2024-09-18,CUST0034,Canada,P1002,Bluetooth Speaker,2,33.54,67.08
INV396015,2024-11-20,CUST0164,France,P1013,Sticky Notes Pack,2,4.16,8.32
INV985470,2024-11-04,CUST0333,Canada,P1010,Phone Case,4,9.94,39.76
INV576287,2023-11-13,CUST0505,Uk,P1001,Wireless Mouse,3,15.54,46.62
INV776452,2024-07-12,CUST0177,France,P1011,Table Lamp,3,27.72,83.16
INV344862,2023-01-01,CUST0453,Uk,P1011,Table Lamp,4,26.14,104.56
INV554508,2024-09-30,CUST0289,France,P1008,Water Bottle,4,11.11,44.44
INV894878,2023-05-24,CUST0406,France,P1005,Office Chair,1,90.33,90.33
INV524271,2024-04-07,CUST0127,India,P1003,Notebook Set,3,6.54,19.62
INV348081,2024-07-31,CUST0670,Brazil,P1002,Bluetooth Speaker,2,35.82,71.64
INV317684,2023-07-03,CUST0176,Usa,P1002,Bluetooth Speaker,2,36.18,72.36
INV109615,2024-07-26,CUST0490,Canada,P1001,Wireless Mouse,5,16.64,83.2
INV195629,2024-07-24,CUST0169,Brazil,P1002,Bluetooth Speaker,4,33.27,133.08
INV383003,2024-12-03,CUST0357,Canada,P1015,Winter Jacket,2,124.28,248.56
INV451007,2024-10-29,CUST0150,Germany,P1014,Running Shoes,3,67.93,203.79
INV607747,2024-06-07,CUST0363,Germany,P1007,Yoga Mat,2,19.75,39.5
INV462493,2023-12-06,CUST0630,India,P1005,Office Chair,3,86.06,258.18
INV609306,2024-08-22,CUST0359,Usa,P1003,Notebook Set,1,6.52,6.52
INV945474,2023-01-01,CUST0301,Australia,P1009,Backpack,1,43.19,43.19
INV873069,2023-08-13,CUST0261,India,P1005,Office Chair,5,87.72,438.6
INV928492,2024-05-16,CUST0532,France,P1008,Water Bottle,3,11.93,35.79
INV628600,2024-06-16,CUST0406,France,P1004,Desk Lamp,2,21.33,42.66
INV212804,2024-04-26,CUST0532,France,P1003,Notebook Set,2,6.65,13.3
INV752836,2024-12-17,CUST0678,Germany,P1011,Table Lamp,2,28.76,57.52
INV166594,2023-07-13,CUST0400,Uk,P1008,Water Bottle,2,11.73,23.46
INV342437,2024-09-09,CUST0776,Germany,P1009,Backpack,1,46.54,46.54
INV872309,2024-10-28,CUST0069,Canada,P1013,Sticky Notes Pack,2,4.41,8.82
INV288293,2024-05-08,CUST0252,Australia,P1005,Office Chair,5,89.08,445.4
INV443033,2023-10-25,CUST0782,Australia,P1003,Notebook Set,3,6.92,20.76
INV684692,2024-07-06,CUST0585,Brazil,P1013,Sticky Notes Pack,1,4.08,4.08
INV275704,2024-04-10,CUST0400,Uk,P1003,Notebook Set,3,6.53,19.59
INV516148,2024-05-06,CUST0260,Canada,P1008,Water Bottle,3,11.94,35.82
INV769572,2024-07-11,CUST0350,France,P1013,Sticky Notes Pack,3,4.13,12.39
INV719374,2024-10-11,CUST0738,Canada,P1015,Winter Jacket,3,119.04,357.12
INV630641,2023-01-01,CUST0301,Australia,P1011,Table Lamp,4,27.72,110.88
INV608123,2023-10-28,CUST0661,India,P1003,Notebook Set,3,6.71,20.13
INV925004,2024-05-10,CUST0249,Brazil,P1008,Water Bottle,5,11.92,59.6
INV521777,2024-09-12,CUST0788,India,P1015,Winter Jacket,5,115.8,579.0
INV231117,2024-11-07,CUST0482,India,P1011,Table Lamp,3,27.66,82.98
INV934956,2023-01-01,CUST0499,France,P1012,Gaming Headset,2,53.46,106.92
INV340436,2024-11-08,CUST0386,India,P1011,Table Lamp,5,27.86,139.3
INV717457,2024-08-31,CUST0405,Germany,P1002,Bluetooth Speaker,4,35.96,143.84
INV422071,2024-08-16,CUST0580,France,P1007,Yoga Mat,3,20.45,61.35
INV257998,2024-09-10,CUST0557,India,P1009,Backpack,2,43.15,86.3
INV387991,2024-11-05,CUST0073,Canada,P1010,Phone Case,5,10.44,52.2
INV458761,2023-01-01,CUST0725,Uk,P1005,Office Chair,4,93.68,374.72
INV126057,2024-08-08,CUST0176,Usa,P1007,Yoga Mat,1,19.74,19.74
INV442308,2023-01-01,CUST0661,India,P1010,Phone Case,4,9.96,39.84
INV285436,2024-05-23,CUST0731,India,P1013,Sticky Notes Pack,3,4.36,13.08
INV894513,2024-02-15,CUST0585,Brazil,P1007,Yoga Mat,1,20.87,20.87
INV454272,2024-10-28,CUST0329,Uk,P1006,Coffee Mug,4,7.89,31.56
INV529252,2024-01-14,CUST0666,Canada,P1010,Phone Case,2,9.75,19.5
INV909218,2024-09-29,CUST0738,Canada,P1008,Water Bottle,4,11.6,46.4
INV629474,2024-04-27,CUST0561,Canada,P1009,Backpack,1,43.14,43.14
INV205214,2024-08-16,CUST0089,Usa,P1012,Gaming Headset,3,54.92,164.76
INV489593,2024-11-30,CUST0647,Germany,P1002,Bluetooth Speaker,5,33.38,166.9
INV789289,2023-10-22,CUST0619,India,P1005,Office Chair,3,93.11,279.33
INV682367,2023-05-06,CUST0688,Usa,P1015,Winter Jacket,5,125.39,626.95
INV509904,2023-01-01,CUST0622,France,P1014,Running Shoes,3,66.64,199.92
INV165062,2023-01-01,CUST0214,Australia,P1010,Phone Case,4,10.0,40.0
INV997924,2024-04-25,CUST0299,Germany,P1003,Notebook Set,3,6.84,20.52
INV392162,2023-09-03,CUST0616,Canada,P1009,Backpack,3,43.23,129.69
INV546682,2023-01-01,CUST0153,India,P1011,Table Lamp,5,27.48,137.4
INV178647,2024-10-28,CUST0301,Australia,P1007,Yoga Mat,2,20.52,41.04
INV610834,2024-04-08,CUST0187,India,P1002,Bluetooth Speaker,4,34.3,137.2
INV669826,2024-09-04,CUST0373,Brazil,P1012,Gaming Headset,1,56.33,56.33
INV102850,2024-05-20,CUST0778,Uk,P1004,Desk Lamp,4,21.73,86.92
INV113355,2024-08-22,CUST0359,Usa,P1004,Desk Lamp,4,21.06,84.24
INV156431,2024-08-31,CUST0004,India,P1013,Sticky Notes Pack,5,4.11,20.55
INV668179,2023-01-01,CUST0546,Australia,P1011,Table Lamp,5,27.34,136.7
INV465542,2024-08-06,CUST0742,India,P1006,Coffee Mug,4,8.04,32.16
INV836148,2024-06-26,CUST0233,Brazil,P1001,Wireless Mouse,4,15.36,61.44
INV573517,2024-05-03,CUST0004,India,P1008,Water Bottle,1,11.2,11.2
INV705784,2023-01-17,CUST0325,India,P1008,Water Bottle,1,11.35,11.35
INV522659,2024-10-01,CUST0460,Uk,P1014,Running Shoes,5,63.54,317.7
INV710667,2023-10-19,CUST0751,Canada,P1009,Backpack,4,44.36,177.44
INV767551,2024-08-30,CUST0019,Australia,P1001,Wireless Mouse,4,15.55,62.2
INV110145,2024-09-03,CUST0788,India,P1010,Phone Case,1,9.8,9.8
INV507378,2024-11-22,CUST0574,India,P1009,Backpack,1,43.76,43.76
INV494809,2024-06-30,CUST0315,Germany,P1014,Running Shoes,1,67.05,67.05
INV911291,2024-10-26,CUST0192,Canada,P1013,Sticky Notes Pack,2,4.34,8.68
INV263823,2024-12-14,CUST0321,Germany,P1012,Gaming Headset,2,54.61,109.22
INV101283,2024-08-03,CUST0559,India,P1014,Running Shoes,3,62.6,187.8
INV569884,2024-07-02,CUST0052,Australia,P1002,Bluetooth Speaker,5,35.08,175.4
INV341688,2023-01-01,CUST0756,Canada,P1009,Backpack,1,43.17,43.17
INV228411,2024-02-05,CUST0637,France,P1009,Backpack,3,45.24,135.72
INV247869,2023-01-01,CUST0603,Canada,P1011,Table Lamp,4,27.82,111.28
INV349485,2024-06-12,CUST0301,Australia,P1007,Yoga Mat,3,20.71,62.13
INV643521,2024-12-04,CUST0441,Usa,P1004,Desk Lamp,4,22.78,91.12
INV406617,2024-10-12,CUST0590,Brazil,P1009,Backpack,3,45.07,135.21
INV357032,2024-08-25,CUST0194,Canada,P1007,Yoga Mat,3,20.56,61.68
INV341814,2024-06-14,CUST0218,Australia,P1013,Sticky Notes Pack,2,4.21,8.42
INV637225,2023-01-01,CUST0694,Germany,P1010,Phone Case,4,10.14,40.56
INV825160,2024-08-24,CUST0694,Germany,P1008,Water Bottle,4,11.72,46.88
INV371687,2023-09-17,CUST0646,Usa,P1007,Yoga Mat,1,19.88,19.88
INV470019,2024-10-24,CUST0308,France,P1007,Yoga Mat,4,20.12,80.48
INV501775,2024-11-28,CUST0694,Germany,P1006,Coffee Mug,1,8.66,8.66
INV342821,2023-01-01,CUST0098,Australia,P1011,Table Lamp,5,26.62,133.1
INV714927,2024-11-14,CUST0646,Usa,P1004,Desk Lamp,4,21.68,86.72
INV131819,2024-12-12,CUST0076,India,P1010,Phone Case,1,10.07,10.07
INV503846,2023-01-01,CUST0665,India,P1003,Notebook Set,3,7.03,21.09
INV316167,2024-04-20,CUST0240,France,P1011,Table Lamp,5,28.49,142.45
INV242323,2024-04-15,CUST0681,Germany,P1008,Water Bottle,2,11.57,23.14
INV507946,2024-08-07,CUST0505,Uk,P1015,Winter Jacket,3,125.05,375.15
INV598224,2024-07-05,CUST0208,Usa,P1009,Backpack,3,44.0,132.0
INV440628,2024-11-18,CUST0489,Brazil,P1002,Bluetooth Speaker,1,34.64,34.64
INV215877,2024-12-16,CUST0457,Uk,P1001,Wireless Mouse,4,16.34,65.36
INV564912,2023-08-20,CUST0271,Australia,P1014,Running Shoes,3,67.98,203.94
INV973009,2023-10-26,CUST0742,India,P1004,Desk Lamp,1,22.71,22.71
INV309872,2024-12-07,CUST0520,Germany,P1010,Phone Case,3,9.87,29.61
INV829894,2023-01-01,CUST0457,Uk,P1007,Yoga Mat,1,20.52,20.52
INV415555,2023-11-22,CUST0283,Usa,P1001,Wireless Mouse,1,15.91,15.91
INV761314,2024-05-28,CUST0731,India,P1015,Winter Jacket,4,116.6,466.4
INV267753,2024-03-05,CUST0067,Uk,P1011,Table Lamp,3,26.6,79.8
INV906387,2024-07-23,CUST0454,Canada,P1013,Sticky Notes Pack,3,4.37,13.11
INV260251,2024-06-07,CUST0581,Usa,P1015,Winter Jacket,5,119.59,597.95
INV617177,2024-09-19,CUST0006,France,P1007,Yoga Mat,2,20.71,41.42
INV711896,2023-11-11,CUST0315,Germany,P1007,Yoga Mat,3,19.63,58.89
INV953804,2023-04-10,CUST0686,Canada,P1012,Gaming Headset,4,55.61,222.44
INV352460,2023-11-09,CUST0623,India,P1011,Table Lamp,5,28.25,141.25
INV724928,2024-12-19,CUST0589,Usa,P1005,Office Chair,1,90.55,90.55
INV583213,2023-09-05,CUST0704,France,P1008,Water Bottle,5,11.09,55.45
INV629396,2023-12-24,CUST0136,Canada,P1006,Coffee Mug,5,8.3,41.5
INV716145,2023-01-01,CUST0046,Uk,P1005,Office Chair,1,88.96,88.96
INV918520,2024-02-19,CUST0143,Germany,P1003,Notebook Set,2,6.62,13.24
INV643233,2024-08-12,CUST0315,Germany,P1012,Gaming Headset,2,54.48,108.96
INV459121,2024-12-10,CUST0207,Usa,P1001,Wireless Mouse,4,16.29,65.16
INV544562,2023-09-21,CUST0068,France,P1014,Running Shoes,4,64.22,256.88
INV448918,2024-06-30,CUST0333,Canada,P1015,Winter Jacket,4,114.1,456.4
INV210456,2024-12-11,CUST0297,Usa,P1002,Bluetooth Speaker,5,34.02,170.1
INV392946,2024-05-24,CUST0591,India,P1009,Backpack,5,44.03,220.15
INV768644,2024-06-28,CUST0152,Uk,P1003,Notebook Set,4,6.52,26.08
INV598442,2024-12-16,CUST0551,Brazil,P1012,Gaming Headset,3,52.87,158.61
INV743317,2024-02-12,CUST0345,France,P1014,Running Shoes,4,64.2,256.8
INV436772,2024-07-11,CUST0526,Germany,P1001,Wireless Mouse,1,15.73,15.73
INV809932,2024-09-28,CUST0019,Australia,P1013,Sticky Notes Pack,2,4.13,8.26
INV750495,2024-07-26,CUST0740,Brazil,P1013,Sticky Notes Pack,5,4.38,21.9
INV695578,2024-03-16,CUST0266,Australia,P1004,Desk Lamp,1,22.11,22.11
INV577387,2024-11-22,CUST0195,Australia,P1007,Yoga Mat,1,20.68,20.68
INV687066,2024-11-24,CUST0139,India,P1015,Winter Jacket,2,123.15,246.3
INV571032,2023-03-13,CUST0599,Usa,P1013,Sticky Notes Pack,4,4.21,16.84
INV430337,2024-12-25,CUST0007,Brazil,P1008,Water Bottle,4,11.5,46.0
INV310567,2024-07-11,CUST0486,Usa,P1006,Coffee Mug,5,8.11,40.55
INV833949,2024-05-27,CUST0349,France,P1005,Office Chair,5,92.37,461.85
INV868912,2024-11-28,CUST0150,Germany,P1001,Wireless Mouse,2,15.39,30.78
INV461030,2023-09-20,CUST0518,Germany,P1015,Winter Jacket,2,115.09,230.18
INV753005,2023-09-06,CUST0103,India,P1003,Notebook Set,1,7.0,7.0
INV112073,2024-03-11,CUST0100,Usa,P1004,Desk Lamp,3,22.98,68.94
INV741525,2024-11-20,CUST0240,France,P1007,Yoga Mat,2,20.26,40.52
INV761314,2024-05-28,CUST0731,India,P1008,Water Bottle,2,12.0,24.0
INV965521,2023-03-04,CUST0425,Brazil,P1004,Desk Lamp,5,21.34,106.7
INV367797,2024-04-29,CUST0331,Uk,P1001,Wireless Mouse,1,15.63,15.63
INV487097,2024-04-24,CUST0289,France,P1009,Backpack,2,43.76,87.52
INV976494,2023-12-09,CUST0507,Brazil,P1014,Running Shoes,4,67.95,271.8
INV506118,2024-09-19,CUST0134,Usa,P1006,Coffee Mug,4,8.51,34.04
INV889566,2024-07-05,CUST0676,Canada,P1011,Table Lamp,2,28.32,56.64
INV117833,2024-03-11,CUST0343,Usa,P1009,Backpack,1,43.37,43.37
INV397062,2024-03-08,CUST0538,France,P1001,Wireless Mouse,1,15.29,15.29
INV228723,2024-02-28,CUST0147,Germany,P1008,Water Bottle,1,11.84,11.84
INV447692,2023-10-28,CUST0361,Brazil,P1006,Coffee Mug,1,8.56,8.56
INV607622,2024-01-08,CUST0797,India,P1005,Office Chair,3,87.01,261.03
INV685688,2024-09-13,CUST0735,Brazil,P1014,Running Shoes,4,62.89,251.56
INV369605,2023-10-11,CUST0286,Australia,P1010,Phone Case,3,10.25,30.75
INV316707,2024-12-23,CUST0230,India,P1007,Yoga Mat,3,20.98,62.94
INV685070,2023-10-15,CUST0596,Australia,P1002,Bluetooth Speaker,3,33.85,101.55
INV811417,2024-10-18,CUST0691,Germany,P1006,Coffee Mug,4,8.32,33.28
INV467567,2024-10-31,CUST0478,France,P1004,Desk Lamp,3,21.05,63.15
INV569649,2023-10-08,CUST0367,Usa,P1014,Running Shoes,4,64.35,257.4
INV236406,2024-01-31,CUST0732,Germany,P1001,Wireless Mouse,5,15.48,77.4
INV409714,2024-04-30,CUST0327,Usa,P1006,Coffee Mug,1,8.49,8.49
INV797472,2024-03-06,CUST0561,Canada,P1008,Water Bottle,5,11.14,55.7
INV783849,2023-12-24,CUST0622,France,P1011,Table Lamp,3,27.67,83.01
INV559803,2024-08-28,CUST0593,Australia,P1013,Sticky Notes Pack,1,4.23,4.23
INV813377,2024-12-13,CUST0637,France,P1011,Table Lamp,4,27.63,110.52
INV504729,2023-01-01,CUST0432,Australia,P1010,Phone Case,2,10.1,20.2
INV893743,2023-08-02,CUST0113,Germany,P1004,Desk Lamp,4,22.52,90.08
INV737881,2023-08-09,CUST0500,Brazil,P1011,Table Lamp,5,28.32,141.6
INV188038,2023-01-01,CUST0232,Brazil,P1007,Yoga Mat,3,19.55,58.65
INV474290,2023-07-11,CUST0425,Brazil,P1011,Table Lamp,3,26.92,80.76
INV621104,2024-10-12,CUST0461,India,P1010,Phone Case,4,10.21,40.84
INV404170,2024-01-07,CUST0477,Usa,P1001,Wireless Mouse,4,16.14,64.56
INV695498,2023-01-01,CUST0240,France,P1004,Desk Lamp,3,22.19,66.57
INV525159,2024-11-02,CUST0350,France,P1003,Notebook Set,4,6.96,27.84
INV605008,2024-01-04,CUST0342,Germany,P1011,Table Lamp,2,26.62,53.24
INV390009,2023-09-18,CUST0705,Australia,P1008,Water Bottle,2,11.17,22.34
INV266421,2024-06-29,CUST0021,Brazil,P1002,Bluetooth Speaker,2,35.88,71.76
INV119089,2024-12-29,CUST0103,India,P1006,Coffee Mug,2,8.52,17.04
INV152932,2023-08-21,CUST0187,India,P1011,Table Lamp,5,27.6,138.0
INV340450,2024-12-14,CUST0149,Brazil,P1010,Phone Case,5,9.52,47.6
INV305043,2024-06-30,CUST0311,Uk,P1010,Phone Case,2,10.41,20.82
INV202899,2024-03-25,CUST0213,Australia,P1001,Wireless Mouse,1,16.7,16.7
INV363970,2023-01-01,CUST0373,Brazil,P1003,Notebook Set,4,6.76,27.04
INV797198,2024-11-25,CUST0001,Germany,P1014,Running Shoes,1,62.83,62.83
INV279374,2024-03-30,CUST0795,Australia,P1006,Coffee Mug,3,8.07,24.21
INV629281,2023-01-27,CUST0103,India,P1013,Sticky Notes Pack,5,4.2,21.0
INV357265,2023-07-08,CUST0414,Australia,P1003,Notebook Set,5,6.61,33.05
INV647690,2024-01-14,CUST0103,India,P1006,Coffee Mug,4,8.05,32.2
INV239879,2024-02-08,CUST0021,Brazil,P1008,Water Bottle,2,11.23,22.46
INV622759,2024-05-16,CUST0004,India,P1002,Bluetooth Speaker,4,34.66,138.64
INV284364,2024-12-03,CUST0071,Germany,P1011,Table Lamp,4,26.78,107.12
INV652679,2023-12-08,CUST0435,India,P1005,Office Chair,5,89.75,448.75
INV427258,2024-06-13,CUST0338,Usa,P1007,Yoga Mat,3,19.06,57.18
INV296712,2024-12-14,CUST0630,India,P1002,Bluetooth Speaker,5,35.38,176.9
INV496873,2024-09-10,CUST0365,Usa,P1002,Bluetooth Speaker,2,33.44,66.88
INV320014,2023-07-19,CUST0350,France,P1003,Notebook Set,1,6.57,6.57
INV458761,2023-01-01,CUST0725,Uk,P1011,Table Lamp,1,27.41,27.41
INV242290,2023-12-01,CUST0318,Brazil,P1010,Phone Case,5,9.72,48.6
INV796536,2024-12-04,CUST0345,France,P1006,Coffee Mug,1,8.45,8.45
INV483014,2023-10-03,CUST0169,Brazil,P1007,Yoga Mat,1,19.17,19.17
INV385529,2024-12-12,CUST0498,Brazil,P1003,Notebook Set,3,6.85,20.55
INV978077,2024-05-27,CUST0337,Germany,P1015,Winter Jacket,3,116.02,348.06
INV133082,2024-06-14,CUST0491,Australia,P1013,Sticky Notes Pack,3,4.04,12.12
INV151564,2023-08-01,CUST0687,France,P1006,Coffee Mug,2,8.42,16.84
INV382305,2024-02-13,CUST0191,France,P1003,Notebook Set,2,7.08,14.16
INV556960,2024-05-18,CUST0091,Brazil,P1012,Gaming Headset,2,57.46,114.92
INV195657,2023-04-16,CUST0117,Germany,P1011,Table Lamp,4,28.66,114.64
INV718252,2024-11-23,CUST0126,Brazil,P1005,Office Chair,4,86.55,346.2
INV301987,2024-12-01,CUST0210,Usa,P1004,Desk Lamp,2,22.38,44.76
INV104249,2024-03-17,CUST0348,Australia,P1013,Sticky Notes Pack,1,4.13,4.13
INV915181,2024-12-05,CUST0533,Usa,P1015,Winter Jacket,5,115.0,575.0
INV314384,2024-07-28,CUST0130,Germany,P1005,Office Chair,1,91.02,91.02
INV235349,2024-08-17,CUST0042,Uk,P1013,Sticky Notes Pack,1,4.19,4.19
INV890905,2024-07-08,CUST0399,France,P1009,Backpack,2,47.03,94.06
INV604595,2023-01-01,CUST0288,Brazil,P1004,Desk Lamp,1,22.65,22.65
INV789284,2023-11-01,CUST0631,France,P1008,Water Bottle,3,11.7,35.1
INV394993,2023-01-01,CUST0665,India,P1011,Table Lamp,3,26.41,79.23
INV911291,2024-10-26,CUST0192,Canada,P1007,Yoga Mat,1,19.22,19.22
INV329015,2024-04-05,CUST0094,France,P1007,Yoga Mat,1,20.04,20.04
INV496873,2024-09-10,CUST0365,Usa,P1006,Coffee Mug,5,8.24,41.2
INV836024,2023-01-01,CUST0250,Uk,P1001,Wireless Mouse,3,15.98,47.94
INV809932,2024-09-28,CUST0019,Australia,P1010,Phone Case,4,9.64,38.56
INV513291,2023-06-22,CUST0373,Brazil,P1015,Winter Jacket,1,119.12,119.12
INV858623,2024-12-09,CUST0528,Australia,P1014,Running Shoes,1,64.81,64.81
INV275704,2024-04-10,CUST0400,Uk,P1002,Bluetooth Speaker,3,33.05,99.15
INV265127,2024-06-01,CUST0596,Australia,P1009,Backpack,5,46.82,234.1
INV916984,2024-09-30,CUST0097,Brazil,P1010,Phone Case,3,10.19,30.57
INV529014,2024-12-16,CUST0076,India,P1012,Gaming Headset,2,55.16,110.32
INV665575,2023-09-11,CUST0264,France,P1013,Sticky Notes Pack,5,4.25,21.25
INV334649,2024-03-06,CUST0630,India,P1002,Bluetooth Speaker,5,32.87,164.35
INV474173,2024-12-17,CUST0454,Canada,P1002,Bluetooth Speaker,5,33.19,165.95
INV622117,2024-08-30,CUST0049,France,P1006,Coffee Mug,2,8.59,17.18
INV572208,2024-12-29,CUST0328,Uk,P1009,Backpack,3,46.46,139.38
INV661329,2024-02-23,CUST0111,Canada,P1005,Office Chair,1,89.13,89.13
INV337570,2023-06-11,CUST0675,Canada,P1008,Water Bottle,3,11.96,35.88
INV242323,2024-04-15,CUST0681,Germany,P1002,Bluetooth Speaker,1,33.74,33.74
INV675523,2024-09-21,CUST0511,India,P1007,Yoga Mat,5,19.19,95.95
INV295037,2024-10-05,CUST0429,Germany,P1007,Yoga Mat,3,19.75,59.25
INV751117,2024-02-09,CUST0694,Germany,P1012,Gaming Headset,1,53.38,53.38
INV809124,2024-06-15,CUST0628,Usa,P1004,Desk Lamp,3,21.82,65.46
INV176090,2024-08-20,CUST0386,India,P1004,Desk Lamp,3,22.01,66.03
INV816676,2023-06-22,CUST0571,Canada,P1015,Winter Jacket,5,125.12,625.6
INV566926,2024-12-14,CUST0725,Uk,P1006,Coffee Mug,5,8.1,40.5
INV978357,2024-10-07,CUST0406,France,P1014,Running Shoes,4,62.59,250.36
INV155672,2024-11-21,CUST0536,France,P1007,Yoga Mat,1,20.34,20.34
INV706712,2023-07-16,CUST0713,India,P1001,Wireless Mouse,1,16.02,16.02
INV988397,2023-03-20,CUST0033,Germany,P1004,Desk Lamp,5,21.61,108.05
INV645811,2024-12-09,CUST0325,India,P1001,Wireless Mouse,2,16.42,32.84
INV292162,2024-01-26,CUST0450,Brazil,P1003,Notebook Set,5,6.49,32.45
INV159233,2024-09-27,CUST0636,Australia,P1009,Backpack,2,45.87,91.74
INV117230,2023-03-16,CUST0493,Canada,P1001,Wireless Mouse,4,15.99,63.96
INV870625,2023-08-15,CUST0052,Australia,P1014,Running Shoes,2,67.65,135.3
INV199707,2023-11-03,CUST0527,Uk,P1008,Water Bottle,1,11.58,11.58
INV261395,2023-01-01,CUST0349,France,P1008,Water Bottle,5,11.36,56.8
INV250885,2024-11-24,CUST0732,Germany,P1007,Yoga Mat,5,20.81,104.05
INV793931,2024-08-27,CUST0124,Australia,P1007,Yoga Mat,4,19.89,79.56
INV636026,2024-10-29,CUST0771,Brazil,P1005,Office Chair,1,92.62,92.62
INV828979,2024-06-28,CUST0608,Canada,P1004,Desk Lamp,4,21.37,85.48
INV235699,2024-05-17,CUST0028,Germany,P1015,Winter Jacket,5,117.91,589.55
INV745313,2023-01-01,CUST0478,France,P1010,Phone Case,4,10.13,40.52
INV262865,2024-04-20,CUST0555,India,P1014,Running Shoes,1,65.23,65.23
INV365774,2024-06-22,CUST0319,Brazil,P1002,Bluetooth Speaker,3,34.22,102.66
INV211565,2024-01-11,CUST0176,Usa,P1009,Backpack,5,43.17,215.85
INV305726,2024-09-16,CUST0621,Usa,P1001,Wireless Mouse,1,15.68,15.68
INV370599,2024-04-24,CUST0140,Australia,P1005,Office Chair,2,86.74,173.48
INV658922,2023-09-18,CUST0011,Usa,P1004,Desk Lamp,2,21.88,43.76
INV649192,2023-11-03,CUST0531,France,P1010,Phone Case,4,10.27,41.08
INV139560,2024-08-26,CUST0465,India,P1004,Desk Lamp,3,22.31,66.93
INV431312,2024-12-14,CUST0153,India,P1006,Coffee Mug,4,8.21,32.84
INV602257,2024-11-03,CUST0314,France,P1001,Wireless Mouse,1,16.68,16.68
INV907877,2023-12-01,CUST0195,Australia,P1003,Notebook Set,4,6.47,25.88
INV650932,2023-03-06,CUST0301,Australia,P1009,Backpack,1,47.1,47.1
INV454270,2024-09-10,CUST0034,Canada,P1008,Water Bottle,2,11.8,23.6
INV222516,2024-08-05,CUST0429,Germany,P1010,Phone Case,1,9.72,9.72
INV909713,2024-09-01,CUST0583,Australia,P1015,Winter Jacket,1,121.29,121.29
INV410406,2024-12-17,CUST0800,France,P1006,Coffee Mug,4,7.87,31.48
INV307705,2024-08-11,CUST0536,France,P1015,Winter Jacket,5,121.06,605.3
INV461919,2024-07-16,CUST0310,Usa,P1015,Winter Jacket,4,123.74,494.96
INV183199,2024-12-13,CUST0349,France,P1001,Wireless Mouse,5,15.31,76.55
INV475832,2024-11-08,CUST0214,Australia,P1015,Winter Jacket,4,122.09,488.36
INV451599,2023-10-30,CUST0469,France,P1006,Coffee Mug,5,8.02,40.1
INV734884,2024-09-27,CUST0434,Usa,P1004,Desk Lamp,1,22.13,22.13
INV439900,2024-08-15,CUST0344,Uk,P1013,Sticky Notes Pack,2,4.38,8.76
INV939138,2024-07-10,CUST0104,India,P1001,Wireless Mouse,4,16.72,66.88
INV758289,2024-08-02,CUST0755,Uk,P1012,Gaming Headset,4,57.35,229.4
INV952762,2024-08-08,CUST0159,France,P1014,Running Shoes,4,62.36,249.44
INV805056,2024-12-18,CUST0596,Australia,P1008,Water Bottle,2,10.94,21.88
INV391549,2024-09-08,CUST0754,Australia,P1003,Notebook Set,3,6.66,19.98
INV622555,2023-12-20,CUST0641,Australia,P1005,Office Chair,1,87.47,87.47
INV200567,2024-09-26,CUST0349,France,P1010,Phone Case,2,10.11,20.22
INV622352,2024-09-14,CUST0661,India,P1004,Desk Lamp,3,21.42,64.26
INV933566,2023-01-01,CUST0536,France,P1003,Notebook Set,3,6.95,20.85
INV221414,2023-03-27,CUST0356,Usa,P1009,Backpack,3,47.1,141.3
INV314887,2023-08-11,CUST0536,France,P1012,Gaming Headset,4,53.71,214.84
INV726539,2024-10-21,CUST0358,Germany,P1011,Table Lamp,1,26.77,26.77
INV523309,2024-12-22,CUST0136,Canada,P1014,Running Shoes,2,64.22,128.44
INV263904,2024-09-17,CUST0465,India,P1006,Coffee Mug,1,8.47,8.47
INV288118,2024-06-30,CUST0232,Brazil,P1011,Table Lamp,4,27.53,110.12
INV843862,2023-11-04,CUST0623,India,P1012,Gaming Headset,2,57.5,115.0
INV619603,2023-10-26,CUST0401,France,P1011,Table Lamp,1,27.52,27.52
INV832482,2023-01-01,CUST0057,Canada,P1014,Running Shoes,5,65.71,328.55
INV708517,2024-12-21,CUST0661,India,P1012,Gaming Headset,4,52.65,210.6
INV177464,2024-10-13,CUST0622,France,P1006,Coffee Mug,4,8.52,34.08
INV177773,2024-11-15,CUST0489,Brazil,P1002,Bluetooth Speaker,1,32.81,32.81
INV239078,2024-02-23,CUST0120,France,P1007,Yoga Mat,4,19.76,79.04
INV386838,2023-12-17,CUST0499,France,P1004,Desk Lamp,3,22.47,67.41
INV606996,2023-01-01,CUST0546,Australia,P1010,Phone Case,2,9.62,19.24
INV990067,2023-01-01,CUST0213,Australia,P1007,Yoga Mat,1,19.07,19.07
INV757525,2024-09-24,CUST0554,Uk,P1002,Bluetooth Speaker,1,35.43,35.43
INV406349,2024-12-23,CUST0525,Uk,P1015,Winter Jacket,5,117.39,586.95
INV235349,2024-08-17,CUST0042,Uk,P1011,Table Lamp,2,27.56,55.12
INV831493,2024-12-16,CUST0574,India,P1005,Office Chair,2,91.06,182.12
INV330401,2023-06-03,CUST0103,India,P1010,Phone Case,1,10.21,10.21
INV636924,2024-08-15,CUST0588,France,P1015,Winter Jacket,2,114.93,229.86
INV822319,2023-01-01,CUST0622,France,P1013,Sticky Notes Pack,3,4.44,13.32
INV245714,2024-10-26,CUST0212,India,P1006,Coffee Mug,3,8.13,24.39
INV229514,2024-12-15,CUST0536,France,P1002,Bluetooth Speaker,2,35.67,71.34
INV389902,2024-02-11,CUST0480,India,P1007,Yoga Mat,5,20.09,100.45
INV506070,2024-06-26,CUST0213,Australia,P1014,Running Shoes,3,62.1,186.3
INV981856,2024-11-22,CUST0497,Brazil,P1004,Desk Lamp,5,21.75,108.75
INV803814,2024-10-11,CUST0153,India,P1010,Phone Case,5,9.54,47.7
INV644221,2023-11-23,CUST0552,Germany,P1013,Sticky Notes Pack,2,4.36,8.72
INV764153,2024-12-14,CUST0558,Germany,P1014,Running Shoes,4,64.21,256.84
INV593939,2023-09-29,CUST0193,Uk,P1005,Office Chair,5,91.32,456.6
INV256883,2024-12-21,CUST0168,Australia,P1015,Winter Jacket,2,117.15,234.3
INV973512,2024-12-07,CUST0749,Germany,P1015,Winter Jacket,4,118.33,473.32
INV704224,2023-10-27,CUST0324,Canada,P1007,Yoga Mat,1,20.58,20.58
INV144415,2024-06-01,CUST0419,India,P1006,Coffee Mug,1,7.93,7.93
INV506051,2024-07-03,CUST0665,India,P1001,Wireless Mouse,4,15.84,63.36
INV469766,2024-02-20,CUST0331,Uk,P1013,Sticky Notes Pack,3,4.24,12.72
INV623630,2023-12-10,CUST0199,Brazil,P1007,Yoga Mat,1,20.49,20.49
INV639753,2024-10-01,CUST0453,Uk,P1003,Notebook Set,1,6.46,6.46
INV771757,2023-07-31,CUST0261,India,P1002,Bluetooth Speaker,5,35.16,175.8
INV225392,2024-08-25,CUST0086,France,P1008,Water Bottle,2,11.65,23.3
INV648336,2024-07-24,CUST0311,Uk,P1014,Running Shoes,2,67.75,135.5
INV534057,2023-04-22,CUST0546,Australia,P1001,Wireless Mouse,4,16.58,66.32
INV562121,2023-08-12,CUST0155,India,P1009,Backpack,5,43.05,215.25
INV129131,2023-10-09,CUST0702,India,P1001,Wireless Mouse,4,15.56,62.24
INV643830,2024-11-13,CUST0535,France,P1003,Notebook Set,5,6.85,34.25
INV841968,2024-04-06,CUST0092,Australia,P1014,Running Shoes,3,62.64,187.92
INV662587,2024-12-29,CUST0379,Usa,P1011,Table Lamp,2,28.67,57.34
INV188379,2023-09-17,CUST0694,Germany,P1003,Notebook Set,2,6.61,13.22
INV131503,2024-10-23,CUST0172,Germany,P1009,Backpack,3,44.07,132.21
INV643233,2024-08-12,CUST0315,Germany,P1005,Office Chair,1,88.07,88.07
INV958852,2024-09-22,CUST0564,Australia,P1010,Phone Case,1,9.67,9.67
INV142442,2024-08-25,CUST0788,India,P1002,Bluetooth Speaker,3,35.1,105.3
INV932938,2024-10-14,CUST0664,Uk,P1014,Running Shoes,5,66.77,333.85
INV776135,2024-05-21,CUST0228,France,P1011,Table Lamp,5,26.25,131.25
INV639244,2024-02-12,CUST0276,India,P1005,Office Chair,2,90.67,181.34
INV316665,2024-11-10,CUST0126,Brazil,P1013,Sticky Notes Pack,4,4.35,17.4
INV822319,2023-01-01,CUST0622,France,P1012,Gaming Headset,5,54.12,270.6
INV799714,2024-06-17,CUST0646,Usa,P1012,Gaming Headset,5,57.7,288.5
INV352460,2023-11-09,CUST0623,India,P1004,Desk Lamp,1,21.04,21.04
INV657510,2024-08-03,CUST0027,Usa,P1015,Winter Jacket,4,116.8,467.2
INV652554,2023-11-06,CUST0044,France,P1005,Office Chair,4,92.5,370.0
INV893743,2023-08-02,CUST0113,Germany,P1011,Table Lamp,3,27.88,83.64
INV602141,2023-01-01,CUST0382,Germany,P1006,Coffee Mug,4,8.57,34.28
INV776402,2024-07-07,CUST0032,Brazil,P1015,Winter Jacket,5,119.8,599.0
INV575475,2023-08-21,CUST0076,India,P1013,Sticky Notes Pack,5,4.46,22.3
INV577790,2023-01-01,CUST0688,Usa,P1010,Phone Case,1,10.26,10.26
INV707933,2023-01-01,CUST0096,Uk,P1009,Backpack,5,43.95,219.75
INV978357,2024-10-07,CUST0406,France,P1010,Phone Case,1,9.92,9.92
INV393701,2024-05-08,CUST0538,France,P1004,Desk Lamp,2,21.27,42.54
INV962528,2024-08-08,CUST0773,France,P1007,Yoga Mat,3,19.33,57.99
INV721064,2024-12-29,CUST0245,Germany,P1014,Running Shoes,4,66.57,266.28
INV690487,2024-10-11,CUST0358,Germany,P1003,Notebook Set,1,6.48,6.48
INV568441,2024-11-27,CUST0616,Canada,P1004,Desk Lamp,5,22.42,112.1
INV511306,2023-03-10,CUST0637,France,P1013,Sticky Notes Pack,2,4.2,8.4
INV734584,2024-11-26,CUST0226,Brazil,P1010,Phone Case,5,10.15,50.75
INV586980,2023-05-28,CUST0479,Germany,P1006,Coffee Mug,5,8.18,40.9
INV416152,2024-11-10,CUST0717,Brazil,P1008,Water Bottle,1,11.29,11.29
INV630879,2024-12-21,CUST0661,India,P1008,Water Bottle,3,12.03,36.09
INV931620,2023-11-12,CUST0444,Germany,P1005,Office Chair,1,91.97,91.97
INV465308,2023-05-17,CUST0495,Canada,P1006,Coffee Mug,3,7.92,23.76
INV876424,2024-06-30,CUST0389,Uk,P1008,Water Bottle,4,10.96,43.84
INV436162,2024-06-25,CUST0442,Usa,P1014,Running Shoes,2,62.87,125.74
INV896140,2023-07-07,CUST0678,Germany,P1007,Yoga Mat,2,19.16,38.32
INV490735,2023-10-21,CUST0203,Australia,P1006,Coffee Mug,4,8.64,34.56
INV249798,2024-06-25,CUST0028,Germany,P1003,Notebook Set,3,6.47,19.41
INV818722,2024-11-14,CUST0522,Germany,P1002,Bluetooth Speaker,1,33.24,33.24
INV274605,2024-09-11,CUST0626,Germany,P1012,Gaming Headset,1,53.08,53.08
INV637755,2024-10-02,CUST0570,Brazil,P1006,Coffee Mug,5,8.03,40.15
INV649894,2024-12-24,CUST0429,Germany,P1013,Sticky Notes Pack,5,4.41,22.05
INV513189,2024-12-01,CUST0664,Uk,P1012,Gaming Headset,5,56.53,282.65
INV744160,2024-06-29,CUST0580,France,P1002,Bluetooth Speaker,4,35.63,142.52
INV758308,2024-08-22,CUST0176,Usa,P1002,Bluetooth Speaker,4,35.71,142.84
INV479198,2024-11-09,CUST0343,Usa,P1004,Desk Lamp,2,22.73,45.46
INV122410,2023-11-04,CUST0582,Canada,P1001,Wireless Mouse,1,16.18,16.18
INV602766,2024-12-04,CUST0462,France,P1014,Running Shoes,4,68.23,272.92
INV522526,2023-07-10,CUST0590,Brazil,P1001,Wireless Mouse,2,16.71,33.42
INV680878,2023-02-24,CUST0541,Usa,P1004,Desk Lamp,1,21.39,21.39
INV684265,2024-09-09,CUST0596,Australia,P1014,Running Shoes,2,66.41,132.82
INV187454,2023-10-21,CUST0405,Germany,P1008,Water Bottle,1,11.55,11.55
INV729040,2024-11-14,CUST0522,Germany,P1011,Table Lamp,3,26.76,80.28
INV282239,2024-12-16,CUST0185,Canada,P1011,Table Lamp,5,28.56,142.8
INV446020,2024-08-25,CUST0545,Canada,P1005,Office Chair,4,89.44,357.76
INV642552,2023-09-14,CUST0014,Uk,P1009,Backpack,4,44.68,178.72
INV264872,2024-09-20,CUST0096,Uk,P1011,Table Lamp,2,28.09,56.18
INV735396,2024-07-01,CUST0785,India,P1014,Running Shoes,1,66.85,66.85
INV108172,2024-08-31,CUST0505,Uk,P1008,Water Bottle,4,11.08,44.32
INV781739,2024-11-03,CUST0551,Brazil,P1004,Desk Lamp,1,21.19,21.19
INV595212,2023-01-01,CUST0004,India,P1005,Office Chair,1,92.47,92.47
INV537413,2024-05-24,CUST0533,Usa,P1015,Winter Jacket,4,119.6,478.4
INV617155,2023-11-23,CUST0552,Germany,P1001,Wireless Mouse,5,16.15,80.75
INV488079,2024-12-25,CUST0655,Uk,P1011,Table Lamp,4,26.54,106.16
INV708320,2023-01-01,CUST0670,Brazil,P1002,Bluetooth Speaker,5,35.7,178.5
INV950161,2024-08-17,CUST0661,India,P1011,Table Lamp,2,26.45,52.9
INV769112,2024-06-20,CUST0627,Australia,P1006,Coffee Mug,5,8.33,41.65
INV453480,2024-07-21,CUST0382,Germany,P1010,Phone Case,3,10.04,30.12
INV560514,2024-12-03,CUST0333,Canada,P1001,Wireless Mouse,4,15.64,62.56
INV126296,2024-05-25,CUST0199,Brazil,P1013,Sticky Notes Pack,1,4.39,4.39
INV279374,2024-03-30,CUST0795,Australia,P1014,Running Shoes,2,66.79,133.58
INV872268,2023-01-01,CUST0493,Canada,P1012,Gaming Headset,2,53.2,106.4
INV203520,2024-12-16,CUST0240,France,P1013,Sticky Notes Pack,1,4.23,4.23
INV173840,2024-11-09,CUST0143,Germany,P1007,Yoga Mat,2,20.0,40.0
INV890905,2024-07-08,CUST0399,France,P1003,Notebook Set,1,6.93,6.93
INV296712,2024-12-14,CUST0630,India,P1001,Wireless Mouse,1,15.79,15.79
INV716153,2023-12-06,CUST0646,Usa,P1001,Wireless Mouse,5,16.65,83.25
INV857348,2024-10-20,CUST0028,Germany,P1012,Gaming Headset,1,56.93,56.93
INV793931,2024-08-27,CUST0124,Australia,P1013,Sticky Notes Pack,3,4.09,12.27
INV908433,2023-03-21,CUST0454,Canada,P1004,Desk Lamp,5,22.45,112.25
INV110256,2024-03-09,CUST0355,France,P1013,Sticky Notes Pack,3,4.37,13.11
INV245235,2024-10-22,CUST0241,India,P1010,Phone Case,1,9.8,9.8
INV710214,2024-01-03,CUST0728,Uk,P1007,Yoga Mat,3,20.93,62.79
INV103892,2024-12-16,CUST0252,Australia,P1004,Desk Lamp,2,22.88,45.76
INV337508,2024-02-08,CUST0001,Germany,P1013,Sticky Notes Pack,5,4.18,20.9
INV680096,2024-05-25,CUST0130,Germany,P1015,Winter Jacket,4,117.13,468.52
INV555934,2024-02-02,CUST0531,France,P1001,Wireless Mouse,5,15.38,76.9
INV530081,2024-09-29,CUST0691,Germany,P1011,Table Lamp,3,26.45,79.35
INV116817,2024-04-30,CUST0238,Germany,P1009,Backpack,5,45.13,225.65
INV665037,2023-01-01,CUST0176,Usa,P1001,Wireless Mouse,2,15.24,30.48
INV709201,2024-02-03,CUST0282,Canada,P1001,Wireless Mouse,3,16.59,49.77
INV596650,2024-09-05,CUST0343,Usa,P1008,Water Bottle,4,11.65,46.6
INV188622,2024-03-19,CUST0474,Usa,P1013,Sticky Notes Pack,5,4.22,21.1
INV161164,2023-06-10,CUST0482,India,P1008,Water Bottle,3,10.94,32.82
INV943583,2023-02-10,CUST0174,India,P1005,Office Chair,4,94.4,377.6
INV594719,2023-03-23,CUST0678,Germany,P1014,Running Shoes,5,63.29,316.45
INV472903,2024-11-21,CUST0761,Brazil,P1009,Backpack,4,42.94,171.76
INV118042,2023-12-04,CUST0771,Brazil,P1009,Backpack,2,44.56,89.12
INV475405,2024-10-11,CUST0501,France,P1001,Wireless Mouse,2,16.34,32.68
INV483106,2023-02-24,CUST0596,Australia,P1004,Desk Lamp,5,22.47,112.35
INV652035,2023-10-29,CUST0001,Germany,P1012,Gaming Headset,3,55.79,167.37
INV463901,2024-01-14,CUST0302,Usa,P1001,Wireless Mouse,4,16.3,65.2
INV725437,2024-07-19,CUST0723,Australia,P1002,Bluetooth Speaker,3,34.39,103.17
INV975335,2023-09-28,CUST0113,Germany,P1006,Coffee Mug,1,7.96,7.96
INV294006,2024-09-08,CUST0098,Australia,P1003,Notebook Set,3,6.92,20.76
INV619928,2023-01-01,CUST0130,Germany,P1013,Sticky Notes Pack,4,4.36,17.44
INV747704,2024-05-22,CUST0371,Australia,P1006,Coffee Mug,1,8.49,8.49
INV388736,2024-10-17,CUST0635,France,P1005,Office Chair,5,86.49,432.45
INV504729,2023-01-01,CUST0432,Australia,P1003,Notebook Set,4,7.02,28.08
INV701733,2024-06-29,CUST0682,Usa,P1006,Coffee Mug,5,8.24,41.2
INV315947,2024-07-02,CUST0612,Germany,P1002,Bluetooth Speaker,4,35.26,141.04
INV950161,2024-08-17,CUST0661,India,P1015,Winter Jacket,3,124.53,373.59
INV655765,2023-06-21,CUST0343,Usa,P1006,Coffee Mug,3,7.84,23.52
INV286222,2024-12-28,CUST0141,Germany,P1015,Winter Jacket,3,123.03,369.09
INV778915,2024-05-21,CUST0700,India,P1006,Coffee Mug,2,7.89,15.78
INV159065,2024-03-04,CUST0135,India,P1006,Coffee Mug,3,8.26,24.78
INV883959,2024-10-09,CUST0167,Usa,P1002,Bluetooth Speaker,3,34.56,103.68
INV607863,2023-03-05,CUST0271,Australia,P1005,Office Chair,4,87.1,348.4
INV311579,2023-12-20,CUST0487,France,P1008,Water Bottle,2,10.95,21.9
INV433000,2023-08-13,CUST0590,Brazil,P1003,Notebook Set,4,7.0,28.0
INV949504,2023-10-20,CUST0555,India,P1013,Sticky Notes Pack,5,4.18,20.9
INV649247,2024-09-10,CUST0774,India,P1012,Gaming Headset,2,56.5,113.0
INV566026,2024-07-15,CUST0725,Uk,P1015,Winter Jacket,1,115.52,115.52
INV985684,2024-01-16,CUST0699,Germany,P1011,Table Lamp,1,28.81,28.81
INV663938,2024-07-29,CUST0102,Usa,P1001,Wireless Mouse,5,15.52,77.6
INV943583,2023-02-10,CUST0174,India,P1006,Coffee Mug,1,7.88,7.88
INV997163,2024-12-13,CUST0637,France,P1006,Coffee Mug,5,8.64,43.2
INV675441,2024-03-11,CUST0418,Brazil,P1006,Coffee Mug,3,8.45,25.35
INV245460,2024-12-20,CUST0093,France,P1014,Running Shoes,4,61.98,247.92
INV120509,2024-06-03,CUST0212,India,P1005,Office Chair,4,93.14,372.56
INV787578,2024-12-29,CUST0228,France,P1015,Winter Jacket,1,117.72,117.72
INV783023,2024-09-05,CUST0453,Uk,P1010,Phone Case,3,9.55,28.65
INV405293,2024-08-08,CUST0388,Canada,P1003,Notebook Set,2,6.77,13.54
INV910570,2024-12-12,CUST0136,Canada,P1001,Wireless Mouse,3,16.01,48.03
INV632881,2024-05-15,CUST0791,Germany,P1003,Notebook Set,1,6.64,6.64
INV749265,2023-08-20,CUST0425,Brazil,P1004,Desk Lamp,4,22.84,91.36
INV359641,2024-12-07,CUST0107,France,P1004,Desk Lamp,3,21.53,64.59
INV966748,2023-10-04,CUST0725,Uk,P1002,Bluetooth Speaker,1,36.19,36.19
INV263232,2023-01-01,CUST0678,Germany,P1002,Bluetooth Speaker,2,34.74,69.48
INV717674,2023-01-01,CUST0103,India,P1002,Bluetooth Speaker,5,36.08,180.4
INV466252,2024-07-26,CUST0238,Germany,P1010,Phone Case,5,9.81,49.05
INV497625,2023-11-12,CUST0204,Australia,P1003,Notebook Set,4,6.64,26.56
INV922175,2024-08-08,CUST0072,Germany,P1003,Notebook Set,2,6.66,13.32
INV935212,2024-07-18,CUST0006,France,P1004,Desk Lamp,1,21.45,21.45
INV637225,2023-01-01,CUST0694,Germany,P1011,Table Lamp,5,27.62,138.1
INV895604,2024-11-19,CUST0228,France,P1008,Water Bottle,2,11.61,23.22
INV849385,2023-12-31,CUST0228,France,P1008,Water Bottle,4,11.03,44.12
INV389802,2024-07-23,CUST0769,Canada,P1005,Office Chair,4,94.14,376.56
INV106017,2024-12-19,CUST0273,India,P1004,Desk Lamp,4,21.33,85.32
INV899725,2024-03-07,CUST0235,India,P1005,Office Chair,5,93.09,465.45
INV316707,2024-12-23,CUST0230,India,P1005,Office Chair,3,90.23,270.69
INV434693,2024-11-05,CUST0545,Canada,P1012,Gaming Headset,4,54.41,217.64
INV142083,2024-07-24,CUST0259,Usa,P1014,Running Shoes,4,67.21,268.84
INV489415,2023-01-01,CUST0349,France,P1004,Desk Lamp,1,22.3,22.3
INV136259,2024-02-07,CUST0411,France,P1002,Bluetooth Speaker,5,33.16,165.8
INV364074,2024-01-08,CUST0357,Canada,P1005,Office Chair,3,89.54,268.62
INV692210,2024-09-12,CUST0677,France,P1012,Gaming Headset,5,53.83,269.15
INV540176,2024-11-05,CUST0333,Canada,P1009,Backpack,3,44.65,133.95
INV810104,2024-07-04,CUST0311,Uk,P1013,Sticky Notes Pack,2,4.19,8.38
INV704577,2023-03-21,CUST0238,Germany,P1005,Office Chair,1,86.83,86.83
INV301134,2024-09-25,CUST0711,Canada,P1010,Phone Case,1,10.39,10.39
INV758093,2024-08-03,CUST0064,Brazil,P1010,Phone Case,4,9.86,39.44
INV104038,2024-04-11,CUST0315,Germany,P1011,Table Lamp,3,28.63,85.89
INV695296,2023-12-22,CUST0540,Australia,P1014,Running Shoes,3,64.27,192.81
INV841576,2024-12-05,CUST0219,Canada,P1015,Winter Jacket,2,122.74,245.48
INV732228,2024-01-28,CUST0052,Australia,P1012,Gaming Headset,4,52.93,211.72
INV117295,2023-01-01,CUST0315,Germany,P1015,Winter Jacket,4,116.06,464.24
INV433025,2024-11-01,CUST0753,Canada,P1010,Phone Case,4,10.04,40.16
INV234124,2023-01-01,CUST0006,France,P1001,Wireless Mouse,3,16.43,49.29
INV186766,2024-09-25,CUST0213,Australia,P1015,Winter Jacket,4,116.36,465.44
INV635432,2023-08-04,CUST0454,Canada,P1009,Backpack,2,43.6,87.2
INV604595,2023-01-01,CUST0288,Brazil,P1008,Water Bottle,1,11.61,11.61
INV529351,2024-04-01,CUST0787,Uk,P1015,Winter Jacket,3,120.15,360.45
INV952743,2023-09-12,CUST0389,Uk,P1004,Desk Lamp,2,21.1,42.2
INV281059,2024-03-01,CUST0675,Canada,P1014,Running Shoes,1,64.64,64.64
INV522763,2024-12-06,CUST0479,Germany,P1012,Gaming Headset,2,54.6,109.2
INV490697,2024-04-28,CUST0663,Australia,P1014,Running Shoes,4,66.73,266.92
INV165420,2023-01-01,CUST0699,Germany,P1006,Coffee Mug,5,7.87,39.35
INV386574,2024-10-15,CUST0176,Usa,P1004,Desk Lamp,4,21.76,87.04
INV418199,2024-12-20,CUST0358,Germany,P1014,Running Shoes,2,64.78,129.56
INV357032,2024-08-25,CUST0194,Canada,P1015,Winter Jacket,5,117.48,587.4
INV607822,2024-11-14,CUST0226,Brazil,P1008,Water Bottle,5,11.71,58.55
INV714967,2024-08-28,CUST0496,Australia,P1013,Sticky Notes Pack,4,4.29,17.16
INV909500,2023-01-01,CUST0260,Canada,P1008,Water Bottle,2,11.18,22.36
INV746459,2023-12-10,CUST0057,Canada,P1006,Coffee Mug,2,8.38,16.76
INV248934,2024-10-15,CUST0748,Germany,P1006,Coffee Mug,4,8.34,33.36
INV777002,2024-01-26,CUST0143,Germany,P1003,Notebook Set,4,6.8,27.2
INV602766,2024-12-04,CUST0462,France,P1002,Bluetooth Speaker,3,35.55,106.65
INV257480,2023-01-01,CUST0301,Australia,P1010,Phone Case,5,10.23,51.15
INV417097,2024-12-16,CUST0661,India,P1013,Sticky Notes Pack,5,4.15,20.75
INV371369,2023-01-01,CUST0699,Germany,P1002,Bluetooth Speaker,2,34.45,68.9
INV808748,2024-09-24,CUST0557,India,P1004,Desk Lamp,5,21.86,109.3
INV235504,2023-01-01,CUST0536,France,P1010,Phone Case,5,10.13,50.65
INV962577,2024-12-10,CUST0560,Canada,P1007,Yoga Mat,5,20.42,102.1
INV986895,2023-08-04,CUST0519,France,P1006,Coffee Mug,5,8.33,41.65
INV227419,2024-11-25,CUST0570,Brazil,P1015,Winter Jacket,3,124.4,373.2
INV191485,2024-07-11,CUST0515,France,P1007,Yoga Mat,4,20.16,80.64
INV776402,2024-07-07,CUST0032,Brazil,P1005,Office Chair,4,94.47,377.88
INV968484,2024-08-18,CUST0631,France,P1001,Wireless Mouse,1,15.41,15.41
INV586953,2024-08-16,CUST0099,Brazil,P1007,Yoga Mat,3,20.65,61.95
INV705527,2023-06-22,CUST0221,France,P1002,Bluetooth Speaker,3,34.23,102.69
INV319684,2024-11-28,CUST0229,Brazil,P1014,Running Shoes,4,68.05,272.2
INV877090,2023-01-01,CUST0657,Uk,P1015,Winter Jacket,4,116.56,466.24
INV847784,2024-12-05,CUST0546,Australia,P1003,Notebook Set,1,6.89,6.89
INV362074,2024-09-27,CUST0419,India,P1008,Water Bottle,5,11.16,55.8
INV901103,2024-10-01,CUST0439,France,P1015,Winter Jacket,3,114.42,343.26
INV552807,2024-12-22,CUST0467,India,P1010,Phone Case,5,10.2,51.0
INV369361,2023-01-01,CUST0652,Uk,P1009,Backpack,3,43.6,130.8
INV853485,2023-01-01,CUST0687,France,P1002,Bluetooth Speaker,2,33.01,66.02
INV733713,2024-07-16,CUST0239,Canada,P1004,Desk Lamp,3,22.19,66.57
INV542440,2024-04-07,CUST0266,Australia,P1004,Desk Lamp,4,23.05,92.2
INV305557,2023-07-31,CUST0444,Germany,P1003,Notebook Set,4,6.76,27.04
INV811876,2024-10-08,CUST0218,Australia,P1015,Winter Jacket,4,122.83,491.32
INV734200,2023-11-18,CUST0245,Germany,P1005,Office Chair,2,87.81,175.62
INV459529,2023-10-19,CUST0003,Australia,P1002,Bluetooth Speaker,5,35.92,179.6
INV455910,2024-10-16,CUST0360,Canada,P1008,Water Bottle,1,11.17,11.17
INV680096,2024-05-25,CUST0130,Germany,P1011,Table Lamp,2,27.21,54.42
INV311773,2023-11-15,CUST0587,Canada,P1014,Running Shoes,3,63.75,191.25
INV248510,2023-12-07,CUST0401,France,P1007,Yoga Mat,3,20.86,62.58
INV453667,2023-11-13,CUST0679,Uk,P1013,Sticky Notes Pack,4,4.05,16.2
INV256883,2024-12-21,CUST0168,Australia,P1013,Sticky Notes Pack,4,4.21,16.84
INV240552,2024-06-13,CUST0355,France,P1009,Backpack,3,46.48,139.44
INV764153,2024-12-14,CUST0558,Germany,P1007,Yoga Mat,4,20.84,83.36
INV665773,2024-11-24,CUST0608,Canada,P1009,Backpack,3,43.96,131.88
INV572222,2024-10-06,CUST0210,Usa,P1012,Gaming Headset,3,56.79,170.37
INV621104,2024-10-12,CUST0461,India,P1006,Coffee Mug,3,8.64,25.92
INV267543,2024-07-28,CUST0274,Germany,P1010,Phone Case,4,9.8,39.2
INV121035,2024-12-24,CUST0163,Australia,P1008,Water Bottle,3,11.34,34.02
INV894955,2023-01-01,CUST0725,Uk,P1003,Notebook Set,5,6.58,32.9
INV344907,2024-11-26,CUST0453,Uk,P1002,Bluetooth Speaker,2,36.18,72.36
INV923904,2024-05-12,CUST0625,Australia,P1006,Coffee Mug,3,8.21,24.63
INV196613,2023-08-09,CUST0505,Uk,P1004,Desk Lamp,2,22.02,44.04
INV427795,2024-09-02,CUST0366,India,P1007,Yoga Mat,5,20.92,104.6
INV425447,2024-01-21,CUST0018,Usa,P1010,Phone Case,4,9.73,38.92
INV120420,2024-11-11,CUST0245,Germany,P1009,Backpack,5,44.55,222.75
INV397465,2024-10-11,CUST0621,Usa,P1015,Winter Jacket,4,117.29,469.16
INV778915,2024-05-21,CUST0700,India,P1015,Winter Jacket,3,115.52,346.56
INV800121,2024-07-01,CUST0595,Usa,P1013,Sticky Notes Pack,2,4.4,8.8
INV884505,2023-07-26,CUST0090,Canada,P1005,Office Chair,2,87.63,175.26
INV219522,2023-07-12,CUST0098,Australia,P1004,Desk Lamp,5,22.52,112.6
INV142952,2023-01-17,CUST0686,Canada,P1015,Winter Jacket,5,118.4,592.0
INV164124,2024-02-24,CUST0627,Australia,P1001,Wireless Mouse,2,15.78,31.56
INV945549,2024-06-10,CUST0756,Canada,P1003,Notebook Set,4,6.83,27.32
INV233567,2024-05-24,CUST0539,France,P1013,Sticky Notes Pack,3,4.24,12.72
INV485603,2023-12-27,CUST0086,France,P1002,Bluetooth Speaker,1,34.94,34.94
INV176090,2024-08-20,CUST0386,India,P1015,Winter Jacket,3,115.9,347.7
INV560149,2024-09-12,CUST0709,France,P1005,Office Chair,3,90.39,271.17
INV264066,2024-06-02,CUST0149,Brazil,P1013,Sticky Notes Pack,2,4.11,8.22
INV446576,2024-11-09,CUST0555,India,P1006,Coffee Mug,5,8.6,43.0
INV599495,2024-12-20,CUST0289,France,P1004,Desk Lamp,3,22.14,66.42
INV315289,2024-12-20,CUST0350,France,P1010,Phone Case,2,9.71,19.42
INV516990,2023-09-13,CUST0543,India,P1011,Table Lamp,5,28.2,141.0
INV636501,2024-06-07,CUST0350,France,P1009,Backpack,2,45.86,91.72
INV243114,2024-08-25,CUST0709,France,P1002,Bluetooth Speaker,4,35.85,143.4
INV673434,2024-09-11,CUST0655,Uk,P1002,Bluetooth Speaker,3,34.93,104.79
INV416000,2024-07-27,CUST0605,France,P1010,Phone Case,5,9.7,48.5
INV692935,2024-08-28,CUST0688,Usa,P1002,Bluetooth Speaker,3,34.15,102.45
INV817193,2023-01-01,CUST0665,India,P1005,Office Chair,2,88.57,177.14
INV779989,2024-08-29,CUST0732,Germany,P1003,Notebook Set,3,6.73,20.19
INV231908,2024-03-13,CUST0066,Brazil,P1006,Coffee Mug,5,8.24,41.2
INV458801,2024-08-17,CUST0644,Germany,P1004,Desk Lamp,4,22.1,88.4
INV761534,2024-10-10,CUST0096,Uk,P1010,Phone Case,1,10.18,10.18
INV741447,2023-01-01,CUST0694,Germany,P1011,Table Lamp,3,26.53,79.59
INV561988,2024-02-10,CUST0715,France,P1009,Backpack,4,44.81,179.24
INV333876,2024-11-24,CUST0381,Germany,P1012,Gaming Headset,4,53.89,215.56
INV331729,2024-07-10,CUST0451,Uk,P1002,Bluetooth Speaker,3,33.17,99.51
INV871693,2024-12-13,CUST0325,India,P1008,Water Bottle,1,11.23,11.23
INV309611,2024-12-22,CUST0107,France,P1001,Wireless Mouse,5,16.59,82.95
INV187454,2023-10-21,CUST0405,Germany,P1011,Table Lamp,2,27.02,54.04
INV684736,2024-03-31,CUST0252,Australia,P1007,Yoga Mat,4,19.69,78.76
INV233052,2024-12-28,CUST0694,Germany,P1003,Notebook Set,2,6.88,13.76
INV276226,2023-09-24,CUST0684,Usa,P1011,Table Lamp,2,27.95,55.9
INV920638,2024-09-09,CUST0681,Germany,P1010,Phone Case,5,10.29,51.45
INV554094,2024-02-08,CUST0753,Canada,P1011,Table Lamp,5,27.03,135.15
INV926451,2024-04-18,CUST0177,France,P1008,Water Bottle,2,11.91,23.82
INV150176,2024-05-07,CUST0362,Brazil,P1006,Coffee Mug,1,8.55,8.55
INV914407,2023-06-03,CUST0752,India,P1013,Sticky Notes Pack,5,4.08,20.4
INV999719,2024-01-11,CUST0039,Usa,P1009,Backpack,2,45.0,90.0
INV798959,2024-09-09,CUST0583,Australia,P1001,Wireless Mouse,2,16.62,33.24
INV529838,2023-07-17,CUST0212,India,P1001,Wireless Mouse,4,16.51,66.04
INV860748,2024-09-15,CUST0542,Australia,P1010,Phone Case,4,10.24,40.96
INV161164,2023-06-10,CUST0482,India,P1001,Wireless Mouse,5,15.34,76.7
INV693406,2024-02-22,CUST0126,Brazil,P1001,Wireless Mouse,3,16.74,50.22
INV158577,2024-04-16,CUST0169,Brazil,P1007,Yoga Mat,1,19.48,19.48
INV826931,2023-07-05,CUST0505,Uk,P1015,Winter Jacket,4,116.11,464.44
INV261647,2024-03-03,CUST0258,Uk,P1015,Winter Jacket,4,115.56,462.24
INV936849,2023-10-31,CUST0342,Germany,P1004,Desk Lamp,4,21.05,84.2
INV889750,2024-08-27,CUST0564,Australia,P1015,Winter Jacket,1,121.98,121.98
INV610892,2024-10-23,CUST0736,Uk,P1005,Office Chair,2,90.67,181.34
INV326525,2024-12-15,CUST0055,Brazil,P1011,Table Lamp,1,26.35,26.35
INV877545,2024-02-10,CUST0793,France,P1002,Bluetooth Speaker,2,33.06,66.12
INV944673,2024-12-18,CUST0146,Uk,P1005,Office Chair,2,91.44,182.88
INV336706,2024-07-03,CUST0027,Usa,P1007,Yoga Mat,3,20.06,60.18
INV494629,2024-10-27,CUST0460,Uk,P1002,Bluetooth Speaker,4,33.14,132.56
INV792687,2024-05-14,CUST0109,Australia,P1004,Desk Lamp,5,22.14,110.7
INV552424,2024-10-21,CUST0048,Australia,P1014,Running Shoes,1,63.2,63.2
INV856723,2024-11-14,CUST0652,Uk,P1010,Phone Case,2,10.21,20.42
INV261237,2023-10-06,CUST0631,France,P1006,Coffee Mug,5,8.26,41.3
INV815020,2024-07-12,CUST0081,Germany,P1012,Gaming Headset,1,52.57,52.57
INV628468,2024-04-07,CUST0612,Germany,P1009,Backpack,4,46.84,187.36
INV552196,2024-11-21,CUST0536,France,P1011,Table Lamp,1,27.88,27.88
INV316117,2024-06-15,CUST0006,France,P1011,Table Lamp,3,27.83,83.49
INV906251,2023-10-11,CUST0342,Germany,P1011,Table Lamp,4,26.29,105.16
INV571013,2024-12-30,CUST0213,Australia,P1009,Backpack,2,44.55,89.1
INV337567,2024-03-29,CUST0730,Usa,P1001,Wireless Mouse,2,16.1,32.2
INV724928,2024-12-19,CUST0589,Usa,P1008,Water Bottle,3,11.51,34.53
INV972359,2024-12-04,CUST0794,Australia,P1004,Desk Lamp,3,22.28,66.84
INV213797,2024-12-13,CUST0192,Canada,P1004,Desk Lamp,5,20.98,104.9
INV229514,2024-12-15,CUST0536,France,P1012,Gaming Headset,4,54.5,218.0
INV444251,2024-10-28,CUST0693,France,P1002,Bluetooth Speaker,1,34.99,34.99
INV190001,2024-12-19,CUST0692,Canada,P1015,Winter Jacket,4,116.04,464.16
INV344862,2023-01-01,CUST0453,Uk,P1001,Wireless Mouse,3,15.33,45.99
INV363149,2024-09-08,CUST0096,Uk,P1011,Table Lamp,2,27.37,54.74
INV849657,2023-01-23,CUST0657,Uk,P1012,Gaming Headset,4,53.6,214.4
INV796536,2024-12-04,CUST0345,France,P1012,Gaming Headset,3,54.27,162.81
INV864490,2024-05-24,CUST0479,Germany,P1009,Backpack,4,45.93,183.72
INV717327,2024-11-01,CUST0154,Germany,P1003,Notebook Set,1,6.96,6.96
INV257980,2024-01-19,CUST0636,Australia,P1005,Office Chair,1,88.56,88.56
INV797492,2023-10-12,CUST0433,Usa,P1014,Running Shoes,5,64.02,320.1
INV283849,2024-05-01,CUST0611,India,P1008,Water Bottle,4,11.15,44.6
INV956600,2023-01-01,CUST0454,Canada,P1001,Wireless Mouse,2,15.38,30.76
INV799026,2023-01-01,CUST0301,Australia,P1015,Winter Jacket,1,122.93,122.93
INV350128,2024-05-14,CUST0076,India,P1011,Table Lamp,1,26.24,26.24
INV508709,2024-09-04,CUST0423,Usa,P1007,Yoga Mat,5,19.9,99.5
INV917807,2023-05-05,CUST0135,India,P1013,Sticky Notes Pack,2,4.07,8.14
INV981480,2024-10-29,CUST0482,India,P1015,Winter Jacket,5,119.14,595.7
INV508499,2024-11-16,CUST0210,Usa,P1012,Gaming Headset,5,53.73,268.65
INV456884,2024-08-10,CUST0378,India,P1005,Office Chair,2,87.83,175.66
INV734200,2023-11-18,CUST0245,Germany,P1006,Coffee Mug,4,7.98,31.92
INV621585,2024-06-29,CUST0114,Brazil,P1007,Yoga Mat,2,20.65,41.3
INV444144,2024-12-02,CUST0208,Usa,P1001,Wireless Mouse,4,16.0,64.0
INV202281,2024-05-16,CUST0561,Canada,P1001,Wireless Mouse,2,16.17,32.34
INV690487,2024-10-11,CUST0358,Germany,P1005,Office Chair,3,85.53,256.59
INV682960,2024-09-09,CUST0319,Brazil,P1011,Table Lamp,2,27.61,55.22
INV387268,2024-10-06,CUST0091,Brazil,P1012,Gaming Headset,5,53.56,267.8
INV454684,2024-02-13,CUST0754,Australia,P1002,Bluetooth Speaker,3,33.76,101.28
INV722584,2023-09-07,CUST0704,France,P1008,Water Bottle,5,11.27,56.35
INV948293,2024-02-04,CUST0755,Uk,P1011,Table Lamp,2,28.77,57.54
INV774465,2024-11-11,CUST0623,India,P1010,Phone Case,3,9.87,29.61
INV609642,2024-06-30,CUST0436,Brazil,P1011,Table Lamp,3,28.56,85.68
INV301515,2024-04-07,CUST0194,Canada,P1007,Yoga Mat,5,20.67,103.35
INV591594,2024-11-19,CUST0760,France,P1005,Office Chair,3,88.99,266.97
INV704704,2023-09-30,CUST0367,Usa,P1002,Bluetooth Speaker,5,36.16,180.8
INV864790,2023-11-13,CUST0500,Brazil,P1009,Backpack,4,46.22,184.88
INV113165,2024-01-27,CUST0213,Australia,P1008,Water Bottle,1,11.72,11.72
INV822514,2024-07-28,CUST0792,Usa,P1014,Running Shoes,3,62.26,186.78
INV856723,2024-11-14,CUST0652,Uk,P1012,Gaming Headset,3,57.39,172.17
INV719097,2023-10-18,CUST0022,Usa,P1011,Table Lamp,3,28.13,84.39
INV989334,2024-12-03,CUST0610,France,P1012,Gaming Headset,5,54.49,272.45
INV363619,2024-08-27,CUST0669,India,P1001,Wireless Mouse,1,15.22,15.22
INV761534,2024-10-10,CUST0096,Uk,P1002,Bluetooth Speaker,5,33.33,166.65
INV845425,2023-09-11,CUST0129,India,P1004,Desk Lamp,2,20.98,41.96
INV313581,2024-10-31,CUST0034,Canada,P1004,Desk Lamp,2,22.45,44.9
INV313682,2024-12-29,CUST0745,France,P1010,Phone Case,4,9.49,37.96
INV495240,2024-12-03,CUST0138,Australia,P1004,Desk Lamp,4,21.18,84.72
INV610800,2023-10-14,CUST0240,France,P1005,Office Chair,4,92.52,370.08
INV604168,2024-06-14,CUST0370,India,P1005,Office Chair,2,88.06,176.12
INV526612,2024-08-22,CUST0648,Usa,P1005,Office Chair,1,91.87,91.87
INV368096,2024-09-26,CUST0217,Australia,P1006,Coffee Mug,4,8.56,34.24
INV288728,2024-06-22,CUST0032,Brazil,P1005,Office Chair,4,94.3,377.2
INV303648,2023-06-01,CUST0062,Uk,P1006,Coffee Mug,1,8.05,8.05
INV827718,2024-11-08,CUST0212,India,P1009,Backpack,4,43.29,173.16
INV782766,2024-09-15,CUST0276,India,P1006,Coffee Mug,4,8.19,32.76
INV999279,2024-02-06,CUST0035,Australia,P1015,Winter Jacket,4,115.48,461.92
INV729540,2024-08-22,CUST0608,Canada,P1002,Bluetooth Speaker,1,36.05,36.05
INV349313,2024-07-18,CUST0416,France,P1015,Winter Jacket,3,121.89,365.67
INV559834,2024-07-16,CUST0291,Germany,P1012,Gaming Headset,5,56.24,281.2
INV867783,2023-01-01,CUST0400,Uk,P1005,Office Chair,5,94.1,470.5
INV527268,2024-10-08,CUST0491,Australia,P1003,Notebook Set,4,6.46,25.84
INV997957,2024-09-08,CUST0589,Usa,P1001,Wireless Mouse,3,16.34,49.02
INV718602,2024-09-24,CUST0800,France,P1002,Bluetooth Speaker,1,35.78,35.78
INV370891,2024-12-05,CUST0665,India,P1013,Sticky Notes Pack,3,4.13,12.39
INV652484,2024-03-24,CUST0533,Usa,P1011,Table Lamp,2,26.78,53.56
INV415555,2023-11-22,CUST0283,Usa,P1001,Wireless Mouse,1,15.96,15.96
INV889292,2024-11-21,CUST0196,Uk,P1015,Winter Jacket,1,119.96,119.96
INV370777,2024-04-16,CUST0599,Usa,P1010,Phone Case,5,10.04,50.2
INV786125,2024-01-03,CUST0614,Brazil,P1008,Water Bottle,4,11.24,44.96
INV908208,2024-08-04,CUST0256,France,P1011,Table Lamp,1,28.27,28.27
INV480530,2023-01-01,CUST0536,France,P1008,Water Bottle,4,11.74,46.96
INV682438,2024-04-27,CUST0753,Canada,P1009,Backpack,3,45.41,136.23
INV382904,2023-12-21,CUST0008,Germany,P1011,Table Lamp,1,26.68,26.68
INV371436,2024-11-23,CUST0013,Australia,P1002,Bluetooth Speaker,1,33.79,33.79
INV802448,2024-11-23,CUST0207,Usa,P1009,Backpack,1,43.95,43.95
INV211703,2024-07-29,CUST0096,Uk,P1015,Winter Jacket,2,118.5,237.0
INV927559,2024-07-19,CUST0188,France,P1013,Sticky Notes Pack,5,4.04,20.2
INV542616,2023-03-08,CUST0439,France,P1015,Winter Jacket,5,117.02,585.1
INV168366,2024-08-21,CUST0755,Uk,P1001,Wireless Mouse,1,16.59,16.59
INV220964,2024-04-15,CUST0407,Australia,P1002,Bluetooth Speaker,3,36.13,108.39
INV724510,2023-08-19,CUST0190,Canada,P1004,Desk Lamp,1,20.96,20.96
INV186256,2024-02-26,CUST0229,Brazil,P1012,Gaming Headset,4,55.23,220.92
INV682027,2024-03-03,CUST0174,India,P1007,Yoga Mat,3,20.73,62.19
INV923061,2023-12-24,CUST0730,Usa,P1012,Gaming Headset,5,56.05,280.25
INV916793,2024-04-16,CUST0071,Germany,P1013,Sticky Notes Pack,5,4.32,21.6
INV250357,2024-07-27,CUST0153,India,P1009,Backpack,1,45.4,45.4
INV490697,2024-04-28,CUST0663,Australia,P1013,Sticky Notes Pack,2,4.13,8.26
INV450276,2024-03-04,CUST0103,India,P1002,Bluetooth Speaker,1,35.58,35.58
INV240863,2024-05-01,CUST0440,Brazil,P1011,Table Lamp,1,26.44,26.44
INV407423,2024-05-09,CUST0139,India,P1006,Coffee Mug,4,8.14,32.56
INV736268,2023-11-20,CUST0429,Germany,P1006,Coffee Mug,1,8.05,8.05
INV236490,2023-10-08,CUST0098,Australia,P1006,Coffee Mug,2,8.21,16.42
INV946244,2024-12-10,CUST0005,Brazil,P1006,Coffee Mug,3,7.99,23.97
INV729247,2024-11-13,CUST0689,Usa,P1002,Bluetooth Speaker,5,35.24,176.2
INV966307,2023-09-15,CUST0670,Brazil,P1006,Coffee Mug,4,8.25,33.0
INV117833,2024-03-11,CUST0343,Usa,P1001,Wireless Mouse,1,15.58,15.58
INV694608,2024-09-17,CUST0679,Uk,P1009,Backpack,5,43.23,216.15
INV851021,2024-09-03,CUST0415,Australia,P1012,Gaming Headset,3,57.53,172.59
INV983815,2024-12-07,CUST0749,Germany,P1008,Water Bottle,5,11.73,58.65
INV347467,2023-08-25,CUST0565,India,P1005,Office Chair,4,89.51,358.04
INV939975,2024-07-28,CUST0457,Uk,P1013,Sticky Notes Pack,2,4.26,8.52
INV264066,2024-06-02,CUST0149,Brazil,P1006,Coffee Mug,5,7.97,39.85
INV322166,2024-07-10,CUST0712,France,P1012,Gaming Headset,1,53.66,53.66
INV438542,2024-03-01,CUST0357,Canada,P1015,Winter Jacket,3,117.08,351.24
INV115894,2024-03-17,CUST0376,Canada,P1015,Winter Jacket,1,119.88,119.88
INV477808,2024-09-15,CUST0701,Australia,P1014,Running Shoes,1,64.97,64.97
INV121707,2024-11-24,CUST0621,Usa,P1015,Winter Jacket,4,116.48,465.92
INV717457,2024-08-31,CUST0405,Germany,P1004,Desk Lamp,4,22.53,90.12
INV162949,2024-06-26,CUST0028,Germany,P1004,Desk Lamp,1,21.79,21.79
INV216625,2024-01-07,CUST0266,Australia,P1009,Backpack,5,43.8,219.0
INV888129,2024-11-14,CUST0208,Usa,P1009,Backpack,5,45.07,225.35
INV482621,2023-01-01,CUST0692,Canada,P1012,Gaming Headset,2,55.14,110.28
INV323948,2023-12-20,CUST0149,Brazil,P1013,Sticky Notes Pack,3,4.28,12.84
INV820784,2024-12-06,CUST0208,Usa,P1001,Wireless Mouse,3,16.61,49.83
INV912706,2024-11-28,CUST0150,Germany,P1014,Running Shoes,2,63.17,126.34
INV369195,2024-04-27,CUST0124,Australia,P1015,Winter Jacket,1,119.71,119.71
INV358474,2024-10-25,CUST0778,Uk,P1014,Running Shoes,1,64.13,64.13
INV339583,2024-07-24,CUST0712,France,P1014,Running Shoes,2,64.75,129.5
INV272298,2024-07-29,CUST0012,Canada,P1008,Water Bottle,5,11.69,58.45
INV338591,2024-06-10,CUST0585,Brazil,P1010,Phone Case,1,9.91,9.91
INV549977,2024-02-08,CUST0418,Brazil,P1007,Yoga Mat,3,19.01,57.03
INV239078,2024-02-23,CUST0120,France,P1011,Table Lamp,2,28.74,57.48
INV255046,2024-08-02,CUST0442,Usa,P1006,Coffee Mug,2,8.22,16.44
INV326243,2023-06-15,CUST0351,Australia,P1001,Wireless Mouse,1,16.58,16.58
INV641195,2024-12-28,CUST0560,Canada,P1011,Table Lamp,1,28.77,28.77
INV929019,2024-12-01,CUST0742,India,P1003,Notebook Set,4,6.62,26.48
INV241182,2024-07-09,CUST0442,Usa,P1002,Bluetooth Speaker,5,34.55,172.75
INV656910,2024-09-23,CUST0213,Australia,P1012,Gaming Headset,5,52.58,262.9
INV426045,2024-06-01,CUST0523,Germany,P1010,Phone Case,2,9.63,19.26
INV172583,2024-12-10,CUST0780,India,P1013,Sticky Notes Pack,1,4.35,4.35
INV781517,2023-11-18,CUST0770,Canada,P1008,Water Bottle,5,11.24,56.2
INV914056,2024-11-25,CUST0107,France,P1014,Running Shoes,4,63.36,253.44
INV302337,2024-01-26,CUST0436,Brazil,P1004,Desk Lamp,3,21.04,63.12
INV922076,2024-09-14,CUST0389,Uk,P1004,Desk Lamp,5,21.44,107.2
INV756157,2024-03-20,CUST0103,India,P1015,Winter Jacket,2,116.83,233.66
INV253875,2024-05-30,CUST0738,Canada,P1002,Bluetooth Speaker,1,34.24,34.24
INV228500,2024-11-18,CUST0686,Canada,P1005,Office Chair,3,92.35,277.05
INV101093,2024-03-03,CUST0052,Australia,P1003,Notebook Set,5,6.44,32.2
INV688438,2024-09-28,CUST0365,Usa,P1010,Phone Case,4,10.29,41.16
INV962528,2024-08-08,CUST0773,France,P1001,Wireless Mouse,4,16.12,64.48
INV659823,2024-04-07,CUST0169,Brazil,P1014,Running Shoes,4,67.64,270.56
INV384124,2024-03-23,CUST0121,Canada,P1007,Yoga Mat,4,19.36,77.44
INV932418,2024-06-05,CUST0011,Usa,P1006,Coffee Mug,5,8.48,42.4
INV803806,2023-12-09,CUST0699,Germany,P1011,Table Lamp,4,28.67,114.68
INV766099,2024-10-29,CUST0224,Brazil,P1010,Phone Case,2,10.19,20.38
INV132474,2023-06-08,CUST0495,Canada,P1014,Running Shoes,3,66.56,199.68
INV968842,2024-03-02,CUST0118,Brazil,P1009,Backpack,5,45.35,226.75
INV882669,2023-01-01,CUST0548,Brazil,P1006,Coffee Mug,5,8.27,41.35
INV692234,2024-12-15,CUST0333,Canada,P1010,Phone Case,4,9.69,38.76
INV855969,2024-06-26,CUST0403,India,P1001,Wireless Mouse,2,16.06,32.12
INV839520,2024-11-19,CUST0510,Usa,P1002,Bluetooth Speaker,3,33.39,100.17
INV276869,2024-11-04,CUST0342,Germany,P1012,Gaming Headset,4,56.51,226.04
INV225061,2024-05-10,CUST0787,Uk,P1003,Notebook Set,1,6.92,6.92
INV946840,2024-10-30,CUST0289,France,P1009,Backpack,3,46.87,140.61
INV781732,2024-10-24,CUST0360,Canada,P1007,Yoga Mat,2,20.42,40.84
INV347015,2024-09-29,CUST0622,France,P1001,Wireless Mouse,4,15.85,63.4
INV219160,2024-09-25,CUST0362,Brazil,P1010,Phone Case,1,9.96,9.96
INV959850,2024-09-16,CUST0369,Uk,P1004,Desk Lamp,1,22.63,22.63
INV789172,2023-10-24,CUST0361,Brazil,P1011,Table Lamp,1,27.62,27.62
INV734584,2024-11-26,CUST0226,Brazil,P1001,Wireless Mouse,1,15.47,15.47
INV802273,2024-12-27,CUST0004,India,P1011,Table Lamp,4,27.06,108.24
INV819141,2023-01-02,CUST0021,Brazil,P1007,Yoga Mat,5,20.53,102.65
INV228723,2024-02-28,CUST0147,Germany,P1004,Desk Lamp,4,22.5,90.0
INV370744,2023-10-30,CUST0426,India,P1014,Running Shoes,5,67.39,336.95
INV329390,2023-01-01,CUST0493,Canada,P1010,Phone Case,4,10.31,41.24
INV333254,2023-10-20,CUST0306,Australia,P1008,Water Bottle,4,11.55,46.2
INV319555,2024-04-12,CUST0373,Brazil,P1003,Notebook Set,4,6.9,27.6
INV916968,2024-09-23,CUST0095,Germany,P1014,Running Shoes,4,62.85,251.4
INV925847,2024-07-26,CUST0121,Canada,P1008,Water Bottle,1,10.98,10.98
INV415098,2024-01-08,CUST0153,India,P1001,Wireless Mouse,2,15.42,30.84
INV203455,2024-06-10,CUST0717,Brazil,P1013,Sticky Notes Pack,4,4.08,16.32
INV414325,2024-11-11,CUST0219,Canada,P1001,Wireless Mouse,4,16.74,66.96
INV926451,2024-04-18,CUST0177,France,P1004,Desk Lamp,1,22.7,22.7
INV396310,2024-09-16,CUST0315,Germany,P1011,Table Lamp,5,28.08,140.4
INV795018,2023-11-14,CUST0670,Brazil,P1009,Backpack,2,44.72,89.44
INV715589,2024-11-14,CUST0462,France,P1006,Coffee Mug,3,8.19,24.57
INV802633,2023-11-28,CUST0110,Uk,P1011,Table Lamp,4,26.6,106.4
INV497502,2024-11-18,CUST0571,Canada,P1008,Water Bottle,2,11.39,22.78
INV261800,2024-07-29,CUST0288,Brazil,P1004,Desk Lamp,5,22.94,114.7
INV691666,2023-12-05,CUST0733,Usa,P1005,Office Chair,3,90.55,271.65
INV328576,2023-06-12,CUST0120,France,P1010,Phone Case,4,9.6,38.4
INV158514,2024-08-09,CUST0760,France,P1013,Sticky Notes Pack,4,4.41,17.64
INV727674,2024-10-17,CUST0397,Australia,P1013,Sticky Notes Pack,1,4.33,4.33
INV495909,2024-12-11,CUST0580,France,P1007,Yoga Mat,5,19.25,96.25
INV104424,2024-12-06,CUST0732,Germany,P1005,Office Chair,2,87.78,175.56
INV491627,2024-09-15,CUST0071,Germany,P1010,Phone Case,2,9.65,19.3
INV714492,2024-05-08,CUST0265,India,P1014,Running Shoes,2,62.62,125.24
INV307791,2024-07-01,CUST0018,Usa,P1007,Yoga Mat,4,19.4,77.6
INV611689,2023-01-01,CUST0192,Canada,P1001,Wireless Mouse,3,16.6,49.8
INV292599,2024-05-02,CUST0192,Canada,P1009,Backpack,5,45.29,226.45
INV426045,2024-06-01,CUST0523,Germany,P1010,Phone Case,5,9.74,48.7
INV368943,2024-11-13,CUST0098,Australia,P1005,Office Chair,3,94.13,282.39
INV559720,2024-08-30,CUST0137,France,P1004,Desk Lamp,2,21.53,43.06
INV118406,2024-04-21,CUST0376,Canada,P1013,Sticky Notes Pack,5,4.15,20.75
INV362074,2024-09-27,CUST0419,India,P1002,Bluetooth Speaker,2,32.92,65.84
INV632840,2023-02-25,CUST0667,Usa,P1009,Backpack,4,43.27,173.08
INV757525,2024-09-24,CUST0554,Uk,P1004,Desk Lamp,2,21.1,42.2
INV104669,2023-11-30,CUST0466,Uk,P1003,Notebook Set,2,6.58,13.16
INV535628,2024-01-17,CUST0147,Germany,P1005,Office Chair,3,93.73,281.19
INV553543,2024-07-05,CUST0011,Usa,P1013,Sticky Notes Pack,4,4.41,17.64
INV666577,2024-08-26,CUST0363,Germany,P1007,Yoga Mat,3,19.87,59.61
INV293769,2024-11-29,CUST0541,Usa,P1014,Running Shoes,2,63.13,126.26
INV253875,2024-05-30,CUST0738,Canada,P1002,Bluetooth Speaker,4,35.53,142.12
INV144270,2024-10-23,CUST0732,Germany,P1007,Yoga Mat,2,19.93,39.86
INV557938,2024-10-01,CUST0493,Canada,P1011,Table Lamp,1,28.03,28.03
INV925275,2024-12-16,CUST0072,Germany,P1008,Water Bottle,3,11.51,34.53
INV635330,2024-11-27,CUST0143,Germany,P1015,Winter Jacket,1,123.23,123.23
INV150793,2024-06-14,CUST0337,Germany,P1002,Bluetooth Speaker,4,35.06,140.24
INV657588,2024-11-15,CUST0170,Uk,P1007,Yoga Mat,1,19.14,19.14
INV238137,2024-10-22,CUST0479,Germany,P1010,Phone Case,2,10.23,20.46
INV427143,2024-09-04,CUST0465,India,P1015,Winter Jacket,2,115.64,231.28
INV522316,2024-12-02,CUST0748,Germany,P1011,Table Lamp,3,27.9,83.7
INV409714,2024-04-30,CUST0327,Usa,P1003,Notebook Set,4,7.01,28.04
INV564076,2024-08-27,CUST0434,Usa,P1010,Phone Case,4,9.68,38.72
INV366804,2024-07-26,CUST0114,Brazil,P1002,Bluetooth Speaker,1,34.07,34.07
INV204515,2024-09-08,CUST0546,Australia,P1005,Office Chair,4,88.04,352.16
INV703845,2024-07-12,CUST0004,India,P1005,Office Chair,3,86.37,259.11
INV161904,2024-11-26,CUST0596,Australia,P1010,Phone Case,1,9.61,9.61
INV610778,2024-12-01,CUST0447,Brazil,P1013,Sticky Notes Pack,5,4.39,21.95
INV208833,2024-02-05,CUST0284,Uk,P1013,Sticky Notes Pack,5,4.4,22.0
INV467445,2024-11-01,CUST0349,France,P1006,Coffee Mug,2,8.38,16.76
INV843862,2023-11-04,CUST0623,India,P1004,Desk Lamp,4,21.02,84.08
INV117024,2024-08-31,CUST0239,Canada,P1004,Desk Lamp,4,23.06,92.24
INV939522,2024-07-05,CUST0652,Uk,P1010,Phone Case,4,9.62,38.48
INV624878,2024-10-15,CUST0078,Uk,P1006,Coffee Mug,1,8.01,8.01
INV262661,2023-08-17,CUST0325,India,P1005,Office Chair,1,85.94,85.94
INV478596,2024-08-18,CUST0785,India,P1001,Wireless Mouse,2,15.55,31.1
INV135473,2024-07-14,CUST0636,Australia,P1010,Phone Case,2,9.49,18.98
INV629396,2023-12-24,CUST0136,Canada,P1014,Running Shoes,2,67.26,134.52
INV628886,2024-11-08,CUST0064,Brazil,P1008,Water Bottle,3,11.0,33.0
INV412287,2023-06-16,CUST0673,Canada,P1010,Phone Case,4,10.28,41.12
INV883528,2024-09-14,CUST0559,India,P1012,Gaming Headset,5,56.78,283.9
INV880378,2024-08-11,CUST0411,France,P1014,Running Shoes,1,67.0,67.0
INV299064,2024-04-28,CUST0416,France,P1015,Winter Jacket,4,124.92,499.68
INV445528,2024-06-20,CUST0298,Canada,P1005,Office Chair,4,88.51,354.04
INV212804,2024-04-26,CUST0532,France,P1006,Coffee Mug,3,8.58,25.74
INV518191,2023-09-07,CUST0680,India,P1007,Yoga Mat,3,19.35,58.05
INV387991,2024-11-05,CUST0073,Canada,P1004,Desk Lamp,2,21.63,43.26
INV461919,2024-07-16,CUST0310,Usa,P1012,Gaming Headset,3,55.2,165.6
INV218565,2024-05-04,CUST0732,Germany,P1005,Office Chair,3,94.28,282.84
INV331879,2023-01-01,CUST0153,India,P1011,Table Lamp,3,26.52,79.56
INV373515,2024-11-03,CUST0454,Canada,P1004,Desk Lamp,5,23.01,115.05
INV358945,2024-01-23,CUST0592,Canada,P1015,Winter Jacket,5,121.64,608.2
INV939318,2023-01-01,CUST0331,Uk,P1005,Office Chair,1,93.23,93.23
INV520131,2024-12-28,CUST0654,Usa,P1015,Winter Jacket,1,118.67,118.67
INV441663,2023-10-27,CUST0216,France,P1012,Gaming Headset,1,52.65,52.65
INV277341,2024-07-24,CUST0080,Uk,P1010,Phone Case,2,9.68,19.36
INV982262,2024-08-15,CUST0659,India,P1008,Water Bottle,2,11.27,22.54
INV282873,2024-08-21,CUST0403,India,P1014,Running Shoes,1,67.81,67.81
INV494615,2024-11-11,CUST0257,India,P1011,Table Lamp,1,26.44,26.44
INV334227,2023-01-01,CUST0090,Canada,P1005,Office Chair,4,91.18,364.72
INV252586,2024-04-18,CUST0459,Canada,P1014,Running Shoes,2,67.53,135.06
INV353886,2024-05-21,CUST0057,Canada,P1014,Running Shoes,4,64.0,256.0
INV891460,2024-03-28,CUST0349,France,P1005,Office Chair,2,88.41,176.82
INV139267,2024-09-23,CUST0262,Germany,P1008,Water Bottle,1,11.08,11.08
INV330376,2024-11-13,CUST0257,India,P1010,Phone Case,3,9.65,28.95
INV325084,2024-11-01,CUST0510,Usa,P1010,Phone Case,1,9.78,9.78
INV558043,2024-03-29,CUST0036,Brazil,P1001,Wireless Mouse,5,16.11,80.55
INV359319,2024-11-23,CUST0170,Uk,P1009,Backpack,2,46.13,92.26
INV285488,2024-07-26,CUST0383,Australia,P1014,Running Shoes,4,63.77,255.08
INV803814,2024-10-11,CUST0153,India,P1008,Water Bottle,5,11.6,58.0
INV122048,2024-08-11,CUST0143,Germany,P1002,Bluetooth Speaker,2,33.82,67.64
INV222641,2024-09-10,CUST0382,Germany,P1010,Phone Case,4,9.92,39.68
INV233049,2023-01-01,CUST0590,Brazil,P1003,Notebook Set,4,6.61,26.44
INV156202,2024-08-09,CUST0618,Germany,P1004,Desk Lamp,4,21.92,87.68
INV141142,2023-10-06,CUST0692,Canada,P1004,Desk Lamp,2,22.77,45.54
INV492748,2024-06-17,CUST0068,France,P1010,Phone Case,5,10.12,50.6
INV725278,2024-08-30,CUST0526,Germany,P1002,Bluetooth Speaker,4,33.88,135.52
INV960903,2024-04-28,CUST0757,Usa,P1013,Sticky Notes Pack,2,4.26,8.52
INV276156,2024-11-21,CUST0241,India,P1002,Bluetooth Speaker,5,34.51,172.55
INV643407,2024-10-22,CUST0357,Canada,P1003,Notebook Set,4,6.85,27.4
INV900591,2024-11-14,CUST0103,India,P1015,Winter Jacket,1,122.26,122.26
INV729861,2023-01-01,CUST0652,Uk,P1009,Backpack,2,43.02,86.04
INV939459,2024-10-05,CUST0599,Usa,P1011,Table Lamp,3,28.15,84.45
INV381535,2024-08-28,CUST0798,Germany,P1004,Desk Lamp,2,21.77,43.54
INV620248,2023-12-15,CUST0265,India,P1006,Coffee Mug,3,8.44,25.32
INV560824,2024-09-28,CUST0749,Germany,P1009,Backpack,3,44.66,133.98
INV100006,2024-08-05,CUST0627,Australia,P1008,Water Bottle,5,11.46,57.3
INV889091,2024-07-25,CUST0667,Usa,P1008,Water Bottle,5,11.93,59.65
INV106480,2023-01-01,CUST0264,France,P1002,Bluetooth Speaker,4,35.82,143.28
INV231908,2024-03-13,CUST0066,Brazil,P1003,Notebook Set,2,6.49,12.98
INV743425,2024-09-24,CUST0447,Brazil,P1001,Wireless Mouse,1,16.68,16.68
INV396537,2024-07-22,CUST0365,Usa,P1014,Running Shoes,3,62.83,188.49
INV851450,2024-04-18,CUST0250,Uk,P1007,Yoga Mat,5,19.68,98.4
INV209551,2023-11-24,CUST0515,France,P1010,Phone Case,5,10.48,52.4
INV784365,2024-11-29,CUST0329,Uk,P1013,Sticky Notes Pack,3,4.21,12.63
INV592553,2024-09-20,CUST0301,Australia,P1005,Office Chair,3,88.11,264.33
INV327447,2024-03-20,CUST0110,Uk,P1015,Winter Jacket,4,124.94,499.76
INV390087,2024-07-16,CUST0585,Brazil,P1001,Wireless Mouse,4,16.21,64.84
INV341109,2023-09-06,CUST0565,India,P1004,Desk Lamp,3,23.04,69.12
INV488585,2024-02-11,CUST0013,Australia,P1014,Running Shoes,2,67.63,135.26
INV748152,2024-12-15,CUST0439,France,P1013,Sticky Notes Pack,2,4.37,8.74
INV159985,2024-04-26,CUST0736,Uk,P1006,Coffee Mug,1,8.22,8.22
INV527838,2024-12-26,CUST0694,Germany,P1005,Office Chair,3,94.09,282.27
INV507378,2024-11-22,CUST0574,India,P1008,Water Bottle,5,11.89,59.45
INV318080,2024-06-12,CUST0098,Australia,P1011,Table Lamp,3,28.47,85.41
INV342426,2024-05-03,CUST0357,Canada,P1007,Yoga Mat,5,20.45,102.25
INV675106,2024-11-16,CUST0204,Australia,P1003,Notebook Set,1,6.81,6.81
INV557751,2024-12-14,CUST0179,Germany,P1002,Bluetooth Speaker,3,33.38,100.14
INV868168,2024-06-24,CUST0661,India,P1005,Office Chair,4,86.84,347.36
INV433842,2024-08-23,CUST0104,India,P1014,Running Shoes,5,66.19,330.95
INV353283,2023-11-10,CUST0453,Uk,P1001,Wireless Mouse,5,16.72,83.6
INV261144,2024-08-12,CUST0240,France,P1008,Water Bottle,3,11.98,35.94
INV206823,2024-01-11,CUST0477,Usa,P1008,Water Bottle,5,12.04,60.2
INV484200,2024-12-29,CUST0245,Germany,P1004,Desk Lamp,2,22.79,45.58
INV872596,2024-11-07,CUST0685,Germany,P1006,Coffee Mug,4,8.14,32.56
INV398199,2024-08-18,CUST0015,Germany,P1015,Winter Jacket,3,120.69,362.07
INV581133,2023-11-27,CUST0195,Australia,P1011,Table Lamp,3,26.82,80.46
INV339996,2024-06-10,CUST0480,India,P1006,Coffee Mug,5,7.86,39.3
INV523950,2023-01-01,CUST0289,France,P1002,Bluetooth Speaker,4,33.15,132.6
INV617177,2024-09-19,CUST0006,France,P1004,Desk Lamp,1,23.05,23.05
INV238354,2024-06-02,CUST0114,Brazil,P1013,Sticky Notes Pack,4,4.2,16.8
INV142442,2024-08-25,CUST0788,India,P1013,Sticky Notes Pack,3,4.15,12.45
INV814903,2023-01-01,CUST0238,Germany,P1005,Office Chair,5,92.6,463.0
INV536800,2024-02-07,CUST0145,Australia,P1012,Gaming Headset,1,57.2,57.2
INV940409,2024-03-05,CUST0348,Australia,P1009,Backpack,2,42.83,85.66
INV467418,2023-01-01,CUST0264,France,P1007,Yoga Mat,2,20.34,40.68
INV604054,2024-08-22,CUST0358,Germany,P1001,Wireless Mouse,1,16.13,16.13
INV136005,2024-12-01,CUST0556,Brazil,P1005,Office Chair,3,86.12,258.36
INV842072,2024-06-29,CUST0627,Australia,P1009,Backpack,4,44.59,178.36
INV856943,2024-09-07,CUST0371,Australia,P1004,Desk Lamp,3,21.62,64.86
INV952075,2023-12-05,CUST0745,France,P1002,Bluetooth Speaker,3,33.22,99.66
INV440383,2024-12-20,CUST0300,Germany,P1012,Gaming Headset,1,56.43,56.43
INV200307,2024-02-08,CUST0538,France,P1011,Table Lamp,4,26.32,105.28
INV599053,2024-08-15,CUST0315,Germany,P1015,Winter Jacket,4,121.29,485.16
INV710667,2023-10-19,CUST0751,Canada,P1006,Coffee Mug,3,8.52,25.56
INV553098,2024-05-29,CUST0176,Usa,P1001,Wireless Mouse,4,16.24,64.96
INV833635,2024-09-05,CUST0657,Uk,P1012,Gaming Headset,1,53.8,53.8
INV215592,2024-07-06,CUST0370,India,P1006,Coffee Mug,3,8.5,25.5
INV748873,2024-05-08,CUST0056,Australia,P1013,Sticky Notes Pack,5,4.36,21.8
INV377773,2023-09-11,CUST0252,Australia,P1012,Gaming Headset,2,55.0,110.0
INV396477,2024-12-10,CUST0168,Australia,P1002,Bluetooth Speaker,2,33.42,66.84
INV494809,2024-06-30,CUST0315,Germany,P1005,Office Chair,3,90.1,270.3
INV884091,2024-06-03,CUST0264,France,P1014,Running Shoes,3,63.67,191.01
INV112073,2024-03-11,CUST0100,Usa,P1011,Table Lamp,4,28.79,115.16
INV717213,2024-05-19,CUST0430,Australia,P1012,Gaming Headset,1,52.71,52.71
INV782612,2024-10-21,CUST0740,Brazil,P1012,Gaming Headset,2,52.98,105.96
INV148642,2024-06-26,CUST0127,India,P1013,Sticky Notes Pack,2,4.25,8.5
INV920307,2024-08-01,CUST0756,Canada,P1013,Sticky Notes Pack,4,4.13,16.52
INV353847,2024-09-18,CUST0533,Usa,P1009,Backpack,4,43.81,175.24
INV344052,2024-08-31,CUST0405,Germany,P1004,Desk Lamp,3,22.83,68.49
INV536524,2024-10-27,CUST0214,Australia,P1005,Office Chair,4,92.56,370.24
INV300681,2024-08-07,CUST0251,Germany,P1015,Winter Jacket,1,118.24,118.24
INV149440,2024-06-16,CUST0199,Brazil,P1006,Coffee Mug,3,8.14,24.42
INV590007,2023-09-16,CUST0702,India,P1004,Desk Lamp,5,21.08,105.4
INV590639,2023-01-01,CUST0190,Canada,P1002,Bluetooth Speaker,1,34.27,34.27
INV993274,2023-05-31,CUST0527,Uk,P1013,Sticky Notes Pack,4,4.2,16.8
INV953804,2023-04-10,CUST0686,Canada,P1012,Gaming Headset,5,54.88,274.4
INV653004,2024-11-06,CUST0491,Australia,P1006,Coffee Mug,3,7.99,23.97
INV128939,2024-08-29,CUST0541,Usa,P1008,Water Bottle,5,11.12,55.6
INV772389,2024-08-21,CUST0505,Uk,P1011,Table Lamp,4,26.48,105.92
INV770584,2024-01-11,CUST0629,India,P1007,Yoga Mat,2,20.63,41.26
INV189672,2024-02-06,CUST0699,Germany,P1011,Table Lamp,2,26.99,53.98
INV579136,2024-07-03,CUST0625,Australia,P1013,Sticky Notes Pack,4,4.42,17.68
INV549881,2024-08-05,CUST0637,France,P1014,Running Shoes,1,64.57,64.57
INV611749,2023-07-23,CUST0245,Germany,P1007,Yoga Mat,2,20.2,40.4
INV726767,2024-07-24,CUST0311,Uk,P1001,Wireless Mouse,3,15.48,46.44
INV595543,2024-06-22,CUST0759,France,P1004,Desk Lamp,3,22.01,66.03
INV875041,2024-05-22,CUST0370,India,P1014,Running Shoes,5,67.31,336.55
INV453329,2024-07-02,CUST0228,France,P1005,Office Chair,5,87.69,438.45
INV252187,2024-12-06,CUST0738,Canada,P1005,Office Chair,2,89.48,178.96
INV599460,2023-08-14,CUST0330,Germany,P1006,Coffee Mug,2,8.59,17.18
INV915377,2023-09-23,CUST0725,Uk,P1004,Desk Lamp,4,21.06,84.24
INV920010,2024-12-29,CUST0620,Uk,P1003,Notebook Set,5,6.84,34.2
INV616356,2024-08-15,CUST0683,Canada,P1006,Coffee Mug,2,8.12,16.24
INV235051,2024-02-01,CUST0677,France,P1002,Bluetooth Speaker,1,35.74,35.74
INV251635,2023-08-09,CUST0682,Usa,P1008,Water Bottle,1,11.27,11.27
INV983961,2024-08-21,CUST0677,France,P1015,Winter Jacket,4,115.99,463.96
INV644105,2023-01-01,CUST0076,India,P1003,Notebook Set,4,6.54,26.16
INV707424,2024-01-21,CUST0717,Brazil,P1015,Winter Jacket,2,120.35,240.7
INV162572,2024-08-02,CUST0001,Germany,P1005,Office Chair,2,86.7,173.4
INV779119,2024-11-14,CUST0206,France,P1014,Running Shoes,5,66.15,330.75
INV191480,2023-01-01,CUST0590,Brazil,P1014,Running Shoes,1,66.55,66.55
INV443189,2024-12-13,CUST0631,France,P1011,Table Lamp,3,26.92,80.76
INV826598,2024-09-27,CUST0172,Germany,P1002,Bluetooth Speaker,4,35.86,143.44
INV489382,2024-11-18,CUST0390,France,P1014,Running Shoes,4,66.7,266.8
INV987933,2024-06-24,CUST0546,Australia,P1002,Bluetooth Speaker,2,34.62,69.24
INV550422,2024-02-27,CUST0157,Australia,P1007,Yoga Mat,5,19.08,95.4
INV799300,2024-09-15,CUST0781,Brazil,P1005,Office Chair,1,94.09,94.09
INV704577,2023-03-21,CUST0238,Germany,P1004,Desk Lamp,1,22.99,22.99
INV827948,2024-05-29,CUST0099,Brazil,P1008,Water Bottle,1,10.99,10.99
INV388527,2023-01-01,CUST0274,Germany,P1012,Gaming Headset,1,52.9,52.9
INV893259,2024-11-22,CUST0204,Australia,P1013,Sticky Notes Pack,4,4.34,17.36
INV546241,2024-07-29,CUST0359,Usa,P1007,Yoga Mat,1,20.48,20.48
INV747988,2024-01-26,CUST0004,India,P1004,Desk Lamp,4,22.93,91.72
INV192285,2024-04-26,CUST0605,France,P1013,Sticky Notes Pack,3,4.37,13.11
INV313409,2024-12-04,CUST0738,Canada,P1015,Winter Jacket,1,118.89,118.89
INV353886,2024-05-21,CUST0057,Canada,P1013,Sticky Notes Pack,3,4.25,12.75
INV720860,2024-06-30,CUST0731,India,P1015,Winter Jacket,4,121.43,485.72
INV907872,2024-08-29,CUST0066,Brazil,P1014,Running Shoes,4,65.06,260.24
INV714804,2024-08-13,CUST0627,Australia,P1001,Wireless Mouse,3,15.52,46.56
INV868645,2024-12-19,CUST0694,Germany,P1001,Wireless Mouse,1,16.45,16.45
INV526832,2024-12-02,CUST0747,Uk,P1005,Office Chair,5,88.2,441.0
INV141541,2024-05-31,CUST0454,Canada,P1011,Table Lamp,3,27.56,82.68
INV168366,2024-08-21,CUST0755,Uk,P1008,Water Bottle,2,12.07,24.14
INV330283,2024-12-01,CUST0623,India,P1007,Yoga Mat,3,19.31,57.93
INV227283,2023-11-01,CUST0679,Uk,P1011,Table Lamp,4,26.46,105.84
INV696238,2023-12-24,CUST0776,Germany,P1004,Desk Lamp,5,21.72,108.6
INV289770,2024-11-09,CUST0219,Canada,P1003,Notebook Set,3,6.55,19.65
INV420783,2024-10-21,CUST0342,Germany,P1006,Coffee Mug,4,8.5,34.0
INV935835,2023-01-01,CUST0142,Germany,P1005,Office Chair,3,86.72,260.16
INV968561,2024-08-17,CUST0402,Canada,P1001,Wireless Mouse,5,15.74,78.7
INV941523,2023-01-01,CUST0760,France,P1001,Wireless Mouse,3,16.73,50.19
INV733713,2024-07-16,CUST0239,Canada,P1012,Gaming Headset,2,55.98,111.96
INV610015,2024-01-31,CUST0580,France,P1002,Bluetooth Speaker,3,36.02,108.06
INV431312,2024-12-14,CUST0153,India,P1005,Office Chair,3,86.08,258.24
INV594331,2023-01-01,CUST0655,Uk,P1013,Sticky Notes Pack,3,4.4,13.2
INV111675,2023-08-27,CUST0680,India,P1001,Wireless Mouse,2,15.84,31.68
INV943089,2023-06-01,CUST0366,India,P1009,Backpack,1,43.02,43.02
INV804778,2023-01-01,CUST0709,France,P1008,Water Bottle,3,11.9,35.7
INV874724,2023-12-24,CUST0011,Usa,P1014,Running Shoes,3,67.58,202.74
INV196678,2024-12-13,CUST0685,Germany,P1010,Phone Case,3,10.43,31.29
INV375810,2024-10-19,CUST0071,Germany,P1007,Yoga Mat,4,19.32,77.28
INV948139,2024-04-26,CUST0149,Brazil,P1005,Office Chair,4,88.97,355.88
INV225392,2024-08-25,CUST0086,France,P1009,Backpack,3,46.46,139.38
INV919527,2024-12-29,CUST0642,Australia,P1003,Notebook Set,5,6.48,32.4
INV838756,2024-07-30,CUST0391,Australia,P1012,Gaming Headset,3,53.65,160.95
INV225966,2024-08-16,CUST0639,France,P1006,Coffee Mug,1,8.15,8.15
INV307824,2023-03-19,CUST0599,Usa,P1003,Notebook Set,1,6.89,6.89
INV697232,2024-05-02,CUST0557,India,P1015,Winter Jacket,5,119.87,599.35
INV730180,2024-09-27,CUST0635,France,P1009,Backpack,2,44.88,89.76
INV485606,2023-10-19,CUST0625,Australia,P1009,Backpack,5,47.02,235.1
INV993987,2023-11-06,CUST0517,Brazil,P1005,Office Chair,3,94.01,282.03
INV557855,2024-09-09,CUST0707,India,P1008,Water Bottle,4,11.44,45.76
INV899725,2024-03-07,CUST0235,India,P1010,Phone Case,3,10.06,30.18
INV393969,2024-02-05,CUST0631,France,P1002,Bluetooth Speaker,5,35.19,175.95
INV308925,2024-09-07,CUST0100,Usa,P1014,Running Shoes,1,67.77,67.77
INV964920,2024-07-22,CUST0391,Australia,P1008,Water Bottle,2,11.82,23.64
INV279834,2023-10-19,CUST0066,Brazil,P1012,Gaming Headset,3,57.1,171.3
INV522968,2024-11-14,CUST0563,India,P1004,Desk Lamp,4,21.37,85.48
INV810442,2023-10-11,CUST0212,India,P1008,Water Bottle,5,11.38,56.9
INV151109,2024-07-17,CUST0737,Australia,P1012,Gaming Headset,1,52.64,52.64
INV220841,2024-11-13,CUST0288,Brazil,P1014,Running Shoes,2,64.66,129.32
INV717457,2024-08-31,CUST0405,Germany,P1001,Wireless Mouse,2,16.69,33.38
INV267106,2023-12-30,CUST0701,Australia,P1003,Notebook Set,1,6.7,6.7
INV875916,2024-11-23,CUST0489,Brazil,P1008,Water Bottle,4,11.33,45.32
INV448912,2024-11-15,CUST0260,Canada,P1005,Office Chair,4,86.22,344.88
INV285436,2024-05-23,CUST0731,India,P1004,Desk Lamp,3,21.17,63.51
INV815117,2024-11-12,CUST0382,Germany,P1007,Yoga Mat,5,19.52,97.6
INV875916,2024-11-23,CUST0489,Brazil,P1007,Yoga Mat,4,19.06,76.24
INV142442,2024-08-25,CUST0788,India,P1003,Notebook Set,1,6.61,6.61
INV142083,2024-07-24,CUST0259,Usa,P1012,Gaming Headset,2,55.57,111.14
INV475186,2024-07-23,CUST0181,India,P1009,Backpack,3,46.88,140.64
INV492581,2024-10-03,CUST0097,Brazil,P1002,Bluetooth Speaker,4,35.73,142.92
INV734194,2023-01-09,CUST0725,Uk,P1011,Table Lamp,2,27.94,55.88
INV224522,2023-02-21,CUST0706,Australia,P1008,Water Bottle,5,11.58,57.9
INV835854,2023-06-14,CUST0499,France,P1005,Office Chair,4,92.15,368.6
INV520097,2023-12-31,CUST0302,Usa,P1006,Coffee Mug,3,7.87,23.61
INV225392,2024-08-25,CUST0086,France,P1004,Desk Lamp,5,21.6,108.0
INV656567,2024-11-21,CUST0505,Uk,P1003,Notebook Set,2,6.69,13.38
INV985932,2024-11-30,CUST0264,France,P1003,Notebook Set,2,7.07,14.14
INV745849,2024-03-25,CUST0076,India,P1005,Office Chair,5,86.86,434.3
INV275283,2024-10-04,CUST0693,France,P1014,Running Shoes,4,62.14,248.56
INV961203,2024-01-05,CUST0665,India,P1002,Bluetooth Speaker,1,35.31,35.31
INV717662,2023-07-09,CUST0630,India,P1013,Sticky Notes Pack,1,4.17,4.17
INV892237,2024-10-08,CUST0382,Germany,P1005,Office Chair,2,93.2,186.4
INV518646,2023-01-01,CUST0110,Uk,P1003,Notebook Set,4,6.98,27.92
INV126001,2024-10-29,CUST0636,Australia,P1005,Office Chair,2,90.83,181.66
INV714169,2024-12-07,CUST0096,Uk,P1009,Backpack,4,43.38,173.52
INV692286,2023-01-01,CUST0646,Usa,P1001,Wireless Mouse,4,16.78,67.12
INV500225,2024-12-02,CUST0289,France,P1012,Gaming Headset,5,53.21,266.05
INV406924,2023-01-01,CUST0665,India,P1015,Winter Jacket,4,117.19,468.76
INV388527,2023-01-01,CUST0274,Germany,P1010,Phone Case,2,9.8,19.6
INV997317,2023-12-09,CUST0370,India,P1011,Table Lamp,4,27.9,111.6
INV561008,2024-11-01,CUST0738,Canada,P1001,Wireless Mouse,3,15.37,46.11
INV640011,2024-10-23,CUST0045,Uk,P1008,Water Bottle,3,12.0,36.0
INV342445,2024-07-29,CUST0798,Germany,P1003,Notebook Set,1,6.56,6.56
INV231689,2024-02-12,CUST0457,Uk,P1008,Water Bottle,3,11.56,34.68
INV530935,2024-07-30,CUST0092,Australia,P1010,Phone Case,2,10.11,20.22
INV952410,2024-08-05,CUST0366,India,P1010,Phone Case,4,9.82,39.28
INV774889,2023-09-09,CUST0641,Australia,P1014,Running Shoes,2,64.18,128.36
INV806211,2023-12-05,CUST0608,Canada,P1003,Notebook Set,1,6.91,6.91
INV915953,2024-05-29,CUST0349,France,P1008,Water Bottle,1,11.5,11.5
INV816211,2023-10-29,CUST0532,France,P1005,Office Chair,4,92.07,368.28
INV544179,2024-05-06,CUST0140,Australia,P1007,Yoga Mat,1,20.48,20.48
INV974275,2024-06-03,CUST0647,Germany,P1015,Winter Jacket,3,120.0,360.0
INV865206,2024-08-07,CUST0712,France,P1015,Winter Jacket,4,119.82,479.28
INV116009,2024-12-16,CUST0001,Germany,P1005,Office Chair,4,90.23,360.92
INV776135,2024-05-21,CUST0228,France,P1008,Water Bottle,4,11.73,46.92
INV682196,2024-08-22,CUST0615,Germany,P1009,Backpack,2,43.7,87.4
INV387793,2023-01-01,CUST0413,Germany,P1005,Office Chair,2,89.82,179.64
INV534108,2024-11-08,CUST0616,Canada,P1012,Gaming Headset,4,54.27,217.08
INV878904,2024-09-29,CUST0247,India,P1009,Backpack,3,43.21,129.63
INV210236,2024-08-01,CUST0237,Usa,P1003,Notebook Set,3,6.62,19.86
INV936784,2024-08-14,CUST0203,Australia,P1009,Backpack,5,43.52,217.6
INV284164,2024-04-09,CUST0015,Germany,P1012,Gaming Headset,4,53.4,213.6
INV282873,2024-08-21,CUST0403,India,P1004,Desk Lamp,4,20.99,83.96
INV325223,2024-11-01,CUST0603,Canada,P1010,Phone Case,4,9.71,38.84
INV516074,2024-10-22,CUST0699,Germany,P1006,Coffee Mug,5,7.86,39.3
INV142411,2024-12-05,CUST0357,Canada,P1015,Winter Jacket,2,116.22,232.44
INV240707,2024-09-04,CUST0693,France,P1010,Phone Case,2,9.52,19.04
INV230686,2024-05-14,CUST0311,Uk,P1013,Sticky Notes Pack,4,4.4,17.6
INV226852,2024-12-20,CUST0652,Uk,P1014,Running Shoes,4,64.86,259.44
INV772706,2023-01-01,CUST0791,Germany,P1005,Office Chair,1,93.21,93.21
INV503846,2023-01-01,CUST0665,India,P1004,Desk Lamp,2,21.46,42.92
INV553098,2024-05-29,CUST0176,Usa,P1010,Phone Case,4,10.36,41.44
INV390053,2024-11-17,CUST0589,Usa,P1004,Desk Lamp,2,22.37,44.74
INV200307,2024-02-08,CUST0538,France,P1010,Phone Case,2,10.24,20.48
INV124280,2024-06-11,CUST0214,Australia,P1011,Table Lamp,5,26.19,130.95
INV250832,2024-11-08,CUST0013,Australia,P1003,Notebook Set,5,6.44,32.2
INV650785,2023-03-25,CUST0792,Usa,P1008,Water Bottle,1,11.46,11.46
INV160990,2024-10-21,CUST0652,Uk,P1005,Office Chair,5,92.29,461.45
INV635873,2024-08-20,CUST0511,India,P1010,Phone Case,2,9.95,19.9
INV471386,2024-05-30,CUST0159,France,P1003,Notebook Set,5,6.56,32.8
INV230703,2023-05-25,CUST0271,Australia,P1001,Wireless Mouse,5,15.31,76.55
INV261945,2024-08-27,CUST0655,Uk,P1003,Notebook Set,1,6.74,6.74
INV994389,2024-11-29,CUST0536,France,P1013,Sticky Notes Pack,4,4.4,17.6
INV381604,2024-04-28,CUST0033,Germany,P1007,Yoga Mat,5,20.38,101.9
INV218297,2024-09-09,CUST0569,Uk,P1002,Bluetooth Speaker,5,36.22,181.1
INV740150,2024-12-14,CUST0338,Usa,P1008,Water Bottle,1,11.77,11.77
INV814528,2024-08-11,CUST0713,India,P1001,Wireless Mouse,1,16.09,16.09
INV190001,2024-12-19,CUST0692,Canada,P1001,Wireless Mouse,4,15.27,61.08
INV776754,2024-05-19,CUST0699,Germany,P1003,Notebook Set,1,6.81,6.81
INV908169,2024-11-15,CUST0536,France,P1015,Winter Jacket,3,124.9,374.7
INV834782,2024-08-14,CUST0628,Usa,P1014,Running Shoes,2,64.44,128.88
INV373047,2024-09-23,CUST0186,India,P1005,Office Chair,2,93.39,186.78
INV721064,2024-12-29,CUST0245,Germany,P1010,Phone Case,1,10.4,10.4
INV748152,2024-12-15,CUST0439,France,P1006,Coffee Mug,4,7.96,31.84
INV764193,2024-09-17,CUST0770,Canada,P1015,Winter Jacket,1,120.21,120.21
INV236490,2023-10-08,CUST0098,Australia,P1008,Water Bottle,2,11.62,23.24
INV324738,2023-11-30,CUST0743,Germany,P1002,Bluetooth Speaker,2,34.45,68.9
INV968747,2024-12-13,CUST0316,Usa,P1006,Coffee Mug,1,8.61,8.61
INV753608,2024-03-30,CUST0268,Australia,P1001,Wireless Mouse,1,16.3,16.3
INV570524,2024-08-08,CUST0263,France,P1008,Water Bottle,3,11.26,33.78
INV619600,2024-11-16,CUST0615,Germany,P1005,Office Chair,3,85.73,257.19
INV335727,2024-09-01,CUST0575,India,P1011,Table Lamp,4,26.92,107.68
INV468131,2024-12-08,CUST0779,Germany,P1014,Running Shoes,4,63.21,252.84
INV744204,2024-07-24,CUST0021,Brazil,P1007,Yoga Mat,4,19.68,78.72
INV640717,2024-03-07,CUST0622,France,P1001,Wireless Mouse,3,15.55,46.65
INV562842,2024-08-25,CUST0087,Australia,P1005,Office Chair,5,93.96,469.8
INV461619,2023-07-08,CUST0022,Usa,P1003,Notebook Set,1,6.42,6.42
INV927505,2024-09-23,CUST0753,Canada,P1004,Desk Lamp,2,21.5,43.0
INV619603,2023-10-26,CUST0401,France,P1007,Yoga Mat,4,19.62,78.48
INV483106,2023-02-24,CUST0596,Australia,P1008,Water Bottle,3,11.8,35.4
INV672655,2024-06-18,CUST0669,India,P1014,Running Shoes,1,66.55,66.55
INV474198,2024-06-30,CUST0239,Canada,P1006,Coffee Mug,5,8.09,40.45
INV371228,2023-04-26,CUST0686,Canada,P1006,Coffee Mug,1,8.37,8.37
INV883607,2024-08-10,CUST0378,India,P1007,Yoga Mat,4,19.01,76.04
INV697232,2024-05-02,CUST0557,India,P1012,Gaming Headset,2,57.48,114.96
INV589969,2024-11-15,CUST0436,Brazil,P1013,Sticky Notes Pack,4,4.16,16.64
INV722584,2023-09-07,CUST0704,France,P1012,Gaming Headset,1,56.64,56.64
INV224865,2024-11-23,CUST0407,Australia,P1001,Wireless Mouse,4,16.57,66.28
INV126402,2023-01-01,CUST0006,France,P1001,Wireless Mouse,1,15.34,15.34
INV894955,2023-01-01,CUST0725,Uk,P1006,Coffee Mug,3,8.45,25.35
INV334490,2024-12-09,CUST0289,France,P1015,Winter Jacket,1,114.66,114.66
INV157235,2024-08-23,CUST0273,India,P1002,Bluetooth Speaker,1,34.86,34.86
INV361305,2024-09-01,CUST0634,Usa,P1001,Wireless Mouse,3,15.96,47.88
INV555977,2023-12-24,CUST0615,Germany,P1009,Backpack,5,45.23,226.15
INV656212,2024-01-12,CUST0103,India,P1014,Running Shoes,1,63.74,63.74
INV157381,2024-01-30,CUST0756,Canada,P1001,Wireless Mouse,2,15.9,31.8
INV392378,2024-12-04,CUST0652,Uk,P1013,Sticky Notes Pack,1,4.18,4.18
INV600209,2023-01-01,CUST0011,Usa,P1012,Gaming Headset,4,55.27,221.08
INV591039,2024-07-04,CUST0723,Australia,P1005,Office Chair,2,92.53,185.06
INV744160,2024-06-29,CUST0580,France,P1002,Bluetooth Speaker,3,34.48,103.44
INV219387,2023-01-01,CUST0632,France,P1008,Water Bottle,1,11.37,11.37
INV184126,2024-09-06,CUST0099,Brazil,P1007,Yoga Mat,2,19.8,39.6
INV882376,2024-05-09,CUST0519,France,P1013,Sticky Notes Pack,5,4.08,20.4
INV107150,2024-12-07,CUST0603,Canada,P1013,Sticky Notes Pack,1,4.22,4.22
INV576287,2023-11-13,CUST0505,Uk,P1005,Office Chair,5,86.32,431.6
INV999279,2024-02-06,CUST0035,Australia,P1003,Notebook Set,1,7.04,7.04
INV770993,2024-11-10,CUST0741,Brazil,P1001,Wireless Mouse,3,16.17,48.51
INV709027,2023-11-22,CUST0754,Australia,P1013,Sticky Notes Pack,1,4.16,4.16
INV925275,2024-12-16,CUST0072,Germany,P1011,Table Lamp,5,26.8,134.0
INV363581,2024-09-02,CUST0410,France,P1012,Gaming Headset,5,53.75,268.75
INV685167,2024-12-18,CUST0212,India,P1009,Backpack,2,44.32,88.64
INV686957,2023-01-01,CUST0418,Brazil,P1007,Yoga Mat,5,20.11,100.55
INV550455,2024-05-01,CUST0683,Canada,P1011,Table Lamp,5,26.53,132.65
INV227003,2024-06-21,CUST0268,Australia,P1015,Winter Jacket,5,116.52,582.6
INV781792,2024-12-08,CUST0670,Brazil,P1006,Coffee Mug,3,8.25,24.75
INV434860,2024-07-14,CUST0556,Brazil,P1014,Running Shoes,5,65.05,325.25
INV434391,2024-08-21,CUST0650,Germany,P1006,Coffee Mug,3,7.95,23.85
INV695498,2023-01-01,CUST0240,France,P1014,Running Shoes,2,64.41,128.82
INV735355,2024-01-23,CUST0493,Canada,P1010,Phone Case,5,10.24,51.2
INV141562,2024-12-12,CUST0316,Usa,P1015,Winter Jacket,2,114.02,228.04
INV396807,2024-08-23,CUST0731,India,P1007,Yoga Mat,3,19.76,59.28
INV720746,2024-06-15,CUST0134,Usa,P1010,Phone Case,1,10.23,10.23
INV555934,2024-02-02,CUST0531,France,P1012,Gaming Headset,5,57.12,285.6
INV247526,2024-11-19,CUST0080,Uk,P1012,Gaming Headset,3,52.3,156.9
INV903182,2024-09-11,CUST0736,Uk,P1005,Office Chair,1,86.53,86.53
INV718769,2024-08-22,CUST0524,France,P1003,Notebook Set,5,7.05,35.25
INV892226,2024-08-23,CUST0260,Canada,P1006,Coffee Mug,3,8.28,24.84
INV764404,2024-01-05,CUST0088,Germany,P1014,Running Shoes,2,65.81,131.62
INV624970,2024-12-22,CUST0041,France,P1011,Table Lamp,2,27.55,55.1
INV549861,2024-02-24,CUST0487,France,P1012,Gaming Headset,2,56.76,113.52
INV481282,2024-09-16,CUST0399,France,P1003,Notebook Set,5,6.5,32.5
INV982619,2023-01-01,CUST0454,Canada,P1010,Phone Case,2,10.1,20.2
INV574125,2023-08-02,CUST0280,Usa,P1002,Bluetooth Speaker,1,34.03,34.03
INV260603,2023-06-16,CUST0260,Canada,P1001,Wireless Mouse,2,16.56,33.12
INV744704,2024-08-14,CUST0548,Brazil,P1015,Winter Jacket,5,117.13,585.65
INV416703,2024-08-30,CUST0104,India,P1010,Phone Case,3,10.17,30.51
INV329390,2023-01-01,CUST0493,Canada,P1009,Backpack,5,43.01,215.05
INV718257,2024-11-30,CUST0055,Brazil,P1006,Coffee Mug,1,8.16,8.16
INV595078,2023-09-14,CUST0245,Germany,P1003,Notebook Set,3,6.53,19.59
INV642552,2023-09-14,CUST0014,Uk,P1006,Coffee Mug,2,8.59,17.18
INV919339,2024-10-12,CUST0694,Germany,P1010,Phone Case,5,9.72,48.6
INV536672,2024-11-12,CUST0382,Germany,P1013,Sticky Notes Pack,2,4.26,8.52
INV960747,2023-08-20,CUST0371,Australia,P1002,Bluetooth Speaker,5,35.44,177.2
INV687489,2024-08-24,CUST0676,Canada,P1012,Gaming Headset,5,54.45,272.25
INV384825,2023-01-01,CUST0289,France,P1005,Office Chair,3,92.74,278.22
INV306361,2024-01-05,CUST0758,Uk,P1015,Winter Jacket,3,119.58,358.74
INV794972,2023-01-01,CUST0627,Australia,P1010,Phone Case,2,9.84,19.68
INV617243,2023-11-05,CUST0103,India,P1003,Notebook Set,1,7.04,7.04
INV758093,2024-08-03,CUST0064,Brazil,P1007,Yoga Mat,1,19.73,19.73
INV329203,2024-10-04,CUST0069,Canada,P1015,Winter Jacket,2,115.15,230.3
INV221571,2023-08-10,CUST0758,Uk,P1009,Backpack,2,45.62,91.24
INV225909,2024-12-21,CUST0213,Australia,P1002,Bluetooth Speaker,5,32.85,164.25
INV443387,2024-04-05,CUST0440,Brazil,P1005,Office Chair,5,87.84,439.2
INV529990,2023-04-15,CUST0238,Germany,P1015,Winter Jacket,1,118.42,118.42
INV702678,2024-08-03,CUST0466,Uk,P1003,Notebook Set,3,7.05,21.15
INV823570,2023-08-17,CUST0114,Brazil,P1001,Wireless Mouse,3,16.25,48.75
INV634625,2024-10-15,CUST0254,Canada,P1015,Winter Jacket,4,125.62,502.48
INV480264,2024-08-26,CUST0231,France,P1003,Notebook Set,4,6.88,27.52
INV849657,2023-01-23,CUST0657,Uk,P1012,Gaming Headset,4,56.49,225.96
INV231232,2023-12-22,CUST0252,Australia,P1014,Running Shoes,2,65.23,130.46
INV560292,2024-08-29,CUST0692,Canada,P1007,Yoga Mat,2,19.56,39.12
INV899468,2024-10-27,CUST0688,Usa,P1009,Backpack,4,44.74,178.96
INV373744,2024-02-17,CUST0713,India,P1008,Water Bottle,2,11.26,22.52
INV555235,2024-11-11,CUST0497,Brazil,P1007,Yoga Mat,2,20.32,40.64
INV225366,2024-08-19,CUST0056,Australia,P1002,Bluetooth Speaker,5,33.46,167.3
INV868560,2024-04-25,CUST0238,Germany,P1001,Wireless Mouse,1,15.22,15.22
INV545086,2024-01-07,CUST0737,Australia,P1004,Desk Lamp,1,22.91,22.91
INV674736,2024-09-25,CUST0338,Usa,P1012,Gaming Headset,4,56.83,227.32
INV999008,2023-01-01,CUST0627,Australia,P1010,Phone Case,1,10.1,10.1
INV917121,2024-07-28,CUST0237,Usa,P1006,Coffee Mug,4,8.53,34.12
INV226062,2024-11-27,CUST0677,France,P1003,Notebook Set,3,6.78,20.34
INV515330,2024-11-29,CUST0333,Canada,P1010,Phone Case,1,10.22,10.22
INV849012,2024-09-01,CUST0491,Australia,P1001,Wireless Mouse,3,16.57,49.71
INV239764,2024-04-01,CUST0304,France,P1008,Water Bottle,2,11.2,22.4
INV623215,2024-09-13,CUST0180,India,P1004,Desk Lamp,3,21.03,63.09
INV289770,2024-11-09,CUST0219,Canada,P1012,Gaming Headset,1,56.74,56.74
INV547421,2023-01-01,CUST0004,India,P1004,Desk Lamp,1,21.65,21.65
INV126403,2024-08-01,CUST0011,Usa,P1005,Office Chair,2,87.42,174.84
INV905022,2024-12-08,CUST0350,France,P1006,Coffee Mug,5,8.42,42.1
INV359641,2024-12-07,CUST0107,France,P1004,Desk Lamp,1,21.37,21.37
INV439704,2024-12-29,CUST0530,Uk,P1003,Notebook Set,5,6.45,32.25
INV296712,2024-12-14,CUST0630,India,P1015,Winter Jacket,3,118.69,356.07
INV827077,2024-08-17,CUST0580,France,P1001,Wireless Mouse,4,15.51,62.04
INV812218,2024-08-18,CUST0717,Brazil,P1001,Wireless Mouse,1,15.38,15.38
INV614745,2023-01-01,CUST0228,France,P1002,Bluetooth Speaker,5,32.9,164.5
INV736953,2024-10-20,CUST0139,India,P1012,Gaming Headset,3,57.69,173.07
INV923656,2024-07-09,CUST0652,Uk,P1006,Coffee Mug,5,8.38,41.9
INV530657,2023-04-29,CUST0245,Germany,P1001,Wireless Mouse,2,16.32,32.64
INV600265,2024-09-18,CUST0611,India,P1011,Table Lamp,4,26.71,106.84
INV435771,2023-08-02,CUST0656,Canada,P1012,Gaming Headset,5,55.88,279.4
INV557018,2024-10-03,CUST0615,Germany,P1003,Notebook Set,3,6.99,20.97
INV163425,2024-02-14,CUST0136,Canada,P1005,Office Chair,3,86.57,259.71
INV546125,2024-12-12,CUST0382,Germany,P1012,Gaming Headset,5,56.5,282.5
INV285488,2024-07-26,CUST0383,Australia,P1006,Coffee Mug,3,8.19,24.57
INV927180,2024-09-13,CUST0137,France,P1005,Office Chair,5,88.32,441.6
INV260251,2024-06-07,CUST0581,Usa,P1005,Office Chair,1,88.15,88.15
INV255046,2024-08-02,CUST0442,Usa,P1007,Yoga Mat,2,20.68,41.36
INV648436,2024-08-09,CUST0633,Uk,P1001,Wireless Mouse,1,16.73,16.73
INV134454,2024-07-21,CUST0735,Brazil,P1010,Phone Case,3,9.88,29.64
INV863573,2023-01-01,CUST0274,Germany,P1010,Phone Case,1,9.7,9.7
INV770993,2024-11-10,CUST0741,Brazil,P1012,Gaming Headset,4,55.82,223.28
INV979907,2023-05-28,CUST0433,Usa,P1011,Table Lamp,1,26.34,26.34
INV719064,2024-05-02,CUST0331,Uk,P1009,Backpack,5,47.19,235.95
INV435301,2024-07-06,CUST0439,France,P1013,Sticky Notes Pack,5,4.41,22.05
INV256106,2024-10-05,CUST0454,Canada,P1003,Notebook Set,1,6.48,6.48
INV150176,2024-05-07,CUST0362,Brazil,P1014,Running Shoes,1,65.73,65.73
INV684122,2024-11-13,CUST0481,Usa,P1006,Coffee Mug,4,8.57,34.28
INV943029,2024-06-04,CUST0399,France,P1011,Table Lamp,2,26.56,53.12
INV284625,2024-12-02,CUST0260,Canada,P1006,Coffee Mug,4,8.6,34.4
INV639450,2024-09-07,CUST0694,Germany,P1004,Desk Lamp,1,21.65,21.65
INV113165,2024-01-27,CUST0213,Australia,P1009,Backpack,5,47.22,236.1
INV947032,2024-01-30,CUST0398,Usa,P1009,Backpack,5,44.11,220.55
INV886742,2024-09-09,CUST0717,Brazil,P1014,Running Shoes,5,67.73,338.65
INV909358,2023-01-01,CUST0331,Uk,P1014,Running Shoes,1,64.68,64.68
INV162318,2024-06-23,CUST0253,France,P1008,Water Bottle,3,12.02,36.06
INV982262,2024-08-15,CUST0659,India,P1013,Sticky Notes Pack,1,4.05,4.05
INV377293,2023-01-01,CUST0622,France,P1001,Wireless Mouse,1,16.11,16.11
INV319459,2024-07-24,CUST0579,Brazil,P1006,Coffee Mug,3,8.45,25.35
INV524893,2024-06-25,CUST0722,Usa,P1012,Gaming Headset,2,56.16,112.32
INV189694,2024-01-24,CUST0688,Usa,P1008,Water Bottle,2,11.18,22.36
INV706355,2024-08-31,CUST0087,Australia,P1012,Gaming Headset,5,52.96,264.8
INV636294,2024-11-27,CUST0623,India,P1013,Sticky Notes Pack,2,4.28,8.56
INV903265,2024-08-09,CUST0004,India,P1009,Backpack,1,43.64,43.64
INV733902,2024-10-01,CUST0159,France,P1009,Backpack,2,46.44,92.88
INV901699,2024-06-26,CUST0082,Australia,P1015,Winter Jacket,4,114.06,456.24
INV622171,2024-06-28,CUST0005,Brazil,P1008,Water Bottle,1,11.48,11.48
INV396577,2024-04-16,CUST0004,India,P1015,Winter Jacket,4,118.87,475.48
INV506086,2024-12-13,CUST0170,Uk,P1004,Desk Lamp,1,21.52,21.52
INV256707,2024-12-14,CUST0038,Germany,P1005,Office Chair,2,90.15,180.3
INV389802,2024-07-23,CUST0769,Canada,P1010,Phone Case,4,10.37,41.48
INV718179,2023-01-01,CUST0260,Canada,P1015,Winter Jacket,2,117.1,234.2
INV361610,2024-06-09,CUST0536,France,P1014,Running Shoes,1,62.81,62.81
INV310841,2024-10-29,CUST0430,Australia,P1005,Office Chair,5,86.29,431.45
INV944177,2024-04-03,CUST0195,Australia,P1011,Table Lamp,3,28.34,85.02
INV453755,2023-03-14,CUST0516,Usa,P1004,Desk Lamp,3,21.09,63.27
INV278762,2024-10-19,CUST0454,Canada,P1007,Yoga Mat,3,20.65,61.95
INV295238,2024-06-11,CUST0015,Germany,P1006,Coffee Mug,5,8.28,41.4
INV975035,2024-05-09,CUST0535,France,P1005,Office Chair,2,90.02,180.04
INV697982,2023-01-01,CUST0742,India,P1008,Water Bottle,1,12.04,12.04
INV553543,2024-07-05,CUST0011,Usa,P1012,Gaming Headset,1,55.91,55.91
INV282906,2024-08-20,CUST0335,Canada,P1011,Table Lamp,1,27.77,27.77
INV618563,2023-08-08,CUST0318,Brazil,P1002,Bluetooth Speaker,4,35.96,143.84
INV875493,2024-10-25,CUST0439,France,P1012,Gaming Headset,2,57.3,114.6
INV617293,2024-11-28,CUST0459,Canada,P1011,Table Lamp,5,26.58,132.9
INV975063,2024-11-19,CUST0689,Usa,P1003,Notebook Set,4,6.58,26.32
INV502665,2023-01-01,CUST0791,Germany,P1012,Gaming Headset,5,54.05,270.25
INV692698,2024-11-21,CUST0034,Canada,P1014,Running Shoes,4,67.93,271.72
INV461359,2023-01-01,CUST0327,Usa,P1001,Wireless Mouse,2,16.44,32.88
INV182845,2024-03-21,CUST0637,France,P1002,Bluetooth Speaker,3,35.33,105.99
INV631423,2023-01-01,CUST0761,Brazil,P1010,Phone Case,4,9.68,38.72
INV971486,2024-10-08,CUST0175,Canada,P1001,Wireless Mouse,3,15.69,47.07
INV443189,2024-12-13,CUST0631,France,P1013,Sticky Notes Pack,5,4.16,20.8
INV861734,2024-04-08,CUST0331,Uk,P1013,Sticky Notes Pack,5,4.4,22.0
INV164080,2024-03-23,CUST0630,India,P1001,Wireless Mouse,5,16.22,81.1
INV895218,2024-10-03,CUST0492,Usa,P1008,Water Bottle,5,11.37,56.85
INV463620,2024-04-10,CUST0661,India,P1004,Desk Lamp,3,22.93,68.79
INV188006,2024-07-15,CUST0596,Australia,P1002,Bluetooth Speaker,1,34.12,34.12
INV987401,2024-08-12,CUST0188,France,P1014,Running Shoes,1,64.62,64.62
INV303691,2024-07-20,CUST0389,Uk,P1015,Winter Jacket,1,117.03,117.03
INV875916,2024-11-23,CUST0489,Brazil,P1003,Notebook Set,2,7.09,14.18
INV323948,2023-12-20,CUST0149,Brazil,P1008,Water Bottle,2,11.58,23.16
INV280569,2024-12-14,CUST0400,Uk,P1008,Water Bottle,1,11.96,11.96
INV538453,2024-09-11,CUST0237,Usa,P1010,Phone Case,1,10.35,10.35
INV436101,2024-10-10,CUST0745,France,P1001,Wireless Mouse,4,15.48,61.92
INV716732,2024-03-03,CUST0142,Germany,P1002,Bluetooth Speaker,4,33.5,134.0
INV301044,2024-08-05,CUST0784,France,P1014,Running Shoes,4,65.68,262.72
INV260223,2024-12-13,CUST0028,Germany,P1006,Coffee Mug,5,8.0,40.0
INV208187,2024-08-01,CUST0405,Germany,P1003,Notebook Set,1,7.03,7.03
INV351995,2024-07-11,CUST0400,Uk,P1006,Coffee Mug,2,8.62,17.24
INV727196,2024-10-08,CUST0692,Canada,P1012,Gaming Headset,2,57.37,114.74
INV466252,2024-07-26,CUST0238,Germany,P1002,Bluetooth Speaker,2,33.86,67.72
INV754211,2024-04-14,CUST0310,Usa,P1015,Winter Jacket,4,117.25,469.0
INV989334,2024-12-03,CUST0610,France,P1012,Gaming Headset,5,55.49,277.45
INV888300,2024-11-29,CUST0664,Uk,P1014,Running Shoes,1,63.86,63.86
INV389902,2024-02-11,CUST0480,India,P1007,Yoga Mat,5,20.09,100.45
INV309601,2023-08-05,CUST0661,India,P1006,Coffee Mug,1,8.22,8.22
INV161005,2024-06-14,CUST0378,India,P1006,Coffee Mug,5,8.46,42.3
INV419892,2024-11-10,CUST0694,Germany,P1009,Backpack,3,45.73,137.19
INV298262,2024-04-06,CUST0105,Usa,P1006,Coffee Mug,5,8.38,41.9
INV151069,2024-07-08,CUST0388,Canada,P1005,Office Chair,5,87.47,437.35
INV179333,2024-05-04,CUST0098,Australia,P1014,Running Shoes,5,66.99,334.95
INV753533,2023-12-06,CUST0667,Usa,P1007,Yoga Mat,1,20.67,20.67
INV422836,2024-12-04,CUST0621,Usa,P1001,Wireless Mouse,1,16.34,16.34
INV642830,2024-10-13,CUST0734,Uk,P1011,Table Lamp,2,28.8,57.6
INV134501,2024-10-17,CUST0509,Germany,P1003,Notebook Set,2,6.91,13.82
INV346403,2024-05-12,CUST0800,France,P1015,Winter Jacket,3,115.58,346.74
INV423574,2024-01-29,CUST0516,Usa,P1010,Phone Case,4,10.15,40.6
INV898378,2024-05-14,CUST0059,Australia,P1015,Winter Jacket,5,120.58,602.9
INV212392,2024-05-10,CUST0707,India,P1015,Winter Jacket,5,116.19,580.95
INV960017,2023-04-30,CUST0136,Canada,P1001,Wireless Mouse,4,16.06,64.24
INV188547,2023-09-03,CUST0001,Germany,P1001,Wireless Mouse,3,15.93,47.79
INV422469,2024-10-07,CUST0342,Germany,P1010,Phone Case,4,9.74,38.96
INV391093,2024-07-06,CUST0644,Germany,P1002,Bluetooth Speaker,5,36.07,180.35
INV848330,2023-07-17,CUST0400,Uk,P1003,Notebook Set,2,7.08,14.16
INV826879,2024-09-10,CUST0626,Germany,P1006,Coffee Mug,4,8.17,32.68
INV351525,2023-01-01,CUST0791,Germany,P1002,Bluetooth Speaker,5,33.07,165.35
INV145248,2024-10-13,CUST0512,Canada,P1010,Phone Case,2,10.44,20.88
INV967450,2024-09-03,CUST0418,Brazil,P1001,Wireless Mouse,5,16.05,80.25
INV257620,2024-09-18,CUST0017,France,P1013,Sticky Notes Pack,2,4.04,8.08
INV427795,2024-09-02,CUST0366,India,P1014,Running Shoes,3,64.36,193.08
INV812168,2024-04-30,CUST0064,Brazil,P1002,Bluetooth Speaker,3,35.39,106.17
INV817278,2024-09-09,CUST0701,Australia,P1001,Wireless Mouse,5,16.25,81.25
INV802448,2024-11-23,CUST0207,Usa,P1010,Phone Case,3,10.43,31.29
INV787221,2024-08-17,CUST0181,India,P1008,Water Bottle,4,11.07,44.28
INV619977,2024-12-14,CUST0688,Usa,P1001,Wireless Mouse,2,15.28,30.56
INV586980,2023-05-28,CUST0479,Germany,P1006,Coffee Mug,1,8.56,8.56
INV321002,2024-06-27,CUST0692,Canada,P1011,Table Lamp,2,28.33,56.66
INV614745,2023-01-01,CUST0228,France,P1008,Water Bottle,1,11.33,11.33
INV980424,2024-07-19,CUST0355,France,P1006,Coffee Mug,1,8.36,8.36
INV914056,2024-11-25,CUST0107,France,P1003,Notebook Set,4,6.58,26.32
INV978476,2023-06-28,CUST0507,Brazil,P1015,Winter Jacket,1,120.2,120.2
INV986338,2024-07-06,CUST0535,France,P1014,Running Shoes,3,64.94,194.82
INV225180,2023-01-20,CUST0252,Australia,P1008,Water Bottle,2,11.28,22.56
INV673760,2024-07-29,CUST0515,France,P1002,Bluetooth Speaker,3,36.09,108.27
INV681440,2023-01-01,CUST0072,Germany,P1006,Coffee Mug,5,7.99,39.95
INV842064,2024-09-15,CUST0203,Australia,P1005,Office Chair,1,94.14,94.14
INV796536,2024-12-04,CUST0345,France,P1014,Running Shoes,3,62.27,186.81
INV441065,2024-05-21,CUST0400,Uk,P1014,Running Shoes,1,64.47,64.47
INV762860,2024-08-11,CUST0184,Usa,P1014,Running Shoes,1,62.7,62.7
INV552196,2024-11-21,CUST0536,France,P1010,Phone Case,3,9.73,29.19
INV307705,2024-08-11,CUST0536,France,P1004,Desk Lamp,2,22.0,44.0
INV755737,2024-08-26,CUST0390,France,P1015,Winter Jacket,4,125.62,502.48
INV459486,2024-06-08,CUST0057,Canada,P1002,Bluetooth Speaker,5,34.12,170.6
INV326405,2024-11-04,CUST0451,Uk,P1006,Coffee Mug,4,7.92,31.68
INV717835,2024-07-20,CUST0745,France,P1001,Wireless Mouse,5,15.22,76.1
INV928623,2024-10-25,CUST0019,Australia,P1006,Coffee Mug,5,8.44,42.2
INV925466,2024-07-25,CUST0024,Brazil,P1009,Backpack,4,46.0,184.0
INV191965,2024-10-28,CUST0647,Germany,P1003,Notebook Set,4,6.72,26.88
INV342907,2024-05-18,CUST0785,India,P1006,Coffee Mug,2,8.42,16.84
INV459059,2023-01-01,CUST0004,India,P1015,Winter Jacket,4,116.09,464.36
INV899725,2024-03-07,CUST0235,India,P1007,Yoga Mat,5,19.03,95.15
INV966530,2023-09-22,CUST0040,Brazil,P1002,Bluetooth Speaker,1,34.88,34.88
INV124379,2024-07-25,CUST0033,Germany,P1014,Running Shoes,5,63.47,317.35
INV200631,2024-10-04,CUST0720,Germany,P1003,Notebook Set,1,6.71,6.71
INV489593,2024-11-30,CUST0647,Germany,P1013,Sticky Notes Pack,3,4.45,13.35
INV352400,2023-01-01,CUST0661,India,P1015,Winter Jacket,5,116.36,581.8
INV908302,2023-08-25,CUST0346,Canada,P1005,Office Chair,2,86.9,173.8
INV349886,2024-05-12,CUST0557,India,P1008,Water Bottle,1,11.62,11.62
INV724100,2024-10-30,CUST0407,Australia,P1006,Coffee Mug,2,8.4,16.8
INV489415,2023-01-01,CUST0349,France,P1009,Backpack,5,45.01,225.05
INV191965,2024-10-28,CUST0647,Germany,P1011,Table Lamp,2,28.03,56.06
INV855739,2024-04-05,CUST0480,India,P1010,Phone Case,5,10.47,52.35
INV970159,2024-06-28,CUST0758,Uk,P1006,Coffee Mug,3,7.97,23.91
INV527268,2024-10-08,CUST0491,Australia,P1010,Phone Case,1,10.41,10.41
INV398199,2024-08-18,CUST0015,Germany,P1001,Wireless Mouse,2,16.02,32.04
INV461030,2023-09-20,CUST0518,Germany,P1012,Gaming Headset,1,53.8,53.8
INV753608,2024-03-30,CUST0268,Australia,P1007,Yoga Mat,3,19.28,57.84
INV895127,2024-11-27,CUST0414,Australia,P1008,Water Bottle,4,11.07,44.28
INV620330,2024-11-03,CUST0761,Brazil,P1010,Phone Case,4,10.43,41.72
INV444295,2024-01-02,CUST0390,France,P1010,Phone Case,2,10.14,20.28
INV771757,2023-07-31,CUST0261,India,P1012,Gaming Headset,1,57.54,57.54
INV651975,2024-05-12,CUST0104,India,P1006,Coffee Mug,1,8.64,8.64
INV467626,2024-03-08,CUST0469,France,P1001,Wireless Mouse,4,16.45,65.8
INV342616,2024-05-18,CUST0745,France,P1001,Wireless Mouse,5,16.2,81.0
INV626843,2023-01-01,CUST0694,Germany,P1003,Notebook Set,2,6.46,12.92
INV133860,2023-11-22,CUST0524,France,P1009,Backpack,2,42.81,85.62
INV175631,2024-04-05,CUST0182,Brazil,P1013,Sticky Notes Pack,3,4.32,12.96
INV394452,2024-11-30,CUST0213,Australia,P1008,Water Bottle,4,10.98,43.92
INV538453,2024-09-11,CUST0237,Usa,P1005,Office Chair,1,91.34,91.34
INV269732,2023-01-01,CUST0743,Germany,P1014,Running Shoes,3,64.2,192.6
INV679752,2024-01-08,CUST0797,India,P1011,Table Lamp,5,26.93,134.65
INV778427,2024-11-18,CUST0371,Australia,P1008,Water Bottle,4,11.49,45.96
INV427335,2024-03-10,CUST0646,Usa,P1002,Bluetooth Speaker,1,35.9,35.9
INV801386,2024-12-01,CUST0713,India,P1015,Winter Jacket,3,125.9,377.7
INV176090,2024-08-20,CUST0386,India,P1005,Office Chair,5,88.48,442.4
INV559540,2024-09-19,CUST0770,Canada,P1015,Winter Jacket,3,120.95,362.85
INV962873,2023-01-01,CUST0699,Germany,P1007,Yoga Mat,5,19.31,96.55
INV429874,2024-11-18,CUST0014,Uk,P1009,Backpack,3,43.39,130.17
INV890032,2024-09-20,CUST0310,Usa,P1015,Winter Jacket,2,125.84,251.68
INV364697,2024-01-28,CUST0096,Uk,P1001,Wireless Mouse,2,15.69,31.38
INV707029,2023-04-11,CUST0170,Uk,P1001,Wireless Mouse,4,16.58,66.32
INV646959,2024-06-30,CUST0536,France,P1007,Yoga Mat,2,20.29,40.58
INV335515,2023-09-09,CUST0117,Germany,P1004,Desk Lamp,4,22.15,88.6
INV424177,2024-01-07,CUST0427,Germany,P1003,Notebook Set,5,6.71,33.55
INV950331,2023-09-13,CUST0502,Usa,P1008,Water Bottle,2,11.96,23.92
INV717457,2024-08-31,CUST0405,Germany,P1002,Bluetooth Speaker,3,33.71,101.13
INV521370,2023-01-01,CUST0407,Australia,P1010,Phone Case,5,10.05,50.25
INV720860,2024-06-30,CUST0731,India,P1011,Table Lamp,1,27.71,27.71
INV448620,2024-12-10,CUST0243,Germany,P1003,Notebook Set,2,7.04,14.08
INV576287,2023-11-13,CUST0505,Uk,P1001,Wireless Mouse,1,15.9,15.9
INV636294,2024-11-27,CUST0623,India,P1008,Water Bottle,4,11.44,45.76
INV815180,2024-11-04,CUST0686,Canada,P1011,Table Lamp,4,26.87,107.48
INV617008,2024-08-27,CUST0104,India,P1013,Sticky Notes Pack,2,4.31,8.62
INV602085,2024-08-15,CUST0090,Canada,P1009,Backpack,5,43.97,219.85
INV365181,2023-08-15,CUST0232,Brazil,P1006,Coffee Mug,5,8.17,40.85
INV626540,2024-09-09,CUST0781,Brazil,P1005,Office Chair,1,87.13,87.13
INV885035,2024-02-29,CUST0414,Australia,P1012,Gaming Headset,4,53.72,214.88
INV847358,2024-10-15,CUST0651,Brazil,P1013,Sticky Notes Pack,3,4.27,12.81
INV981483,2024-02-22,CUST0670,Brazil,P1010,Phone Case,3,10.13,30.39
INV439689,2024-11-19,CUST0190,Canada,P1013,Sticky Notes Pack,5,4.11,20.55
INV878737,2024-10-30,CUST0098,Australia,P1008,Water Bottle,5,11.53,57.65
INV518488,2024-08-22,CUST0281,Canada,P1012,Gaming Headset,5,57.07,285.35
INV557725,2024-12-14,CUST0144,Uk,P1003,Notebook Set,2,6.61,13.22
INV863020,2024-06-11,CUST0015,Germany,P1011,Table Lamp,3,26.55,79.65
INV740150,2024-12-14,CUST0338,Usa,P1005,Office Chair,4,91.29,365.16
INV122048,2024-08-11,CUST0143,Germany,P1004,Desk Lamp,1,21.14,21.14
INV583522,2024-11-06,CUST0250,Uk,P1006,Coffee Mug,3,7.97,23.91
INV460620,2024-09-09,CUST0419,India,P1010,Phone Case,2,9.98,19.96
INV279521,2024-08-18,CUST0457,Uk,P1007,Yoga Mat,3,20.1,60.3
INV626697,2024-10-02,CUST0349,France,P1012,Gaming Headset,1,56.34,56.34
INV886645,2024-08-22,CUST0402,Canada,P1007,Yoga Mat,4,20.88,83.52
INV734747,2023-07-24,CUST0121,Canada,P1009,Backpack,3,43.91,131.73
INV973009,2023-10-26,CUST0742,India,P1003,Notebook Set,4,7.05,28.2
INV640890,2024-12-12,CUST0734,Uk,P1015,Winter Jacket,5,124.09,620.45
INV571258,2024-09-01,CUST0174,India,P1002,Bluetooth Speaker,4,33.13,132.52
INV637226,2024-12-17,CUST0589,Usa,P1001,Wireless Mouse,2,15.52,31.04
INV467445,2024-11-01,CUST0349,France,P1002,Bluetooth Speaker,2,33.47,66.94
INV904799,2024-12-05,CUST0692,Canada,P1009,Backpack,3,43.54,130.62
INV215425,2024-08-07,CUST0228,France,P1001,Wireless Mouse,3,15.4,46.2
INV713888,2023-11-25,CUST0544,Canada,P1011,Table Lamp,3,27.21,81.63
INV370744,2023-10-30,CUST0426,India,P1005,Office Chair,2,92.77,185.54
INV946244,2024-12-10,CUST0005,Brazil,P1004,Desk Lamp,5,22.01,110.05
INV471048,2024-01-10,CUST0139,India,P1007,Yoga Mat,4,20.0,80.0
INV452192,2023-04-26,CUST0431,Germany,P1003,Notebook Set,2,6.41,12.82
INV309886,2023-01-01,CUST0153,India,P1009,Backpack,4,45.09,180.36
INV841084,2024-11-03,CUST0080,Uk,P1014,Running Shoes,5,65.44,327.2
INV561595,2024-02-03,CUST0614,Brazil,P1003,Notebook Set,5,7.02,35.1
INV643603,2024-11-08,CUST0647,Germany,P1009,Backpack,2,44.25,88.5
INV112073,2024-03-11,CUST0100,Usa,P1015,Winter Jacket,2,119.7,239.4
INV946308,2024-11-29,CUST0055,Brazil,P1015,Winter Jacket,4,119.77,479.08
INV966563,2023-11-06,CUST0401,France,P1007,Yoga Mat,2,20.19,40.38
INV687969,2023-01-01,CUST0117,Germany,P1015,Winter Jacket,2,121.04,242.08
INV889735,2024-01-19,CUST0622,France,P1009,Backpack,2,43.14,86.28
INV831779,2023-01-01,CUST0310,Usa,P1012,Gaming Headset,4,52.57,210.28
INV825160,2024-08-24,CUST0694,Germany,P1012,Gaming Headset,5,55.0,275.0
INV652968,2024-09-06,CUST0228,France,P1002,Bluetooth Speaker,4,35.56,142.24
INV197635,2023-11-01,CUST0006,France,P1015,Winter Jacket,2,124.82,249.64
INV682960,2024-09-09,CUST0319,Brazil,P1008,Water Bottle,5,11.67,58.35
INV337160,2023-01-01,CUST0350,France,P1015,Winter Jacket,4,125.03,500.12
INV906387,2024-07-23,CUST0454,Canada,P1009,Backpack,5,46.1,230.5
INV508460,2024-02-20,CUST0072,Germany,P1015,Winter Jacket,2,117.81,235.62
INV944177,2024-04-03,CUST0195,Australia,P1005,Office Chair,4,85.75,343.0
INV945474,2023-01-01,CUST0301,Australia,P1008,Water Bottle,4,11.32,45.28
INV416266,2024-09-09,CUST0725,Uk,P1013,Sticky Notes Pack,5,4.4,22.0
INV379432,2024-08-09,CUST0697,France,P1007,Yoga Mat,5,20.29,101.45
INV361670,2023-11-17,CUST0623,India,P1007,Yoga Mat,4,19.83,79.32
INV889121,2023-01-01,CUST0153,India,P1010,Phone Case,2,9.96,19.92
INV787578,2024-12-29,CUST0228,France,P1002,Bluetooth Speaker,5,34.22,171.1
INV125297,2023-01-01,CUST0333,Canada,P1005,Office Chair,2,94.29,188.58
INV603200,2024-11-16,CUST0204,Australia,P1012,Gaming Headset,4,56.82,227.28
INV797149,2024-08-01,CUST0685,Germany,P1010,Phone Case,3,9.53,28.59
INV548514,2024-07-03,CUST0674,Germany,P1003,Notebook Set,4,6.57,26.28
INV227283,2023-11-01,CUST0679,Uk,P1008,Water Bottle,5,11.68,58.4
INV719097,2023-10-18,CUST0022,Usa,P1013,Sticky Notes Pack,5,4.36,21.8
INV554508,2024-09-30,CUST0289,France,P1004,Desk Lamp,1,22.18,22.18
INV699387,2024-06-25,CUST0663,Australia,P1013,Sticky Notes Pack,2,4.3,8.6
INV447031,2024-10-07,CUST0240,France,P1006,Coffee Mug,1,8.22,8.22
INV848429,2024-12-17,CUST0699,Germany,P1005,Office Chair,1,90.9,90.9
INV749217,2024-09-18,CUST0048,Australia,P1010,Phone Case,5,10.21,51.05
INV510482,2024-11-04,CUST0732,Germany,P1005,Office Chair,3,86.91,260.73
INV717182,2024-10-13,CUST0458,France,P1008,Water Bottle,3,11.22,33.66
INV510482,2024-11-04,CUST0732,Germany,P1006,Coffee Mug,4,8.44,33.76
INV336327,2024-05-24,CUST0602,Germany,P1014,Running Shoes,2,65.16,130.32
INV504729,2023-01-01,CUST0432,Australia,P1015,Winter Jacket,2,115.89,231.78
INV559735,2023-01-01,CUST0034,Canada,P1001,Wireless Mouse,1,15.76,15.76
INV993560,2024-05-12,CUST0267,Germany,P1005,Office Chair,2,94.26,188.52
INV619977,2024-12-14,CUST0688,Usa,P1002,Bluetooth Speaker,1,34.96,34.96
INV435771,2023-08-02,CUST0656,Canada,P1014,Running Shoes,4,67.85,271.4
INV145548,2024-08-06,CUST0671,Canada,P1006,Coffee Mug,1,8.41,8.41
INV725913,2024-11-28,CUST0528,Australia,P1009,Backpack,1,46.02,46.02
INV477578,2024-06-21,CUST0289,France,P1015,Winter Jacket,4,116.48,465.92
INV905459,2023-01-01,CUST0634,Usa,P1002,Bluetooth Speaker,3,33.0,99.0
INV138344,2024-11-29,CUST0721,Brazil,P1001,Wireless Mouse,3,15.89,47.67
INV396640,2024-12-05,CUST0448,Canada,P1003,Notebook Set,2,6.81,13.62
INV843048,2024-11-11,CUST0154,Germany,P1002,Bluetooth Speaker,1,33.14,33.14
INV999456,2024-10-16,CUST0142,Germany,P1014,Running Shoes,3,66.34,199.02
INV678139,2024-07-13,CUST0213,Australia,P1005,Office Chair,4,90.49,361.96
INV968791,2024-02-29,CUST0121,Canada,P1013,Sticky Notes Pack,5,4.42,22.1
INV834397,2024-04-17,CUST0161,Germany,P1004,Desk Lamp,3,22.5,67.5
INV890489,2024-02-11,CUST0301,Australia,P1003,Notebook Set,1,6.99,6.99
INV414372,2024-08-21,CUST0056,Australia,P1009,Backpack,3,44.67,134.01
INV192551,2024-11-08,CUST0608,Canada,P1015,Winter Jacket,3,124.28,372.84
INV367566,2024-08-18,CUST0675,Canada,P1003,Notebook Set,2,6.96,13.92
INV198409,2024-12-04,CUST0688,Usa,P1008,Water Bottle,5,11.78,58.9
INV682858,2024-04-08,CUST0166,Usa,P1002,Bluetooth Speaker,5,35.53,177.65
INV411618,2024-08-27,CUST0373,Brazil,P1006,Coffee Mug,1,8.64,8.64
INV245746,2023-01-01,CUST0699,Germany,P1014,Running Shoes,3,63.97,191.91
INV512925,2023-12-20,CUST0681,Germany,P1010,Phone Case,5,10.17,50.85
INV156542,2024-12-08,CUST0456,Brazil,P1012,Gaming Headset,2,55.75,111.5
INV577570,2023-12-30,CUST0310,Usa,P1007,Yoga Mat,4,19.28,77.12
INV985430,2023-10-27,CUST0742,India,P1006,Coffee Mug,3,8.16,24.48
INV210319,2023-01-01,CUST0772,Australia,P1003,Notebook Set,5,6.96,34.8
INV610834,2024-04-08,CUST0187,India,P1004,Desk Lamp,3,22.38,67.14
INV406001,2024-08-30,CUST0253,France,P1003,Notebook Set,5,6.82,34.1
INV793433,2024-12-03,CUST0631,France,P1015,Winter Jacket,2,116.0,232.0
INV156926,2023-11-20,CUST0540,Australia,P1010,Phone Case,4,9.74,38.96
INV878146,2023-11-26,CUST0220,Brazil,P1007,Yoga Mat,4,20.34,81.36
INV246085,2024-08-31,CUST0700,India,P1009,Backpack,5,44.86,224.3
INV649182,2024-11-17,CUST0245,Germany,P1012,Gaming Headset,3,53.94,161.82
INV284625,2024-12-02,CUST0260,Canada,P1013,Sticky Notes Pack,5,4.07,20.35
INV652035,2023-10-29,CUST0001,Germany,P1015,Winter Jacket,5,118.19,590.95
INV238577,2023-12-08,CUST0517,Brazil,P1012,Gaming Headset,3,55.8,167.4
INV317949,2024-11-20,CUST0301,Australia,P1005,Office Chair,5,92.17,460.85
INV470608,2023-07-17,CUST0730,Usa,P1010,Phone Case,4,9.79,39.16
INV623497,2024-04-08,CUST0288,Brazil,P1009,Backpack,2,45.94,91.88
INV688186,2024-01-31,CUST0515,France,P1007,Yoga Mat,2,20.45,40.9
INV238397,2024-08-02,CUST0102,Usa,P1011,Table Lamp,5,27.16,135.8
INV746892,2024-12-13,CUST0741,Brazil,P1008,Water Bottle,2,11.52,23.04
INV199701,2023-01-01,CUST0333,Canada,P1009,Backpack,2,44.31,88.62
INV127271,2023-01-01,CUST0228,France,P1003,Notebook Set,2,6.59,13.18
INV455395,2023-09-02,CUST0657,Uk,P1006,Coffee Mug,4,8.35,33.4
INV920638,2024-09-09,CUST0681,Germany,P1004,Desk Lamp,2,23.05,46.1
INV235890,2023-12-07,CUST0570,Brazil,P1004,Desk Lamp,3,21.46,64.38
INV889750,2024-08-27,CUST0564,Australia,P1012,Gaming Headset,4,54.13,216.52
INV139825,2024-09-17,CUST0210,Usa,P1015,Winter Jacket,2,121.43,242.86
INV758853,2024-05-30,CUST0781,Brazil,P1006,Coffee Mug,5,8.29,41.45
INV347190,2024-10-24,CUST0237,Usa,P1001,Wireless Mouse,1,16.47,16.47
INV620870,2024-10-08,CUST0130,Germany,P1006,Coffee Mug,3,8.59,25.77
INV414013,2024-09-18,CUST0395,Germany,P1014,Running Shoes,4,67.96,271.84
INV171329,2024-03-24,CUST0756,Canada,P1009,Backpack,3,45.11,135.33
INV486807,2024-09-18,CUST0239,Canada,P1003,Notebook Set,1,6.88,6.88
INV748003,2024-06-28,CUST0277,Uk,P1009,Backpack,5,44.25,221.25
INV639232,2024-09-25,CUST0387,Brazil,P1004,Desk Lamp,5,21.87,109.35
INV833897,2024-04-02,CUST0631,France,P1004,Desk Lamp,4,21.64,86.56
INV899287,2023-01-01,CUST0228,France,P1007,Yoga Mat,4,19.25,77.0
INV820802,2024-04-18,CUST0688,Usa,P1012,Gaming Headset,3,53.7,161.1
INV127064,2023-11-12,CUST0490,Canada,P1014,Running Shoes,3,63.64,190.92
INV973926,2023-03-02,CUST0571,Canada,P1009,Backpack,3,46.81,140.43
INV550911,2024-09-02,CUST0274,Germany,P1013,Sticky Notes Pack,5,4.22,21.1
INV357003,2023-04-03,CUST0225,Germany,P1014,Running Shoes,1,63.74,63.74
INV481016,2024-09-20,CUST0475,Canada,P1009,Backpack,1,45.48,45.48
INV890489,2024-02-11,CUST0301,Australia,P1013,Sticky Notes Pack,3,4.38,13.14
INV233361,2024-05-09,CUST0344,Uk,P1003,Notebook Set,5,6.8,34.0
INV978566,2024-09-03,CUST0678,Germany,P1015,Winter Jacket,1,115.38,115.38
INV761314,2024-05-28,CUST0731,India,P1014,Running Shoes,4,66.7,266.8
INV363872,2024-12-28,CUST0132,Australia,P1006,Coffee Mug,3,8.36,25.08
INV808748,2024-09-24,CUST0557,India,P1006,Coffee Mug,3,8.38,25.14
INV459592,2024-11-26,CUST0109,Australia,P1004,Desk Lamp,3,22.12,66.36
INV521165,2024-06-26,CUST0627,Australia,P1002,Bluetooth Speaker,2,33.09,66.18
INV886546,2024-05-16,CUST0735,Brazil,P1009,Backpack,4,44.69,178.76
INV873572,2024-07-25,CUST0117,Germany,P1011,Table Lamp,2,26.26,52.52
INV246559,2024-10-03,CUST0218,Australia,P1001,Wireless Mouse,2,16.44,32.88
INV341405,2024-08-20,CUST0197,Uk,P1010,Phone Case,1,9.97,9.97
INV145548,2024-08-06,CUST0671,Canada,P1012,Gaming Headset,5,54.54,272.7
INV184722,2024-02-08,CUST0008,Germany,P1010,Phone Case,5,9.8,49.0
INV848265,2024-11-27,CUST0736,Uk,P1005,Office Chair,3,91.58,274.74
INV643603,2024-11-08,CUST0647,Germany,P1004,Desk Lamp,1,21.13,21.13
INV538271,2024-09-10,CUST0152,Uk,P1009,Backpack,3,44.8,134.4
INV560514,2024-12-03,CUST0333,Canada,P1013,Sticky Notes Pack,5,4.13,20.65
INV235491,2023-01-11,CUST0661,India,P1003,Notebook Set,2,6.85,13.7
INV434665,2024-07-23,CUST0157,Australia,P1005,Office Chair,2,91.25,182.5
INV300681,2024-08-07,CUST0251,Germany,P1012,Gaming Headset,2,53.84,107.68
INV930240,2024-08-28,CUST0267,Germany,P1008,Water Bottle,3,11.84,35.52
INV585187,2023-01-01,CUST0136,Canada,P1003,Notebook Set,3,6.43,19.29
INV671707,2023-08-05,CUST0565,India,P1006,Coffee Mug,2,8.08,16.16
INV644221,2023-11-23,CUST0552,Germany,P1004,Desk Lamp,4,21.56,86.24
INV586460,2024-11-15,CUST0571,Canada,P1015,Winter Jacket,5,116.84,584.2
INV381653,2024-09-05,CUST0183,Uk,P1014,Running Shoes,4,67.59,270.36
INV888300,2024-11-29,CUST0664,Uk,P1013,Sticky Notes Pack,1,4.17,4.17
INV288728,2024-06-22,CUST0032,Brazil,P1008,Water Bottle,3,11.18,33.54
INV705219,2024-12-15,CUST0610,France,P1005,Office Chair,2,91.58,183.16
INV402710,2024-11-12,CUST0342,Germany,P1014,Running Shoes,5,68.07,340.35
INV334227,2023-01-01,CUST0090,Canada,P1011,Table Lamp,3,26.72,80.16
INV250832,2024-11-08,CUST0013,Australia,P1005,Office Chair,4,89.67,358.68
INV453862,2024-11-13,CUST0679,Uk,P1012,Gaming Headset,1,55.14,55.14
INV606266,2024-01-10,CUST0094,France,P1002,Bluetooth Speaker,4,35.28,141.12
INV291440,2023-04-20,CUST0238,Germany,P1013,Sticky Notes Pack,1,4.22,4.22
INV511002,2024-06-28,CUST0050,Canada,P1001,Wireless Mouse,2,15.85,31.7
INV333123,2024-10-31,CUST0016,France,P1009,Backpack,5,46.33,231.65
INV758147,2024-02-20,CUST0100,Usa,P1010,Phone Case,5,10.08,50.4
INV803579,2024-08-02,CUST0220,Brazil,P1013,Sticky Notes Pack,5,4.07,20.35
INV732129,2023-01-01,CUST0692,Canada,P1014,Running Shoes,3,63.57,190.71
INV782974,2024-07-24,CUST0673,Canada,P1006,Coffee Mug,4,8.5,34.0
INV623779,2024-07-19,CUST0498,Brazil,P1007,Yoga Mat,3,19.79,59.37
INV684692,2024-07-06,CUST0585,Brazil,P1004,Desk Lamp,5,21.58,107.9
INV137921,2024-10-08,CUST0333,Canada,P1004,Desk Lamp,1,21.99,21.99
INV918044,2024-11-12,CUST0570,Brazil,P1007,Yoga Mat,5,20.03,100.15
INV715589,2024-11-14,CUST0462,France,P1006,Coffee Mug,4,8.08,32.32
INV473280,2024-05-05,CUST0229,Brazil,P1011,Table Lamp,4,26.18,104.72
INV400686,2024-08-16,CUST0489,Brazil,P1006,Coffee Mug,1,8.44,8.44
INV857772,2024-09-15,CUST0703,Canada,P1009,Backpack,3,43.99,131.97
INV621104,2024-10-28,CUST0315,Germany,P1015,Winter Jacket,5,124.81,624.05
INV151217,2024-07-29,CUST0585,Brazil,P1007,Yoga Mat,2,20.97,41.94
INV805587,2024-07-07,CUST0476,Canada,P1009,Backpack,2,46.81,93.62
INV720746,2024-06-15,CUST0134,Usa,P1010,Phone Case,4,10.03,40.12
INV578755,2024-07-27,CUST0532,France,P1005,Office Chair,3,94.05,282.15
INV509559,2024-10-03,CUST0043,France,P1012,Gaming Headset,1,56.21,56.21
INV524893,2024-06-25,CUST0722,Usa,P1014,Running Shoes,2,66.47,132.94
INV212291,2024-11-26,CUST0591,India,P1006,Coffee Mug,4,8.16,32.64
INV827948,2024-05-29,CUST0099,Brazil,P1005,Office Chair,5,86.01,430.05
INV241878,2024-08-13,CUST0071,Germany,P1006,Coffee Mug,5,8.26,41.3
INV594874,2023-09-14,CUST0301,Australia,P1012,Gaming Headset,2,52.44,104.88
INV527268,2024-10-08,CUST0491,Australia,P1007,Yoga Mat,1,19.99,19.99
INV696703,2024-07-07,CUST0147,Germany,P1006,Coffee Mug,3,7.97,23.91
INV759176,2024-07-31,CUST0532,France,P1002,Bluetooth Speaker,4,32.8,131.2
INV564694,2024-01-07,CUST0298,Canada,P1010,Phone Case,5,9.91,49.55
INV508903,2024-08-08,CUST0062,Uk,P1010,Phone Case,1,9.69,9.69
INV683876,2024-11-11,CUST0260,Canada,P1006,Coffee Mug,4,8.29,33.16
INV681440,2023-01-01,CUST0072,Germany,P1012,Gaming Headset,2,53.55,107.1
INV848929,2024-05-30,CUST0049,France,P1002,Bluetooth Speaker,4,33.94,135.76
INV477100,2024-04-01,CUST0576,Australia,P1006,Coffee Mug,5,7.99,39.95
INV532582,2024-04-14,CUST0602,Germany,P1004,Desk Lamp,4,21.17,84.68
INV496547,2023-01-01,CUST0652,Uk,P1003,Notebook Set,1,6.59,6.59
INV635420,2024-12-12,CUST0439,France,P1010,Phone Case,1,9.68,9.68
INV555656,2024-12-21,CUST0031,Usa,P1013,Sticky Notes Pack,2,4.19,8.38
INV223894,2024-12-17,CUST0219,Canada,P1003,Notebook Set,1,6.47,6.47
INV696703,2024-07-07,CUST0147,Germany,P1013,Sticky Notes Pack,2,4.23,8.46
INV100006,2024-08-05,CUST0627,Australia,P1007,Yoga Mat,3,19.36,58.08
INV730776,2024-07-09,CUST0738,Canada,P1007,Yoga Mat,4,20.33,81.32
INV648404,2024-05-21,CUST0195,Australia,P1013,Sticky Notes Pack,4,4.08,16.32
INV405299,2024-12-13,CUST0279,France,P1013,Sticky Notes Pack,1,4.45,4.45
INV419420,2024-10-24,CUST0057,Canada,P1014,Running Shoes,2,63.15,126.3
INV264994,2023-09-22,CUST0483,Australia,P1004,Desk Lamp,2,21.27,42.54
INV985684,2024-01-16,CUST0699,Germany,P1008,Water Bottle,1,11.05,11.05
INV100466,2023-03-22,CUST0791,Germany,P1009,Backpack,4,46.59,186.36
INV594381,2024-09-17,CUST0590,Brazil,P1006,Coffee Mug,4,8.53,34.12
INV100834,2023-01-01,CUST0632,France,P1009,Backpack,3,44.47,133.41
INV554738,2023-04-24,CUST0103,India,P1015,Winter Jacket,1,122.0,122.0
INV509430,2023-06-30,CUST0169,Brazil,P1006,Coffee Mug,4,8.65,34.6
INV918520,2024-02-19,CUST0143,Germany,P1010,Phone Case,5,9.74,48.7
INV691898,2024-08-11,CUST0055,Brazil,P1009,Backpack,3,45.58,136.74
INV448226,2024-12-03,CUST0478,France,P1015,Winter Jacket,1,120.6,120.6
INV525273,2024-07-31,CUST0515,France,P1001,Wireless Mouse,1,15.72,15.72
INV261144,2024-08-12,CUST0240,France,P1003,Notebook Set,1,6.49,6.49
INV444251,2024-10-28,CUST0693,France,P1004,Desk Lamp,1,21.46,21.46
INV417066,2023-08-27,CUST0635,France,P1014,Running Shoes,1,62.61,62.61
INV814789,2024-11-17,CUST0755,Uk,P1011,Table Lamp,3,27.36,82.08
INV882711,2024-02-13,CUST0646,Usa,P1015,Winter Jacket,4,114.58,458.32
INV468612,2024-11-22,CUST0137,France,P1008,Water Bottle,2,10.99,21.98
INV588095,2024-09-08,CUST0270,Australia,P1006,Coffee Mug,1,7.9,7.9
INV412488,2024-12-15,CUST0053,India,P1009,Backpack,5,44.55,222.75
INV525191,2024-07-17,CUST0498,Brazil,P1011,Table Lamp,1,27.61,27.61
INV656617,2024-04-03,CUST0272,Brazil,P1014,Running Shoes,2,66.17,132.34
INV821750,2024-07-11,CUST0625,Australia,P1005,Office Chair,2,91.58,183.16
INV802957,2024-11-10,CUST0229,Brazil,P1005,Office Chair,2,92.46,184.92
INV883528,2024-09-14,CUST0559,India,P1002,Bluetooth Speaker,3,34.57,103.71
INV606398,2024-10-10,CUST0026,Canada,P1008,Water Bottle,1,11.85,11.85
INV799714,2024-06-17,CUST0646,Usa,P1009,Backpack,1,43.26,43.26
INV458761,2023-01-01,CUST0725,Uk,P1011,Table Lamp,3,27.53,82.59
INV126895,2024-12-30,CUST0394,Canada,P1010,Phone Case,5,10.07,50.35
INV516803,2024-06-27,CUST0057,Canada,P1006,Coffee Mug,2,8.27,16.54
INV834499,2024-08-26,CUST0776,Germany,P1006,Coffee Mug,3,7.85,23.55
INV141737,2024-09-29,CUST0555,India,P1009,Backpack,3,45.37,136.11
INV381552,2024-11-22,CUST0170,Uk,P1012,Gaming Headset,3,57.54,172.62
INV861394,2024-10-23,CUST0256,France,P1015,Winter Jacket,2,125.45,250.9
INV933556,2023-12-11,CUST0505,Uk,P1009,Backpack,5,46.57,232.85
INV783849,2023-12-24,CUST0622,France,P1010,Phone Case,3,9.71,29.13
INV316167,2024-04-20,CUST0240,France,P1007,Yoga Mat,1,20.53,20.53
INV661607,2024-01-22,CUST0098,Australia,P1007,Yoga Mat,1,20.14,20.14
INV101638,2024-03-05,CUST0442,Usa,P1006,Coffee Mug,5,8.15,40.75
INV419420,2024-10-24,CUST0057,Canada,P1002,Bluetooth Speaker,4,34.72,138.88
INV827375,2023-01-01,CUST0289,France,P1005,Office Chair,1,87.55,87.55
INV580629,2024-04-14,CUST0269,Brazil,P1008,Water Bottle,5,11.79,58.95
INV857181,2023-06-20,CUST0755,Uk,P1005,Office Chair,1,91.74,91.74
INV368943,2024-11-13,CUST0098,Australia,P1010,Phone Case,1,10.37,10.37
INV612050,2024-07-20,CUST0659,India,P1010,Phone Case,2,10.39,20.78
INV120420,2024-11-11,CUST0245,Germany,P1005,Office Chair,4,90.79,363.16
INV848929,2024-05-30,CUST0049,France,P1001,Wireless Mouse,4,15.99,63.96
INV215877,2024-12-16,CUST0457,Uk,P1011,Table Lamp,4,28.47,113.88
INV708819,2023-11-08,CUST0517,Brazil,P1014,Running Shoes,5,68.22,341.1
INV445462,2024-07-15,CUST0443,Canada,P1015,Winter Jacket,3,121.76,365.28
INV685070,2023-10-15,CUST0596,Australia,P1007,Yoga Mat,1,20.05,20.05
INV257611,2024-02-22,CUST0220,Brazil,P1005,Office Chair,2,86.98,173.96
INV265127,2024-06-01,CUST0596,Australia,P1005,Office Chair,2,94.44,188.88
INV533345,2023-08-24,CUST0280,Usa,P1002,Bluetooth Speaker,2,36.07,72.14
INV736268,2023-11-20,CUST0429,Germany,P1004,Desk Lamp,1,21.09,21.09
INV619901,2023-11-02,CUST0126,Brazil,P1009,Backpack,3,46.14,138.42
INV719581,2024-09-18,CUST0049,France,P1014,Running Shoes,1,67.86,67.86
INV683713,2024-04-08,CUST0602,Germany,P1002,Bluetooth Speaker,5,35.36,176.8
INV968894,2023-03-01,CUST0432,Australia,P1003,Notebook Set,3,6.92,20.76
INV456928,2024-10-10,CUST0115,Usa,P1015,Winter Jacket,1,125.15,125.15
INV953467,2024-11-27,CUST0536,France,P1015,Winter Jacket,2,121.66,243.32
INV487692,2024-02-02,CUST0265,India,P1011,Table Lamp,3,28.33,84.99
INV902541,2024-07-09,CUST0539,France,P1009,Backpack,1,44.67,44.67
INV966307,2023-09-15,CUST0670,Brazil,P1001,Wireless Mouse,1,16.74,16.74
INV982552,2023-01-01,CUST0245,Germany,P1005,Office Chair,5,85.68,428.4
INV389628,2024-11-15,CUST0440,Brazil,P1008,Water Bottle,1,11.53,11.53
INV806502,2024-08-07,CUST0634,Usa,P1008,Water Bottle,2,11.22,22.44
INV841968,2024-04-06,CUST0092,Australia,P1008,Water Bottle,4,11.72,46.88
INV767111,2024-12-18,CUST0498,Brazil,P1012,Gaming Headset,2,53.34,106.68
INV639753,2024-10-01,CUST0453,Uk,P1001,Wireless Mouse,3,16.73,50.19
INV903923,2024-07-27,CUST0033,Germany,P1007,Yoga Mat,1,19.31,19.31
INV113746,2023-01-01,CUST0245,Germany,P1015,Winter Jacket,1,119.63,119.63
INV416725,2024-09-07,CUST0474,Usa,P1015,Winter Jacket,5,118.25,591.25
INV723366,2024-05-19,CUST0190,Canada,P1004,Desk Lamp,2,22.21,44.42
INV538917,2024-07-17,CUST0110,Uk,P1007,Yoga Mat,5,20.05,100.25
INV307334,2023-05-26,CUST0192,Canada,P1009,Backpack,2,46.68,93.36
INV893058,2024-01-14,CUST0772,Australia,P1005,Office Chair,4,89.49,357.96
INV855364,2024-12-02,CUST0748,Germany,P1003,Notebook Set,5,6.96,34.8
INV999915,2024-09-05,CUST0265,India,P1008,Water Bottle,1,11.5,11.5
INV461359,2023-01-01,CUST0327,Usa,P1005,Office Chair,1,89.18,89.18
INV225188,2023-09-18,CUST0506,Canada,P1014,Running Shoes,2,62.51,125.02
INV737519,2024-11-30,CUST0055,Brazil,P1010,Phone Case,3,9.79,29.37
INV418914,2024-11-24,CUST0651,Brazil,P1006,Coffee Mug,2,8.24,16.48
INV471704,2024-02-11,CUST0424,Canada,P1005,Office Chair,1,92.85,92.85
INV230266,2024-11-14,CUST0057,Canada,P1005,Office Chair,5,88.19,440.95
INV562009,2024-09-22,CUST0365,Usa,P1009,Backpack,1,45.88,45.88
INV379883,2024-08-08,CUST0782,Australia,P1006,Coffee Mug,2,8.56,17.12
INV455099,2024-01-24,CUST0731,India,P1003,Notebook Set,3,7.02,21.06
INV453450,2024-11-21,CUST0004,India,P1009,Backpack,1,44.57,44.57
INV119809,2024-08-14,CUST0264,France,P1004,Desk Lamp,5,23.04,115.2
INV510482,2024-11-04,CUST0732,Germany,P1011,Table Lamp,4,27.53,110.12
INV809049,2023-12-03,CUST0210,Usa,P1004,Desk Lamp,5,22.4,112.0
INV801386,2024-12-01,CUST0713,India,P1005,Office Chair,2,92.78,185.56
INV722584,2023-09-07,CUST0704,France,P1015,Winter Jacket,1,121.06,121.06
INV809744,2023-07-29,CUST0420,Usa,P1005,Office Chair,5,90.25,451.25
INV195692,2024-10-13,CUST0103,India,P1015,Winter Jacket,4,124.46,497.84
INV674294,2024-07-25,CUST0272,Brazil,P1005,Office Chair,1,91.64,91.64
INV606940,2024-08-31,CUST0681,Germany,P1006,Coffee Mug,4,8.61,34.44
INV432371,2024-06-23,CUST0541,Usa,P1013,Sticky Notes Pack,4,4.2,16.8
INV711939,2024-11-28,CUST0126,Brazil,P1014,Running Shoes,3,67.17,201.51
INV622352,2024-09-14,CUST0661,India,P1003,Notebook Set,2,6.89,13.78
INV503431,2024-09-04,CUST0397,Australia,P1011,Table Lamp,4,28.71,114.84
INV851021,2024-09-03,CUST0415,Australia,P1008,Water Bottle,5,11.73,58.65
INV434684,2024-02-14,CUST0098,Australia,P1009,Backpack,3,44.31,132.93
INV148642,2024-06-26,CUST0127,India,P1006,Coffee Mug,1,8.38,8.38
INV183532,2024-09-15,CUST0046,Uk,P1004,Desk Lamp,4,21.13,84.52
INV997605,2024-04-11,CUST0120,France,P1004,Desk Lamp,4,22.92,91.68
INV660640,2024-07-26,CUST0346,Canada,P1001,Wireless Mouse,1,16.24,16.24
INV448949,2024-12-20,CUST0493,Canada,P1009,Backpack,1,44.26,44.26
INV746892,2024-12-13,CUST0741,Brazil,P1011,Table Lamp,5,28.62,143.1
INV964936,2024-09-16,CUST0081,Germany,P1006,Coffee Mug,3,7.96,23.88
INV126806,2024-11-27,CUST0315,Germany,P1002,Bluetooth Speaker,5,34.56,172.8
INV643906,2024-12-25,CUST0098,Australia,P1008,Water Bottle,3,11.89,35.67
INV192271,2024-02-09,CUST0678,Germany,P1002,Bluetooth Speaker,4,35.43,141.72
INV647445,2023-06-16,CUST0169,Brazil,P1012,Gaming Headset,4,55.46,221.84
INV872596,2024-11-07,CUST0685,Germany,P1010,Phone Case,3,9.52,28.56
INV750354,2023-06-08,CUST0688,Usa,P1012,Gaming Headset,2,55.54,111.08
INV700538,2024-11-19,CUST0713,India,P1013,Sticky Notes Pack,1,4.08,4.08
INV453450,2024-11-21,CUST0004,India,P1013,Sticky Notes Pack,1,4.26,4.26
INV755622,2024-12-03,CUST0505,Uk,P1007,Yoga Mat,1,19.31,19.31
INV677831,2024-02-09,CUST0762,Canada,P1005,Office Chair,1,88.15,88.15
INV627125,2023-06-20,CUST0063,Germany,P1001,Wireless Mouse,3,15.96,47.88
INV795418,2024-01-14,CUST0153,India,P1003,Notebook Set,2,6.78,13.56
INV663511,2024-11-20,CUST0143,Germany,P1010,Phone Case,3,10.34,31.02
INV989695,2023-08-17,CUST0022,Usa,P1001,Wireless Mouse,5,15.23,76.15
INV192285,2024-04-26,CUST0605,France,P1004,Desk Lamp,2,21.64,43.28
INV811413,2024-12-19,CUST0657,Uk,P1007,Yoga Mat,3,20.84,62.52
INV100770,2023-01-01,CUST0622,France,P1004,Desk Lamp,1,22.03,22.03
INV815136,2023-11-17,CUST0143,Germany,P1010,Phone Case,2,10.39,20.78
INV492789,2024-01-06,CUST0217,Australia,P1011,Table Lamp,1,27.48,27.48
INV132386,2024-06-03,CUST0596,Australia,P1013,Sticky Notes Pack,4,4.28,17.12
INV580016,2024-05-30,CUST0647,Germany,P1004,Desk Lamp,3,22.38,67.14
INV166191,2023-08-05,CUST0058,Brazil,P1007,Yoga Mat,5,20.05,100.25
INV488695,2023-11-22,CUST0089,Usa,P1013,Sticky Notes Pack,2,4.09,8.18
INV996577,2023-11-12,CUST0675,Canada,P1005,Office Chair,2,90.62,181.24
INV665773,2024-11-24,CUST0608,Canada,P1005,Office Chair,2,91.71,183.42
INV305765,2023-11-20,CUST0289,France,P1012,Gaming Headset,2,54.24,108.48
INV499070,2023-06-06,CUST0546,Australia,P1004,Desk Lamp,4,22.21,88.84
INV283849,2024-05-01,CUST0611,India,P1002,Bluetooth Speaker,3,36.12,108.36
INV656726,2024-07-23,CUST0418,Brazil,P1014,Running Shoes,4,64.12,256.48
INV719064,2024-05-02,CUST0331,Uk,P1008,Water Bottle,5,11.66,58.3
INV652476,2024-11-25,CUST0241,India,P1004,Desk Lamp,5,21.6,108.0
INV109356,2024-12-13,CUST0028,Germany,P1014,Running Shoes,1,64.46,64.46
INV310903,2023-01-01,CUST0688,Usa,P1010,Phone Case,1,10.01,10.01
INV288219,2024-09-20,CUST0790,France,P1002,Bluetooth Speaker,5,34.5,172.5
INV334149,2023-06-17,CUST0603,Canada,P1005,Office Chair,4,91.38,365.52
INV220620,2024-09-08,CUST0251,Germany,P1002,Bluetooth Speaker,5,34.72,173.6
INV508051,2024-08-16,CUST0453,Uk,P1015,Winter Jacket,4,116.25,465.0
INV730683,2024-11-06,CUST0599,Usa,P1005,Office Chair,3,89.26,267.78
INV252178,2024-07-21,CUST0596,Australia,P1012,Gaming Headset,3,56.06,168.18
INV494954,2024-06-30,CUST0016,France,P1015,Winter Jacket,2,121.79,243.58
INV933942,2024-08-12,CUST0622,France,P1008,Water Bottle,3,11.62,34.86
INV351745,2024-09-14,CUST0229,Brazil,P1013,Sticky Notes Pack,1,4.43,4.43
INV894172,2024-08-12,CUST0019,Australia,P1005,Office Chair,1,93.31,93.31
INV599460,2023-08-14,CUST0330,Germany,P1007,Yoga Mat,5,19.91,99.55
INV139468,2024-08-21,CUST0104,India,P1002,Bluetooth Speaker,3,34.17,102.51
INV496185,2023-10-22,CUST0629,India,P1013,Sticky Notes Pack,3,4.14,12.42
INV849432,2024-06-02,CUST0461,India,P1007,Yoga Mat,4,20.81,83.24
INV842054,2023-05-23,CUST0692,Canada,P1006,Coffee Mug,2,8.61,17.22
INV555977,2023-12-24,CUST0615,Germany,P1009,Backpack,4,42.79,171.16
INV986858,2023-01-01,CUST0370,India,P1008,Water Bottle,5,12.05,60.25
INV131081,2024-01-10,CUST0301,Australia,P1010,Phone Case,5,10.15,50.75
INV698685,2024-09-18,CUST0760,France,P1006,Coffee Mug,3,8.32,24.96
INV724919,2024-03-25,CUST0229,Brazil,P1004,Desk Lamp,1,22.16,22.16
INV928677,2024-06-09,CUST0005,Brazil,P1007,Yoga Mat,2,20.68,41.36
INV188452,2024-11-02,CUST0238,Germany,P1012,Gaming Headset,5,55.91,279.55
INV467567,2024-10-31,CUST0478,France,P1006,Coffee Mug,2,7.91,15.82
INV234998,2023-10-06,CUST0590,Brazil,P1001,Wireless Mouse,1,16.12,16.12
INV118262,2024-09-29,CUST0392,Germany,P1009,Backpack,1,46.73,46.73
INV541690,2023-06-01,CUST0782,Australia,P1004,Desk Lamp,5,22.35,111.75
INV646317,2023-07-29,CUST0198,Uk,P1002,Bluetooth Speaker,1,32.95,32.95
INV970744,2024-08-02,CUST0416,France,P1014,Running Shoes,1,63.6,63.6
INV307402,2024-11-03,CUST0631,France,P1004,Desk Lamp,3,22.89,68.67
INV378439,2024-12-11,CUST0661,India,P1015,Winter Jacket,5,124.44,622.2
INV364299,2023-02-07,CUST0068,France,P1001,Wireless Mouse,3,16.6,49.8
INV828860,2024-12-03,CUST0373,Brazil,P1006,Coffee Mug,1,8.22,8.22
INV835811,2024-12-01,CUST0732,Germany,P1005,Office Chair,2,85.64,171.28
INV255923,2024-09-29,CUST0292,Uk,P1001,Wireless Mouse,4,15.68,62.72
INV458173,2023-11-19,CUST0603,Canada,P1015,Winter Jacket,2,123.66,247.32
INV367797,2024-04-29,CUST0331,Uk,P1010,Phone Case,1,10.03,10.03
INV288474,2024-05-02,CUST0600,France,P1014,Running Shoes,4,63.87,255.48
INV819188,2023-09-15,CUST0680,India,P1009,Backpack,1,44.22,44.22
INV406323,2024-12-24,CUST0064,Brazil,P1015,Winter Jacket,5,117.03,585.15
INV210311,2024-11-28,CUST0174,India,P1002,Bluetooth Speaker,5,32.78,163.9
INV619600,2024-11-16,CUST0615,Germany,P1015,Winter Jacket,1,116.16,116.16
INV827077,2024-08-17,CUST0580,France,P1010,Phone Case,2,10.48,20.96
INV651986,2024-09-29,CUST0076,India,P1012,Gaming Headset,2,54.91,109.82
INV481557,2024-07-02,CUST0730,Usa,P1002,Bluetooth Speaker,1,34.12,34.12
INV469151,2024-04-28,CUST0352,Uk,P1013,Sticky Notes Pack,4,4.13,16.52
INV970835,2024-07-13,CUST0228,France,P1010,Phone Case,3,10.21,30.63
INV247869,2023-01-01,CUST0603,Canada,P1014,Running Shoes,2,67.16,134.32
INV809135,2024-03-27,CUST0754,Australia,P1006,Coffee Mug,4,8.28,33.12
INV707933,2023-01-01,CUST0096,Uk,P1001,Wireless Mouse,2,16.69,33.38
INV432213,2024-12-25,CUST0484,Usa,P1008,Water Bottle,4,11.34,45.36
INV415927,2024-05-24,CUST0212,India,P1002,Bluetooth Speaker,2,33.38,66.76
INV943089,2023-06-01,CUST0366,India,P1002,Bluetooth Speaker,4,35.48,141.92
INV674845,2023-04-25,CUST0630,India,P1004,Desk Lamp,5,20.95,104.75
INV858758,2023-12-06,CUST0474,Usa,P1002,Bluetooth Speaker,3,34.41,103.23
INV684209,2024-12-25,CUST0512,Canada,P1012,Gaming Headset,2,53.74,107.48
INV402250,2024-09-04,CUST0079,Germany,P1003,Notebook Set,3,6.76,20.28
INV318539,2024-10-30,CUST0533,Usa,P1009,Backpack,5,47.07,235.35
INV666554,2024-08-25,CUST0403,India,P1008,Water Bottle,2,11.78,23.56
INV550455,2024-05-01,CUST0683,Canada,P1010,Phone Case,1,10.4,10.4
INV467567,2024-10-31,CUST0478,France,P1010,Phone Case,3,10.39,31.17
INV173586,2024-12-21,CUST0761,Brazil,P1001,Wireless Mouse,3,15.66,46.98
INV862127,2023-09-17,CUST0540,Australia,P1013,Sticky Notes Pack,1,4.19,4.19
INV436966,2024-12-14,CUST0665,India,P1006,Coffee Mug,5,8.47,42.35
INV402034,2024-12-04,CUST0679,Uk,P1009,Backpack,4,45.73,182.92
INV599495,2024-12-20,CUST0289,France,P1011,Table Lamp,5,26.57,132.85
INV110145,2024-09-03,CUST0788,India,P1012,Gaming Headset,5,56.84,284.2
INV919402,2024-08-20,CUST0436,Brazil,P1002,Bluetooth Speaker,3,35.63,106.89
INV625250,2024-05-10,CUST0298,Canada,P1015,Winter Jacket,4,122.87,491.48
INV478728,2023-09-25,CUST0116,India,P1012,Gaming Headset,4,54.84,219.36
INV146845,2023-10-07,CUST0684,Usa,P1008,Water Bottle,4,11.38,45.52
INV875041,2024-05-22,CUST0370,India,P1010,Phone Case,3,9.84,29.52
INV369961,2024-09-08,CUST0406,France,P1002,Bluetooth Speaker,5,35.74,178.7
INV139468,2024-08-21,CUST0104,India,P1006,Coffee Mug,3,8.36,25.08
INV555897,2024-07-22,CUST0155,India,P1005,Office Chair,1,94.01,94.01
INV937222,2023-01-01,CUST0631,France,P1010,Phone Case,5,9.76,48.8
INV993987,2023-11-06,CUST0517,Brazil,P1007,Yoga Mat,5,20.55,102.75
INV212291,2024-11-26,CUST0591,India,P1004,Desk Lamp,4,21.72,86.88
INV234056,2024-07-26,CUST0405,Germany,P1004,Desk Lamp,3,22.21,66.63
INV880945,2024-07-25,CUST0670,Brazil,P1009,Backpack,5,45.92,229.6
INV455099,2024-01-24,CUST0731,India,P1009,Backpack,5,43.99,219.95
INV459121,2024-12-10,CUST0207,Usa,P1009,Backpack,3,43.73,131.19
INV133766,2024-10-22,CUST0587,Canada,P1001,Wireless Mouse,3,16.07,48.21
INV286144,2024-08-21,CUST0245,Germany,P1012,Gaming Headset,5,55.39,276.95
INV797149,2024-08-01,CUST0685,Germany,P1013,Sticky Notes Pack,1,4.27,4.27
INV267106,2023-12-30,CUST0701,Australia,P1008,Water Bottle,1,11.38,11.38
INV512058,2024-08-30,CUST0717,Brazil,P1010,Phone Case,5,9.73,48.65
INV275451,2024-03-02,CUST0430,Australia,P1007,Yoga Mat,5,20.12,100.6
INV968747,2024-12-13,CUST0316,Usa,P1004,Desk Lamp,2,21.11,42.22
INV616293,2024-08-23,CUST0661,India,P1007,Yoga Mat,5,19.65,98.25
INV978069,2024-08-14,CUST0792,Usa,P1007,Yoga Mat,2,20.68,41.36
INV687969,2023-01-01,CUST0117,Germany,P1015,Winter Jacket,1,116.68,116.68
INV848265,2024-11-27,CUST0736,Uk,P1004,Desk Lamp,2,22.67,45.34
INV389811,2024-03-04,CUST0663,Australia,P1011,Table Lamp,2,28.42,56.84
INV350128,2024-05-14,CUST0076,India,P1013,Sticky Notes Pack,1,4.15,4.15
INV453329,2024-07-02,CUST0228,France,P1001,Wireless Mouse,1,15.61,15.61
INV570955,2024-08-04,CUST0374,Canada,P1013,Sticky Notes Pack,5,4.17,20.85
INV878032,2024-09-27,CUST0072,Germany,P1002,Bluetooth Speaker,3,33.42,100.26
INV117733,2024-12-21,CUST0761,Brazil,P1001,Wireless Mouse,2,15.34,30.68
INV299503,2023-08-04,CUST0502,Usa,P1008,Water Bottle,1,11.41,11.41
INV918226,2024-10-30,CUST0436,Brazil,P1008,Water Bottle,2,11.51,23.02
INV177464,2024-10-13,CUST0622,France,P1011,Table Lamp,2,27.6,55.2
INV230673,2023-01-01,CUST0367,Usa,P1010,Phone Case,3,10.18,30.54
INV712606,2023-08-28,CUST0200,Usa,P1014,Running Shoes,3,66.33,198.99
INV855102,2024-08-24,CUST0505,Uk,P1006,Coffee Mug,3,8.55,25.65
INV908208,2024-08-04,CUST0256,France,P1004,Desk Lamp,1,22.98,22.98
INV703132,2023-08-01,CUST0545,Canada,P1012,Gaming Headset,1,56.57,56.57
INV878032,2024-09-27,CUST0072,Germany,P1010,Phone Case,1,9.7,9.7
INV529990,2023-04-15,CUST0238,Germany,P1014,Running Shoes,2,63.5,127.0
INV258789,2024-07-12,CUST0099,Brazil,P1014,Running Shoes,1,66.26,66.26
INV773509,2024-09-08,CUST0178,Australia,P1001,Wireless Mouse,3,15.82,47.46
INV348104,2023-11-27,CUST0216,France,P1004,Desk Lamp,1,22.63,22.63
INV274652,2024-05-10,CUST0648,Usa,P1012,Gaming Headset,2,52.25,104.5
INV188622,2024-03-19,CUST0474,Usa,P1008,Water Bottle,5,11.74,58.7
INV277341,2024-07-24,CUST0080,Uk,P1014,Running Shoes,3,67.04,201.12
INV967450,2024-09-03,CUST0418,Brazil,P1006,Coffee Mug,2,7.85,15.7
INV538453,2024-09-11,CUST0237,Usa,P1010,Phone Case,1,10.41,10.41
INV471364,2024-12-26,CUST0615,Germany,P1012,Gaming Headset,1,55.53,55.53
INV515330,2024-11-29,CUST0333,Canada,P1002,Bluetooth Speaker,3,32.96,98.88
INV235830,2024-12-06,CUST0645,Australia,P1007,Yoga Mat,4,19.65,78.6
INV808276,2024-11-23,CUST0670,Brazil,P1009,Backpack,2,44.11,88.22
INV223871,2024-05-21,CUST0798,Germany,P1001,Wireless Mouse,1,15.66,15.66
INV931620,2024-12-05,CUST0245,Germany,P1003,Notebook Set,4,6.72,26.88
INV529679,2024-03-31,CUST0190,Canada,P1005,Office Chair,2,86.76,173.52
INV455298,2024-08-10,CUST0221,France,P1005,Office Chair,2,89.25,178.5
INV266143,2023-10-09,CUST0216,France,P1001,Wireless Mouse,3,16.15,48.45
INV999804,2024-11-15,CUST0791,Germany,P1012,Gaming Headset,1,53.14,53.14
INV925340,2024-06-24,CUST0363,Germany,P1012,Gaming Headset,3,52.41,157.23
INV724031,2024-10-05,CUST0655,Uk,P1009,Backpack,5,46.01,230.05
INV188006,2024-07-15,CUST0596,Australia,P1013,Sticky Notes Pack,3,4.28,12.84
INV611749,2023-07-23,CUST0245,Germany,P1001,Wireless Mouse,5,16.66,83.3
INV292599,2024-05-02,CUST0192,Canada,P1010,Phone Case,5,10.17,50.85
INV675584,2024-06-16,CUST0098,Australia,P1010,Phone Case,5,10.39,51.95
INV703845,2024-07-12,CUST0004,India,P1003,Notebook Set,4,6.66,26.64
INV675202,2024-12-26,CUST0208,Usa,P1013,Sticky Notes Pack,3,4.38,13.14
INV430386,2023-01-01,CUST0190,Canada,P1002,Bluetooth Speaker,2,36.14,72.28
INV333667,2024-10-22,CUST0666,Canada,P1008,Water Bottle,2,11.53,23.06
INV257480,2023-01-01,CUST0301,Australia,P1009,Backpack,2,46.14,92.28
INV942292,2023-12-02,CUST0109,Australia,P1014,Running Shoes,2,61.76,123.52
INV345894,2024-03-29,CUST0159,France,P1009,Backpack,3,46.9,140.7
INV732765,2024-06-30,CUST0298,Canada,P1010,Phone Case,1,9.57,9.57
INV419997,2024-06-24,CUST0015,Germany,P1014,Running Shoes,4,63.38,253.52
INV198868,2024-12-13,CUST0187,India,P1007,Yoga Mat,3,19.36,58.08
INV249120,2024-04-26,CUST0107,France,P1005,Office Chair,1,89.63,89.63
INV219522,2023-07-12,CUST0098,Australia,P1008,Water Bottle,2,10.96,21.92
INV555656,2024-12-21,CUST0031,Usa,P1005,Office Chair,3,89.46,268.38
INV162412,2024-08-18,CUST0339,Brazil,P1015,Winter Jacket,4,118.75,475.0
INV266756,2024-08-04,CUST0292,Uk,P1008,Water Bottle,5,11.18,55.9
INV949631,2024-12-16,CUST0717,Brazil,P1008,Water Bottle,2,11.39,22.78
INV210319,2023-01-01,CUST0772,Australia,P1013,Sticky Notes Pack,2,4.18,8.36
INV848226,2024-12-14,CUST0725,Uk,P1001,Wireless Mouse,3,15.26,45.78
INV874724,2023-12-24,CUST0011,Usa,P1006,Coffee Mug,1,8.59,8.59
INV634772,2024-07-23,CUST0720,Germany,P1013,Sticky Notes Pack,1,4.22,4.22
INV135473,2024-07-14,CUST0636,Australia,P1012,Gaming Headset,5,56.1,280.5
INV506145,2024-11-25,CUST0510,Usa,P1007,Yoga Mat,3,20.48,61.44
INV363619,2024-08-27,CUST0669,India,P1005,Office Chair,1,91.83,91.83
INV757148,2024-12-17,CUST0664,Uk,P1002,Bluetooth Speaker,3,35.26,105.78
INV330543,2024-10-17,CUST0630,India,P1005,Office Chair,5,89.93,449.65
INV705527,2023-06-22,CUST0221,France,P1013,Sticky Notes Pack,3,4.14,12.42
INV504611,2023-01-01,CUST0745,France,P1008,Water Bottle,2,11.83,23.66
INV739703,2024-11-11,CUST0679,Uk,P1008,Water Bottle,4,11.3,45.2
INV135149,2024-11-25,CUST0512,Canada,P1006,Coffee Mug,4,8.38,33.52
INV111027,2024-08-25,CUST0455,India,P1005,Office Chair,4,90.58,362.32
INV286222,2024-12-28,CUST0141,Germany,P1011,Table Lamp,2,28.81,57.62
INV808301,2024-10-07,CUST0257,India,P1001,Wireless Mouse,3,15.65,46.95
INV939318,2023-01-01,CUST0331,Uk,P1007,Yoga Mat,3,19.0,57.0
INV741899,2024-09-01,CUST0646,Usa,P1006,Coffee Mug,2,8.58,17.16
INV964146,2023-11-07,CUST0533,Usa,P1003,Notebook Set,4,6.71,26.84
INV818722,2024-11-14,CUST0522,Germany,P1014,Running Shoes,5,67.57,337.85
INV546502,2024-04-13,CUST0288,Brazil,P1009,Backpack,1,45.5,45.5
INV508861,2024-09-19,CUST0454,Canada,P1008,Water Bottle,5,11.2,56.0
INV289995,2024-03-31,CUST0056,Australia,P1002,Bluetooth Speaker,4,33.7,134.8
INV288293,2024-05-08,CUST0252,Australia,P1002,Bluetooth Speaker,3,34.91,104.73
INV186726,2024-07-17,CUST0737,Australia,P1003,Notebook Set,4,7.05,28.2
INV868938,2024-05-07,CUST0685,Germany,P1001,Wireless Mouse,4,16.64,66.56
INV806164,2023-01-01,CUST0688,Usa,P1010,Phone Case,4,9.78,39.12
INV705322,2024-07-25,CUST0646,Usa,P1007,Yoga Mat,2,20.87,41.74
INV761545,2024-08-07,CUST0099,Brazil,P1014,Running Shoes,3,64.25,192.75
INV853485,2023-01-01,CUST0687,France,P1002,Bluetooth Speaker,1,34.42,34.42
INV754702,2024-04-15,CUST0238,Germany,P1015,Winter Jacket,1,123.97,123.97
INV704395,2024-12-03,CUST0385,France,P1009,Backpack,3,43.41,130.23
INV809049,2023-12-03,CUST0210,Usa,P1004,Desk Lamp,5,21.0,105.0
INV434684,2024-02-14,CUST0098,Australia,P1012,Gaming Headset,4,52.31,209.24
INV609492,2024-11-23,CUST0082,Australia,P1007,Yoga Mat,5,20.93,104.65
INV823570,2023-08-17,CUST0114,Brazil,P1014,Running Shoes,4,67.67,270.68
INV491430,2024-05-14,CUST0307,France,P1003,Notebook Set,2,6.65,13.3
INV133278,2024-08-12,CUST0117,Germany,P1001,Wireless Mouse,4,16.43,65.72
INV450276,2024-03-04,CUST0103,India,P1006,Coffee Mug,4,8.14,32.56
INV850528,2024-12-20,CUST0489,Brazil,P1008,Water Bottle,3,11.07,33.21
INV558488,2024-10-05,CUST0682,Usa,P1004,Desk Lamp,3,22.98,68.94
INV312728,2024-09-21,CUST0082,Australia,P1001,Wireless Mouse,2,15.76,31.52
INV842751,2023-08-29,CUST0493,Canada,P1011,Table Lamp,4,28.4,113.6
INV607869,2023-12-27,CUST0103,India,P1005,Office Chair,3,89.56,268.68
INV763213,2024-11-27,CUST0143,Germany,P1012,Gaming Headset,2,56.29,112.58
INV766077,2024-04-15,CUST0463,Germany,P1006,Coffee Mug,4,7.94,31.76
INV512058,2024-08-30,CUST0717,Brazil,P1015,Winter Jacket,4,114.23,456.92
INV304234,2024-11-01,CUST0512,Canada,P1015,Winter Jacket,5,125.47,627.35
INV252834,2024-06-19,CUST0417,Brazil,P1014,Running Shoes,5,64.46,322.3
INV853183,2024-07-28,CUST0581,Usa,P1005,Office Chair,1,88.45,88.45
INV659477,2024-05-31,CUST0094,France,P1002,Bluetooth Speaker,5,33.99,169.95
INV803910,2023-06-27,CUST0591,India,P1001,Wireless Mouse,3,16.36,49.08
INV347806,2024-06-18,CUST0548,Brazil,P1001,Wireless Mouse,1,15.31,15.31
INV245702,2024-10-29,CUST0013,Australia,P1011,Table Lamp,1,28.81,28.81
INV647690,2024-01-14,CUST0103,India,P1002,Bluetooth Speaker,3,35.35,106.05
INV534794,2024-11-19,CUST0275,Australia,P1011,Table Lamp,3,27.02,81.06
INV346298,2024-12-13,CUST0505,Uk,P1008,Water Bottle,5,11.51,57.55
INV221571,2023-08-10,CUST0758,Uk,P1013,Sticky Notes Pack,1,4.14,4.14
INV983815,2024-12-07,CUST0749,Germany,P1003,Notebook Set,1,6.75,6.75
INV922076,2024-09-14,CUST0389,Uk,P1001,Wireless Mouse,2,15.94,31.88
INV371698,2024-10-10,CUST0345,France,P1015,Winter Jacket,2,120.19,240.38
INV249698,2024-12-18,CUST0285,Usa,P1013,Sticky Notes Pack,3,4.12,12.36
INV398186,2024-12-24,CUST0264,France,P1002,Bluetooth Speaker,2,35.68,71.36
INV803806,2023-12-09,CUST0699,Germany,P1011,Table Lamp,3,27.51,82.53
INV990480,2024-07-20,CUST0699,Germany,P1002,Bluetooth Speaker,5,32.93,164.65
INV458173,2023-11-19,CUST0603,Canada,P1010,Phone Case,4,9.72,38.88
INV306493,2024-12-01,CUST0001,Germany,P1011,Table Lamp,2,26.7,53.4
INV452898,2024-11-20,CUST0652,Uk,P1005,Office Chair,3,85.75,257.25
INV430001,2024-12-05,CUST0617,Canada,P1001,Wireless Mouse,4,16.78,67.12
INV689084,2023-01-01,CUST0333,Canada,P1005,Office Chair,2,90.15,180.3
INV508051,2024-08-16,CUST0453,Uk,P1011,Table Lamp,3,26.95,80.85
INV331428,2024-07-01,CUST0674,Germany,P1002,Bluetooth Speaker,4,35.09,140.36
INV668934,2023-01-18,CUST0596,Australia,P1010,Phone Case,3,10.16,30.48
INV390119,2024-07-31,CUST0250,Uk,P1011,Table Lamp,5,28.71,143.55
INV312204,2024-05-29,CUST0587,Canada,P1009,Backpack,4,46.25,185.0
INV286323,2023-01-01,CUST0076,India,P1012,Gaming Headset,2,53.42,106.84
INV392407,2023-09-23,CUST0719,Germany,P1010,Phone Case,3,10.15,30.45
INV694608,2024-09-17,CUST0679,Uk,P1010,Phone Case,3,9.57,28.71
INV971117,2024-09-19,CUST0091,Brazil,P1003,Notebook Set,2,6.43,12.86
INV657476,2024-11-10,CUST0273,India,P1003,Notebook Set,5,6.97,34.85
INV272056,2023-10-28,CUST0003,Australia,P1013,Sticky Notes Pack,5,4.19,20.95
INV775833,2024-06-07,CUST0647,Germany,P1013,Sticky Notes Pack,1,4.26,4.26
INV851343,2024-10-27,CUST0082,Australia,P1002,Bluetooth Speaker,4,35.82,143.28
INV136005,2024-12-01,CUST0556,Brazil,P1010,Phone Case,1,10.26,10.26
INV205904,2023-12-11,CUST0215,Brazil,P1013,Sticky Notes Pack,4,4.08,16.32
INV730706,2024-07-23,CUST0208,Usa,P1014,Running Shoes,2,64.39,128.78
INV366928,2023-01-24,CUST0096,Uk,P1001,Wireless Mouse,4,15.57,62.28
INV178888,2024-01-15,CUST0663,Australia,P1003,Notebook Set,4,6.48,25.92
INV454311,2024-08-25,CUST0320,Canada,P1001,Wireless Mouse,3,16.11,48.33
INV179906,2023-01-01,CUST0096,Uk,P1002,Bluetooth Speaker,1,33.43,33.43
INV963028,2023-02-03,CUST0575,India,P1008,Water Bottle,2,11.32,22.64
INV927670,2024-10-13,CUST0574,India,P1010,Phone Case,4,10.35,41.4
INV730421,2024-03-16,CUST0546,Australia,P1009,Backpack,4,42.77,171.08
INV736915,2024-11-22,CUST0652,Uk,P1004,Desk Lamp,1,21.54,21.54
INV413736,2024-09-21,CUST0159,France,P1004,Desk Lamp,1,21.04,21.04
INV191407,2024-07-07,CUST0240,France,P1013,Sticky Notes Pack,3,4.41,13.23
INV362264,2023-12-27,CUST0302,Usa,P1006,Coffee Mug,5,8.53,42.65
INV174616,2024-05-08,CUST0102,Usa,P1008,Water Bottle,1,11.03,11.03
INV489066,2023-01-01,CUST0301,Australia,P1010,Phone Case,3,10.3,30.9
INV104828,2024-08-28,CUST0479,Germany,P1012,Gaming Headset,5,55.94,279.7
INV653660,2024-09-13,CUST0376,Canada,P1010,Phone Case,1,9.67,9.67
INV200319,2023-10-26,CUST0216,France,P1009,Backpack,2,43.11,86.22
INV390763,2024-11-03,CUST0142,Germany,P1004,Desk Lamp,5,21.5,107.5
INV368943,2024-11-13,CUST0098,Australia,P1004,Desk Lamp,1,22.91,22.91
INV878174,2023-08-02,CUST0575,India,P1013,Sticky Notes Pack,1,4.45,4.45
INV878737,2024-10-30,CUST0098,Australia,P1014,Running Shoes,5,67.38,336.9
INV444295,2024-01-02,CUST0390,France,P1001,Wireless Mouse,5,16.2,81.0
INV183658,2023-12-07,CUST0382,Germany,P1004,Desk Lamp,4,20.92,83.68
INV662770,2023-11-23,CUST0063,Germany,P1007,Yoga Mat,5,19.76,98.8
INV295598,2024-09-05,CUST0757,Usa,P1011,Table Lamp,2,27.43,54.86
INV186726,2024-07-17,CUST0737,Australia,P1002,Bluetooth Speaker,5,34.28,171.4
INV461096,2024-08-23,CUST0700,India,P1009,Backpack,2,44.18,88.36
INV325345,2024-09-09,CUST0497,Brazil,P1012,Gaming Headset,5,54.54,272.7
INV524305,2024-11-10,CUST0047,Brazil,P1014,Running Shoes,4,67.58,270.32
INV249648,2024-01-13,CUST0103,India,P1006,Coffee Mug,4,8.51,34.04
INV191480,2023-01-01,CUST0590,Brazil,P1001,Wireless Mouse,3,16.76,50.28
INV624240,2024-07-15,CUST0332,France,P1007,Yoga Mat,5,20.29,101.45
INV962434,2024-11-21,CUST0075,Canada,P1009,Backpack,4,46.99,187.96
INV920208,2023-02-09,CUST0575,India,P1002,Bluetooth Speaker,3,34.64,103.92
INV961203,2024-01-05,CUST0665,India,P1015,Winter Jacket,5,117.01,585.05
INV261257,2023-01-01,CUST0152,Uk,P1001,Wireless Mouse,4,16.26,65.04
INV797472,2024-03-06,CUST0561,Canada,P1010,Phone Case,5,10.46,52.3
INV221097,2024-09-28,CUST0548,Brazil,P1013,Sticky Notes Pack,1,4.34,4.34
INV687066,2024-11-24,CUST0139,India,P1012,Gaming Headset,4,54.52,218.08
INV866760,2023-10-13,CUST0527,Uk,P1015,Winter Jacket,2,114.93,229.86
INV776135,2024-05-21,CUST0228,France,P1006,Coffee Mug,5,8.51,42.55
INV133758,2024-12-01,CUST0493,Canada,P1012,Gaming Headset,4,57.26,229.04
INV382799,2024-09-20,CUST0197,Uk,P1007,Yoga Mat,4,20.9,83.6
INV775833,2024-06-07,CUST0647,Germany,P1013,Sticky Notes Pack,2,4.41,8.82
INV188379,2023-09-17,CUST0694,Germany,P1013,Sticky Notes Pack,2,4.09,8.18
INV775376,2024-06-12,CUST0405,Germany,P1001,Wireless Mouse,2,16.08,32.16
INV763638,2024-07-16,CUST0150,Germany,P1015,Winter Jacket,5,117.12,585.6
INV816437,2024-09-23,CUST0362,Brazil,P1003,Notebook Set,4,6.68,26.72
INV350128,2024-05-14,CUST0076,India,P1013,Sticky Notes Pack,5,4.2,21.0
INV314384,2024-07-28,CUST0130,Germany,P1012,Gaming Headset,4,53.77,215.08
INV620357,2024-11-09,CUST0137,France,P1010,Phone Case,1,10.25,10.25
INV489510,2024-12-11,CUST0245,Germany,P1008,Water Bottle,5,11.66,58.3
INV139633,2024-10-17,CUST0595,Usa,P1009,Backpack,3,47.2,141.6
INV689675,2024-01-07,CUST0386,India,P1013,Sticky Notes Pack,1,4.16,4.16
INV490735,2023-10-21,CUST0203,Australia,P1005,Office Chair,4,94.27,377.08
INV376409,2023-01-01,CUST0192,Canada,P1015,Winter Jacket,3,120.03,360.09
INV163810,2024-08-15,CUST0703,Canada,P1003,Notebook Set,5,6.99,34.95
INV106817,2023-01-01,CUST0357,Canada,P1002,Bluetooth Speaker,3,33.22,99.66
INV841968,2024-04-06,CUST0092,Australia,P1013,Sticky Notes Pack,1,4.37,4.37
INV695456,2024-03-13,CUST0121,Canada,P1013,Sticky Notes Pack,4,4.34,17.36
INV171447,2024-12-13,CUST0570,Brazil,P1004,Desk Lamp,5,22.25,111.25
INV632108,2024-05-26,CUST0304,France,P1002,Bluetooth Speaker,2,36.14,72.28
INV918525,2023-01-01,CUST0580,France,P1005,Office Chair,5,87.11,435.55
INV264994,2023-09-22,CUST0483,Australia,P1005,Office Chair,2,94.05,188.1
INV968822,2023-07-02,CUST0315,Germany,P1004,Desk Lamp,5,21.42,107.1
INV443541,2024-11-22,CUST0090,Canada,P1006,Coffee Mug,5,7.94,39.7
INV159985,2024-04-26,CUST0736,Uk,P1004,Desk Lamp,3,21.35,64.05
INV525140,2024-11-05,CUST0745,France,P1015,Winter Jacket,5,123.81,619.05
INV704753,2024-09-28,CUST0150,Germany,P1005,Office Chair,1,87.12,87.12
INV489382,2024-11-18,CUST0390,France,P1002,Bluetooth Speaker,3,33.34,100.02
INV719374,2024-10-11,CUST0738,Canada,P1007,Yoga Mat,2,19.89,39.78
INV652035,2023-10-29,CUST0001,Germany,P1010,Phone Case,3,10.41,31.23
INV125801,2024-10-31,CUST0648,Usa,P1007,Yoga Mat,4,20.81,83.24
INV824356,2024-09-26,CUST0215,Brazil,P1008,Water Bottle,5,12.05,60.25
INV416897,2023-01-01,CUST0590,Brazil,P1012,Gaming Headset,4,57.35,229.4
INV831493,2024-12-16,CUST0574,India,P1009,Backpack,5,44.28,221.4
INV315430,2024-10-31,CUST0149,Brazil,P1008,Water Bottle,5,11.11,55.55
INV564272,2023-01-01,CUST0505,Uk,P1003,Notebook Set,5,6.95,34.75
INV987774,2024-12-26,CUST0305,Australia,P1003,Notebook Set,1,6.73,6.73
INV537095,2024-06-24,CUST0768,France,P1004,Desk Lamp,4,22.05,88.2
INV696332,2023-10-11,CUST0125,Brazil,P1006,Coffee Mug,1,7.96,7.96
INV458670,2024-08-13,CUST0678,Germany,P1007,Yoga Mat,3,20.24,60.72
INV932199,2024-03-13,CUST0670,Brazil,P1014,Running Shoes,1,63.19,63.19
INV150974,2024-11-21,CUST0635,France,P1004,Desk Lamp,4,21.15,84.6
INV502652,2024-11-25,CUST0109,Australia,P1001,Wireless Mouse,1,15.92,15.92
INV414372,2024-08-21,CUST0056,Australia,P1009,Backpack,1,45.91,45.91
INV661329,2024-02-23,CUST0111,Canada,P1015,Winter Jacket,2,122.44,244.88
INV684481,2023-10-06,CUST0751,Canada,P1008,Water Bottle,4,10.97,43.88
INV686743,2024-11-20,CUST0566,Usa,P1003,Notebook Set,2,6.9,13.8
INV469716,2024-07-26,CUST0194,Canada,P1011,Table Lamp,4,28.15,112.6
INV945757,2024-09-10,CUST0692,Canada,P1003,Notebook Set,1,6.84,6.84
INV750354,2023-06-08,CUST0688,Usa,P1004,Desk Lamp,5,21.33,106.65
INV465308,2023-05-17,CUST0495,Canada,P1008,Water Bottle,4,11.55,46.2
INV368445,2024-03-03,CUST0273,India,P1001,Wireless Mouse,3,16.19,48.57
INV717829,2024-08-22,CUST0337,Germany,P1009,Backpack,3,45.83,137.49
INV392023,2024-07-28,CUST0760,France,P1002,Bluetooth Speaker,4,34.82,139.28
INV434537,2024-04-26,CUST0106,Australia,P1013,Sticky Notes Pack,3,4.04,12.12
INV855739,2024-04-05,CUST0480,India,P1011,Table Lamp,3,27.96,83.88
INV317434,2023-05-04,CUST0491,Australia,P1001,Wireless Mouse,4,15.76,63.04
INV674161,2024-12-20,CUST0616,Canada,P1014,Running Shoes,2,63.26,126.52
INV861922,2024-11-27,CUST0588,France,P1009,Backpack,1,43.65,43.65
INV809296,2024-09-14,CUST0335,Canada,P1014,Running Shoes,5,66.46,332.3
INV644813,2023-01-01,CUST0533,Usa,P1014,Running Shoes,3,62.9,188.7
INV595212,2023-01-01,CUST0004,India,P1005,Office Chair,3,94.32,282.96
INV177430,2024-08-22,CUST0246,Uk,P1008,Water Bottle,1,11.06,11.06
INV296158,2024-04-12,CUST0172,Germany,P1002,Bluetooth Speaker,3,34.33,102.99
INV929879,2024-05-31,CUST0661,India,P1014,Running Shoes,2,67.03,134.06
INV635420,2024-12-12,CUST0439,France,P1014,Running Shoes,4,66.85,267.4
INV155806,2024-06-12,CUST0596,Australia,P1012,Gaming Headset,3,54.1,162.3
INV956903,2024-06-25,CUST0387,Brazil,P1002,Bluetooth Speaker,2,33.7,67.4
INV999029,2024-11-25,CUST0301,Australia,P1014,Running Shoes,5,65.41,327.05
INV935212,2024-07-18,CUST0006,France,P1004,Desk Lamp,1,22.26,22.26
INV762881,2024-08-23,CUST0042,Uk,P1014,Running Shoes,5,64.41,322.05
INV458811,2024-11-05,CUST0745,France,P1011,Table Lamp,5,28.04,140.2
INV930672,2024-08-13,CUST0422,France,P1004,Desk Lamp,4,22.74,90.96
INV893162,2024-03-14,CUST0388,Canada,P1007,Yoga Mat,3,20.57,61.71
INV453038,2024-06-19,CUST0252,Australia,P1008,Water Bottle,4,11.01,44.04
INV243463,2024-06-25,CUST0331,Uk,P1004,Desk Lamp,4,21.41,85.64
INV589292,2024-12-13,CUST0570,Brazil,P1003,Notebook Set,1,6.43,6.43
INV110631,2024-12-02,CUST0509,Germany,P1009,Backpack,4,43.92,175.68
INV567310,2024-11-28,CUST0574,India,P1006,Coffee Mug,3,8.31,24.93
INV814528,2024-08-11,CUST0713,India,P1014,Running Shoes,2,66.47,132.94
INV447692,2023-10-28,CUST0361,Brazil,P1008,Water Bottle,3,11.92,35.76
INV198409,2024-12-04,CUST0688,Usa,P1015,Winter Jacket,5,123.81,619.05
INV212089,2023-01-25,CUST0245,Germany,P1008,Water Bottle,1,11.52,11.52
INV932199,2024-03-13,CUST0670,Brazil,P1011,Table Lamp,4,27.04,108.16
INV416000,2024-07-27,CUST0605,France,P1005,Office Chair,3,90.18,270.54
INV567213,2024-07-24,CUST0017,France,P1013,Sticky Notes Pack,1,4.12,4.12
INV592199,2024-08-03,CUST0109,Australia,P1012,Gaming Headset,5,52.38,261.9
INV610259,2024-08-10,CUST0329,Uk,P1015,Winter Jacket,3,125.92,377.76
INV707035,2024-11-14,CUST0622,France,P1009,Backpack,1,45.18,45.18
INV451415,2024-08-28,CUST0056,Australia,P1003,Notebook Set,4,6.7,26.8
INV713834,2024-12-18,CUST0275,Australia,P1001,Wireless Mouse,5,15.9,79.5
INV940927,2024-08-27,CUST0753,Canada,P1001,Wireless Mouse,2,16.38,32.76
INV879416,2024-10-25,CUST0264,France,P1007,Yoga Mat,4,20.6,82.4
INV175499,2024-08-26,CUST0626,Germany,P1014,Running Shoes,4,67.63,270.52
INV719097,2023-10-18,CUST0022,Usa,P1004,Desk Lamp,1,22.31,22.31
INV261647,2024-03-03,CUST0258,Uk,P1015,Winter Jacket,1,124.9,124.9
INV110160,2024-08-24,CUST0586,France,P1006,Coffee Mug,2,8.54,17.08
INV842764,2024-10-26,CUST0299,Germany,P1008,Water Bottle,3,11.58,34.74
INV249803,2024-12-30,CUST0132,Australia,P1006,Coffee Mug,1,8.21,8.21
INV784817,2023-01-01,CUST0103,India,P1014,Running Shoes,5,61.77,308.85
INV272454,2024-06-23,CUST0539,France,P1012,Gaming Headset,5,57.74,288.7
INV529838,2023-07-17,CUST0212,India,P1005,Office Chair,1,86.45,86.45
INV923497,2024-12-02,CUST0798,Germany,P1004,Desk Lamp,3,22.31,66.93
INV441290,2024-02-24,CUST0235,India,P1001,Wireless Mouse,5,16.77,83.85
INV399177,2024-09-22,CUST0061,Usa,P1002,Bluetooth Speaker,1,35.92,35.92
INV165583,2023-01-22,CUST0032,Brazil,P1014,Running Shoes,3,63.23,189.69
INV490777,2023-08-07,CUST0322,India,P1007,Yoga Mat,4,19.04,76.16
INV705527,2023-06-22,CUST0221,France,P1010,Phone Case,5,10.21,51.05
INV117295,2023-01-01,CUST0315,Germany,P1008,Water Bottle,3,11.45,34.35
INV226852,2023-01-01,CUST0260,Canada,P1010,Phone Case,2,9.51,19.02
INV675441,2024-03-11,CUST0418,Brazil,P1006,Coffee Mug,5,8.21,41.05
INV595738,2024-03-20,CUST0433,Usa,P1014,Running Shoes,1,63.64,63.64
INV628330,2023-02-25,CUST0425,Brazil,P1014,Running Shoes,1,63.37,63.37
INV447687,2024-08-01,CUST0255,Canada,P1002,Bluetooth Speaker,5,34.75,173.75
INV529516,2023-08-25,CUST0475,Canada,P1006,Coffee Mug,5,7.88,39.4
INV846760,2023-10-28,CUST0749,Germany,P1015,Winter Jacket,4,115.09,460.36
INV406617,2024-10-12,CUST0590,Brazil,P1006,Coffee Mug,3,7.95,23.85
INV677751,2024-05-01,CUST0571,Canada,P1002,Bluetooth Speaker,1,34.58,34.58
INV279237,2024-11-26,CUST0753,Canada,P1015,Winter Jacket,2,119.51,239.02
INV126402,2023-01-01,CUST0006,France,P1009,Backpack,3,42.99,128.97
INV196956,2023-08-01,CUST0301,Australia,P1013,Sticky Notes Pack,4,4.22,16.88
INV444740,2024-12-17,CUST0546,Australia,P1006,Coffee Mug,3,8.17,24.51
INV141773,2024-12-12,CUST0238,Germany,P1009,Backpack,4,44.1,176.4
INV441065,2024-05-21,CUST0400,Uk,P1001,Wireless Mouse,4,15.9,63.6
INV641740,2024-09-11,CUST0355,France,P1001,Wireless Mouse,4,15.46,61.84
INV842207,2024-12-10,CUST0653,Brazil,P1002,Bluetooth Speaker,4,33.53,134.12
INV290118,2024-09-11,CUST0331,Uk,P1010,Phone Case,2,9.76,19.52
INV454270,2024-09-10,CUST0034,Canada,P1015,Winter Jacket,4,118.66,474.64
INV811417,2024-10-18,CUST0691,Germany,P1002,Bluetooth Speaker,4,35.54,142.16
INV394451,2024-10-11,CUST0486,Usa,P1001,Wireless Mouse,2,15.53,31.06
INV408606,2024-08-06,CUST0343,Usa,P1011,Table Lamp,5,28.75,143.75
INV478088,2024-10-08,CUST0299,Germany,P1005,Office Chair,1,89.0,89.0
INV773831,2024-11-09,CUST0791,Germany,P1005,Office Chair,2,88.67,177.34
INV210311,2024-11-28,CUST0174,India,P1003,Notebook Set,4,6.41,25.64
INV560824,2024-09-28,CUST0749,Germany,P1012,Gaming Headset,1,57.75,57.75
INV836148,2024-06-26,CUST0233,Brazil,P1008,Water Bottle,2,11.5,23.0
INV775312,2024-08-06,CUST0184,Usa,P1004,Desk Lamp,5,22.91,114.55
INV931036,2024-06-11,CUST0344,Uk,P1001,Wireless Mouse,4,15.29,61.16
INV138344,2024-11-29,CUST0721,Brazil,P1012,Gaming Headset,3,56.63,169.89
INV457795,2024-05-10,CUST0281,Canada,P1005,Office Chair,4,86.67,346.68
INV111027,2024-08-25,CUST0455,India,P1006,Coffee Mug,3,8.09,24.27
INV319130,2024-07-30,CUST0209,Australia,P1001,Wireless Mouse,2,16.45,32.9
INV473407,2023-11-30,CUST0517,Brazil,P1010,Phone Case,5,9.67,48.35
INV849012,2024-09-01,CUST0491,Australia,P1014,Running Shoes,5,65.57,327.85
INV121847,2024-06-13,CUST0561,Canada,P1001,Wireless Mouse,2,15.7,31.4
INV294320,2024-11-09,CUST0064,Brazil,P1015,Winter Jacket,2,119.13,238.26
INV103944,2024-08-17,CUST0609,Australia,P1011,Table Lamp,1,26.89,26.89
INV861736,2024-12-12,CUST0064,Brazil,P1013,Sticky Notes Pack,2,4.1,8.2
INV539443,2024-11-22,CUST0441,Usa,P1009,Backpack,5,45.43,227.15
INV523101,2024-09-18,CUST0785,India,P1008,Water Bottle,4,11.79,47.16
INV532079,2024-06-29,CUST0251,Germany,P1012,Gaming Headset,2,55.85,111.7
INV833291,2024-08-31,CUST0397,Australia,P1002,Bluetooth Speaker,5,33.15,165.75
INV184994,2024-04-13,CUST0052,Australia,P1010,Phone Case,5,9.8,49.0
INV275704,2024-04-10,CUST0400,Uk,P1001,Wireless Mouse,4,15.85,63.4
INV757518,2024-12-18,CUST0489,Brazil,P1002,Bluetooth Speaker,3,34.69,104.07
INV272135,2023-01-01,CUST0651,Brazil,P1005,Office Chair,3,91.71,275.13
INV514931,2024-08-24,CUST0134,Usa,P1007,Yoga Mat,4,19.78,79.12
INV614925,2024-11-21,CUST0666,Canada,P1007,Yoga Mat,2,20.65,41.3
INV104828,2024-08-28,CUST0479,Germany,P1011,Table Lamp,1,27.33,27.33
INV344496,2024-04-17,CUST0576,Australia,P1002,Bluetooth Speaker,4,35.76,143.04
INV251522,2024-08-04,CUST0304,France,P1014,Running Shoes,3,64.64,193.92
INV242700,2024-07-28,CUST0369,Uk,P1003,Notebook Set,1,7.06,7.06
INV649894,2024-12-24,CUST0429,Germany,P1014,Running Shoes,1,63.62,63.62
INV775376,2024-06-12,CUST0405,Germany,P1002,Bluetooth Speaker,5,33.72,168.6
INV920638,2024-09-09,CUST0681,Germany,P1007,Yoga Mat,2,19.78,39.56
INV273537,2023-01-01,CUST0288,Brazil,P1008,Water Bottle,5,11.14,55.7
INV416638,2024-07-28,CUST0571,Canada,P1015,Winter Jacket,4,115.55,462.2
INV942735,2024-09-03,CUST0778,Uk,P1014,Running Shoes,2,62.74,125.48
INV983619,2024-09-22,CUST0799,Australia,P1012,Gaming Headset,4,53.45,213.8
INV130995,2024-06-11,CUST0264,France,P1003,Notebook Set,5,6.58,32.9
INV696427,2024-03-02,CUST0762,Canada,P1007,Yoga Mat,4,20.65,82.6
INV370724,2023-12-15,CUST0771,Brazil,P1004,Desk Lamp,4,22.18,88.72
INV766322,2024-03-13,CUST0736,Uk,P1001,Wireless Mouse,4,15.91,63.64
INV655251,2024-05-22,CUST0409,Brazil,P1010,Phone Case,5,10.18,50.9
INV396640,2024-12-05,CUST0448,Canada,P1014,Running Shoes,2,61.79,123.58
INV983450,2024-03-07,CUST0195,Australia,P1010,Phone Case,2,10.11,20.22
INV312391,2024-12-13,CUST0570,Brazil,P1005,Office Chair,2,86.67,173.34
INV186224,2024-08-13,CUST0755,Uk,P1008,Water Bottle,4,11.67,46.68
INV133400,2024-08-21,CUST0098,Australia,P1002,Bluetooth Speaker,4,34.03,136.12
INV349836,2024-08-26,CUST0446,Canada,P1011,Table Lamp,5,28.72,143.6
INV158514,2024-08-09,CUST0760,France,P1003,Notebook Set,1,6.56,6.56
INV486807,2024-09-18,CUST0239,Canada,P1002,Bluetooth Speaker,5,34.76,173.8
INV518096,2024-03-04,CUST0298,Canada,P1003,Notebook Set,5,6.78,33.9
INV916793,2024-04-16,CUST0071,Germany,P1015,Winter Jacket,3,123.09,369.27
INV475518,2024-11-17,CUST0520,Germany,P1007,Yoga Mat,4,19.18,76.72
INV319048,2024-05-26,CUST0072,Germany,P1007,Yoga Mat,1,19.0,19.0
INV870354,2024-11-11,CUST0632,France,P1009,Backpack,5,43.79,218.95
INV953279,2023-11-06,CUST0377,Germany,P1006,Coffee Mug,3,7.91,23.73
INV872268,2023-01-01,CUST0493,Canada,P1007,Yoga Mat,3,20.96,62.88
INV436162,2024-06-25,CUST0442,Usa,P1008,Water Bottle,2,11.62,23.24
INV214694,2023-11-17,CUST0254,Canada,P1014,Running Shoes,2,61.98,123.96
INV675533,2024-05-22,CUST0709,France,P1001,Wireless Mouse,5,16.45,82.25
INV143620,2023-01-01,CUST0238,Germany,P1004,Desk Lamp,4,21.22,84.88
INV688272,2023-01-01,CUST0625,Australia,P1015,Winter Jacket,2,114.16,228.32
INV617895,2024-09-18,CUST0586,France,P1006,Coffee Mug,1,8.09,8.09
INV781792,2024-12-08,CUST0670,Brazil,P1015,Winter Jacket,2,119.56,239.12
INV912700,2023-01-01,CUST0608,Canada,P1013,Sticky Notes Pack,4,4.26,17.04
INV827375,2023-01-01,CUST0289,France,P1004,Desk Lamp,3,22.32,66.96
INV874054,2024-04-19,CUST0712,France,P1001,Wireless Mouse,4,16.7,66.8
INV727221,2024-12-02,CUST0607,France,P1015,Winter Jacket,3,125.18,375.54
INV802273,2024-12-27,CUST0004,India,P1009,Backpack,5,46.03,230.15
INV919791,2024-07-27,CUST0134,Usa,P1014,Running Shoes,2,67.02,134.04
INV370724,2023-12-15,CUST0771,Brazil,P1005,Office Chair,1,90.02,90.02
INV782995,2023-01-01,CUST0652,Uk,P1011,Table Lamp,4,27.13,108.52
INV883528,2024-09-14,CUST0559,India,P1014,Running Shoes,2,65.84,131.68
INV199614,2024-09-19,CUST0109,Australia,P1003,Notebook Set,3,6.55,19.65
INV940897,2024-10-24,CUST0522,Germany,P1008,Water Bottle,2,11.83,23.66
INV832026,2024-10-31,CUST0229,Brazil,P1010,Phone Case,2,10.31,20.62
INV531171,2024-11-22,CUST0025,Uk,P1012,Gaming Headset,2,53.53,107.06
INV903894,2024-10-26,CUST0554,Uk,P1010,Phone Case,4,9.7,38.8
INV724311,2024-06-27,CUST0350,France,P1011,Table Lamp,5,26.89,134.45
INV734884,2024-09-27,CUST0434,Usa,P1004,Desk Lamp,1,23.06,23.06
INV315430,2024-10-31,CUST0149,Brazil,P1002,Bluetooth Speaker,2,35.32,70.64
INV952452,2023-01-01,CUST0331,Uk,P1011,Table Lamp,4,27.72,110.88
INV981924,2024-11-02,CUST0005,Brazil,P1014,Running Shoes,2,63.35,126.7
INV206032,2024-03-18,CUST0135,India,P1006,Coffee Mug,3,8.24,24.72
INV497180,2023-01-01,CUST0264,France,P1012,Gaming Headset,4,53.93,215.72
INV541530,2023-06-22,CUST0505,Uk,P1013,Sticky Notes Pack,4,4.15,16.6
INV565117,2024-12-08,CUST0267,Germany,P1009,Backpack,5,44.51,222.55
INV938519,2024-08-14,CUST0566,Usa,P1011,Table Lamp,2,27.55,55.1
INV432371,2024-06-23,CUST0541,Usa,P1002,Bluetooth Speaker,4,35.95,143.8
INV742186,2024-10-26,CUST0368,France,P1015,Winter Jacket,1,117.23,117.23
INV461674,2024-08-01,CUST0245,Germany,P1014,Running Shoes,4,61.76,247.04
INV752947,2023-09-20,CUST0098,Australia,P1009,Backpack,1,46.73,46.73
INV918195,2024-01-18,CUST0301,Australia,P1010,Phone Case,2,9.72,19.44
INV246609,2024-11-05,CUST0170,Uk,P1005,Office Chair,2,89.06,178.12
INV813224,2024-06-01,CUST0451,Uk,P1004,Desk Lamp,4,21.43,85.72
INV357003,2023-04-03,CUST0225,Germany,P1009,Backpack,2,44.8,89.6
INV532615,2024-01-01,CUST0310,Usa,P1015,Winter Jacket,1,120.19,120.19
INV339583,2024-07-24,CUST0712,France,P1006,Coffee Mug,3,7.85,23.55
INV268891,2024-10-10,CUST0111,Canada,P1014,Running Shoes,3,63.74,191.22
INV184663,2024-11-24,CUST0208,Usa,P1013,Sticky Notes Pack,1,4.16,4.16
INV893446,2024-10-13,CUST0180,India,P1012,Gaming Headset,3,55.82,167.46
INV961557,2023-10-13,CUST0596,Australia,P1002,Bluetooth Speaker,4,34.98,139.92
INV939459,2024-10-05,CUST0599,Usa,P1005,Office Chair,3,87.32,261.96
INV684394,2024-12-14,CUST0295,Brazil,P1008,Water Bottle,4,11.92,47.68
INV266143,2023-10-09,CUST0216,France,P1014,Running Shoes,1,67.22,67.22
INV430337,2024-12-25,CUST0007,Brazil,P1012,Gaming Headset,4,57.01,228.04
INV982565,2023-07-13,CUST0150,Germany,P1006,Coffee Mug,4,8.58,34.32
INV904200,2024-12-22,CUST0064,Brazil,P1003,Notebook Set,2,6.61,13.22
INV841208,2024-11-12,CUST0126,Brazil,P1001,Wireless Mouse,4,15.66,62.64
INV294147,2024-07-09,CUST0628,Usa,P1015,Winter Jacket,5,119.06,595.3
INV507854,2024-07-25,CUST0056,Australia,P1004,Desk Lamp,2,22.97,45.94
INV734808,2023-01-01,CUST0382,Germany,P1008,Water Bottle,5,11.25,56.25
INV431729,2024-09-01,CUST0618,Germany,P1005,Office Chair,2,87.52,175.04
INV868168,2024-06-24,CUST0661,India,P1013,Sticky Notes Pack,2,4.23,8.46
INV646087,2023-01-01,CUST0757,Usa,P1011,Table Lamp,3,26.8,80.4
INV316220,2024-12-09,CUST0740,Brazil,P1002,Bluetooth Speaker,3,36.21,108.63
INV246085,2024-08-31,CUST0700,India,P1010,Phone Case,3,10.03,30.09
INV834297,2024-06-16,CUST0331,Uk,P1015,Winter Jacket,5,114.96,574.8
INV448835,2023-09-03,CUST0506,Canada,P1015,Winter Jacket,4,114.4,457.6
INV282873,2024-08-21,CUST0403,India,P1003,Notebook Set,3,7.08,21.24
INV245460,2024-12-20,CUST0093,France,P1013,Sticky Notes Pack,3,4.27,12.81
INV993804,2024-08-04,CUST0400,Uk,P1005,Office Chair,5,85.87,429.35
INV218970,2024-10-17,CUST0343,Usa,P1003,Notebook Set,4,6.59,26.36
INV476196,2024-09-02,CUST0153,India,P1012,Gaming Headset,1,52.47,52.47
INV262899,2024-05-19,CUST0703,Canada,P1002,Bluetooth Speaker,3,36.11,108.33
INV205904,2023-12-11,CUST0215,Brazil,P1001,Wireless Mouse,3,15.57,46.71
INV544025,2024-07-28,CUST0489,Brazil,P1006,Coffee Mug,3,8.01,24.03
INV597681,2024-07-09,CUST0331,Uk,P1010,Phone Case,4,9.77,39.08
INV625250,2024-05-10,CUST0298,Canada,P1007,Yoga Mat,4,20.95,83.8
INV345066,2024-11-21,CUST0713,India,P1010,Phone Case,4,10.01,40.04
INV822319,2023-01-01,CUST0622,France,P1014,Running Shoes,4,66.82,267.28
INV379991,2024-12-26,CUST0190,Canada,P1010,Phone Case,5,10.13,50.65
INV262661,2023-08-17,CUST0325,India,P1005,Office Chair,2,88.37,176.74
INV937154,2024-10-08,CUST0736,Uk,P1004,Desk Lamp,3,22.28,66.84
INV215425,2024-08-07,CUST0228,France,P1002,Bluetooth Speaker,1,35.73,35.73
INV669872,2024-07-01,CUST0090,Canada,P1014,Running Shoes,1,62.31,62.31
INV945029,2024-11-03,CUST0679,Uk,P1009,Backpack,5,43.92,219.6
INV657510,2024-08-03,CUST0027,Usa,P1002,Bluetooth Speaker,2,35.65,71.3
INV410433,2023-08-23,CUST0656,Canada,P1005,Office Chair,5,85.72,428.6
INV471048,2024-01-10,CUST0139,India,P1011,Table Lamp,3,27.41,82.23
INV567310,2024-11-28,CUST0574,India,P1014,Running Shoes,3,63.71,191.13
INV450713,2024-10-27,CUST0691,Germany,P1002,Bluetooth Speaker,1,33.0,33.0
INV606398,2024-10-10,CUST0026,Canada,P1011,Table Lamp,3,27.37,82.11
INV708407,2024-04-17,CUST0351,Australia,P1004,Desk Lamp,4,21.54,86.16
INV602192,2024-12-14,CUST0718,Brazil,P1001,Wireless Mouse,3,15.52,46.56
INV200225,2024-06-29,CUST0792,Usa,P1008,Water Bottle,2,11.51,23.02
INV540437,2024-06-28,CUST0301,Australia,P1004,Desk Lamp,5,21.78,108.9
INV721259,2023-12-06,CUST0227,Canada,P1010,Phone Case,1,10.15,10.15
INV572382,2023-01-01,CUST0033,Germany,P1002,Bluetooth Speaker,1,33.72,33.72
INV680433,2024-09-12,CUST0098,Australia,P1015,Winter Jacket,1,118.66,118.66
INV757951,2023-01-01,CUST0240,France,P1014,Running Shoes,1,62.18,62.18
INV855102,2024-08-24,CUST0505,Uk,P1005,Office Chair,3,91.53,274.59
INV750758,2024-09-04,CUST0700,India,P1009,Backpack,1,46.31,46.31
INV192271,2024-02-09,CUST0678,Germany,P1014,Running Shoes,2,64.6,129.2
INV504488,2024-03-04,CUST0599,Usa,P1012,Gaming Headset,5,53.6,268.0
INV536419,2024-12-20,CUST0636,Australia,P1005,Office Chair,2,91.63,183.26
INV401989,2023-01-01,CUST0457,Uk,P1008,Water Bottle,3,11.22,33.66
INV284506,2023-08-14,CUST0340,India,P1006,Coffee Mug,1,7.95,7.95
INV365591,2024-03-04,CUST0546,Australia,P1010,Phone Case,2,9.83,19.66
INV390660,2024-02-20,CUST0264,France,P1013,Sticky Notes Pack,3,4.11,12.33
INV181016,2024-12-05,CUST0289,France,P1012,Gaming Headset,3,56.57,169.71
INV564033,2024-04-26,CUST0207,Usa,P1012,Gaming Headset,1,53.77,53.77
INV909695,2024-08-11,CUST0262,Germany,P1005,Office Chair,4,94.17,376.68
INV158008,2024-03-30,CUST0333,Canada,P1013,Sticky Notes Pack,3,4.24,12.72
INV733107,2023-12-31,CUST0423,Usa,P1005,Office Chair,1,93.67,93.67
INV244120,2023-08-11,CUST0533,Usa,P1010,Phone Case,4,9.9,39.6
INV682858,2024-04-08,CUST0166,Usa,P1011,Table Lamp,2,28.08,56.16
INV329712,2023-11-05,CUST0750,Australia,P1009,Backpack,4,43.99,175.96
INV633735,2023-02-24,CUST0028,Germany,P1005,Office Chair,1,90.66,90.66
INV595543,2024-06-22,CUST0759,France,P1005,Office Chair,2,86.65,173.3
INV235830,2024-12-06,CUST0645,Australia,P1014,Running Shoes,4,62.63,250.52
INV566926,2024-12-14,CUST0725,Uk,P1008,Water Bottle,4,11.43,45.72
INV320148,2023-08-09,CUST0152,Uk,P1012,Gaming Headset,5,54.71,273.55
INV504729,2023-01-01,CUST0432,Australia,P1010,Phone Case,4,10.12,40.48
INV422604,2023-10-09,CUST0356,Usa,P1007,Yoga Mat,3,19.75,59.25
INV189672,2024-02-06,CUST0699,Germany,P1009,Backpack,4,46.1,184.4
INV779119,2024-11-14,CUST0206,France,P1009,Backpack,1,45.63,45.63
INV816676,2023-06-22,CUST0571,Canada,P1006,Coffee Mug,3,8.61,25.83
INV201868,2023-06-25,CUST0541,Usa,P1008,Water Bottle,3,11.43,34.29
INV886742,2024-09-09,CUST0717,Brazil,P1002,Bluetooth Speaker,4,33.45,133.8
INV532079,2024-06-29,CUST0251,Germany,P1001,Wireless Mouse,4,15.98,63.92
INV428790,2023-08-21,CUST0152,Uk,P1003,Notebook Set,4,6.58,26.32
INV901699,2024-06-26,CUST0082,Australia,P1013,Sticky Notes Pack,5,4.33,21.65
INV883607,2024-08-10,CUST0378,India,P1007,Yoga Mat,3,18.99,56.97
INV966307,2023-09-15,CUST0670,Brazil,P1012,Gaming Headset,5,53.28,266.4
INV837305,2024-11-04,CUST0783,India,P1009,Backpack,3,46.96,140.88
INV264612,2024-12-21,CUST0440,Brazil,P1004,Desk Lamp,3,22.24,66.72
INV541530,2023-06-22,CUST0505,Uk,P1005,Office Chair,3,92.69,278.07
INV261144,2024-08-12,CUST0240,France,P1001,Wireless Mouse,4,15.21,60.84
INV544179,2024-05-06,CUST0140,Australia,P1006,Coffee Mug,3,8.19,24.57
INV273191,2024-09-04,CUST0455,India,P1007,Yoga Mat,2,19.74,39.48
INV959034,2023-09-21,CUST0585,Brazil,P1014,Running Shoes,5,62.02,310.1
INV225514,2023-07-08,CUST0129,India,P1011,Table Lamp,1,27.89,27.89
INV519662,2023-04-10,CUST0076,India,P1005,Office Chair,1,91.32,91.32
INV275451,2024-03-02,CUST0430,Australia,P1006,Coffee Mug,1,8.65,8.65
INV609492,2024-11-23,CUST0082,Australia,P1010,Phone Case,1,10.13,10.13
INV277444,2024-07-30,CUST0689,Usa,P1013,Sticky Notes Pack,2,4.32,8.64
INV842207,2024-12-10,CUST0653,Brazil,P1004,Desk Lamp,4,22.82,91.28
INV375298,2023-06-06,CUST0588,France,P1001,Wireless Mouse,5,15.48,77.4
INV302309,2024-11-01,CUST0692,Canada,P1005,Office Chair,2,87.76,175.52
INV708553,2024-06-06,CUST0333,Canada,P1004,Desk Lamp,2,21.56,43.12
INV572449,2024-06-20,CUST0514,India,P1010,Phone Case,3,10.03,30.09
INV181661,2024-07-16,CUST0026,Canada,P1011,Table Lamp,3,26.47,79.41
INV288600,2023-09-18,CUST0706,Australia,P1014,Running Shoes,3,65.97,197.91
INV168366,2024-08-21,CUST0755,Uk,P1008,Water Bottle,5,11.73,58.65
INV439545,2024-06-27,CUST0600,France,P1012,Gaming Headset,2,55.03,110.06
INV854281,2024-02-21,CUST0274,Germany,P1004,Desk Lamp,2,22.25,44.5
INV711896,2023-11-11,CUST0315,Germany,P1002,Bluetooth Speaker,4,35.2,140.8
INV764193,2024-09-17,CUST0770,Canada,P1001,Wireless Mouse,2,15.97,31.94
INV494954,2024-06-30,CUST0016,France,P1002,Bluetooth Speaker,5,32.84,164.2
INV141443,2024-09-14,CUST0042,Uk,P1010,Phone Case,3,9.61,28.83
INV782995,2023-01-01,CUST0652,Uk,P1015,Winter Jacket,3,122.39,367.17
INV495225,2024-01-24,CUST0632,France,P1005,Office Chair,3,91.43,274.29
INV766680,2024-05-15,CUST0056,Australia,P1008,Water Bottle,4,11.46,45.84
INV721064,2024-12-29,CUST0245,Germany,P1011,Table Lamp,2,28.75,57.5
INV971994,2024-12-15,CUST0789,Uk,P1013,Sticky Notes Pack,4,4.14,16.56
INV377265,2024-12-15,CUST0646,Usa,P1009,Backpack,1,46.56,46.56
INV708678,2024-10-05,CUST0591,India,P1001,Wireless Mouse,5,15.66,78.3
INV358919,2023-04-14,CUST0137,France,P1001,Wireless Mouse,3,16.37,49.11
INV280460,2024-08-31,CUST0086,France,P1010,Phone Case,5,10.02,50.1
INV875337,2023-01-30,CUST0657,Uk,P1001,Wireless Mouse,3,15.59,46.77
INV709027,2023-11-22,CUST0754,Australia,P1013,Sticky Notes Pack,4,4.28,17.12
INV399810,2024-10-20,CUST0178,Australia,P1006,Coffee Mug,3,7.9,23.7
INV581312,2024-12-15,CUST0273,India,P1015,Winter Jacket,5,115.4,577.0
INV984364,2023-10-12,CUST0357,Canada,P1012,Gaming Headset,5,53.64,268.2
INV309810,2023-01-01,CUST0661,India,P1002,Bluetooth Speaker,1,34.23,34.23
INV263067,2024-02-06,CUST0786,Uk,P1008,Water Bottle,3,11.67,35.01
INV153321,2023-12-24,CUST0648,Usa,P1004,Desk Lamp,4,22.73,90.92
INV988168,2024-12-05,CUST0608,Canada,P1004,Desk Lamp,4,22.61,90.44
INV154354,2023-01-01,CUST0103,India,P1009,Backpack,3,44.87,134.61
INV795040,2024-11-10,CUST0219,Canada,P1001,Wireless Mouse,4,15.97,63.88
INV594331,2023-01-01,CUST0655,Uk,P1008,Water Bottle,2,11.64,23.28
INV177975,2024-06-08,CUST0397,Australia,P1008,Water Bottle,5,11.89,59.45
INV407702,2024-06-08,CUST0771,Brazil,P1002,Bluetooth Speaker,1,33.88,33.88
INV760961,2024-08-05,CUST0574,India,P1012,Gaming Headset,5,55.84,279.2
INV165062,2023-01-01,CUST0214,Australia,P1010,Phone Case,2,9.6,19.2
INV179199,2024-02-15,CUST0748,Germany,P1002,Bluetooth Speaker,3,35.1,105.3
INV754702,2024-04-15,CUST0238,Germany,P1001,Wireless Mouse,4,15.33,61.32
INV970344,2024-01-13,CUST0337,Germany,P1008,Water Bottle,1,12.0,12.0
INV963028,2023-02-03,CUST0575,India,P1001,Wireless Mouse,1,16.69,16.69
INV693406,2024-02-22,CUST0126,Brazil,P1013,Sticky Notes Pack,5,4.43,22.15
INV148276,2024-03-24,CUST0715,France,P1012,Gaming Headset,3,52.85,158.55
INV479679,2023-10-30,CUST0694,Germany,P1003,Notebook Set,4,6.8,27.2
INV269732,2023-01-01,CUST0743,Germany,P1001,Wireless Mouse,3,16.09,48.27
INV419880,2023-11-04,CUST0516,Usa,P1012,Gaming Headset,4,54.2,216.8
INV420062,2024-08-06,CUST0025,Uk,P1011,Table Lamp,3,26.9,80.7
INV949943,2024-07-03,CUST0714,Australia,P1007,Yoga Mat,5,20.91,104.55
INV946687,2024-05-22,CUST0474,Usa,P1012,Gaming Headset,2,54.43,108.86
INV686152,2024-10-20,CUST0755,Uk,P1015,Winter Jacket,1,115.05,115.05
INV392023,2024-07-28,CUST0760,France,P1013,Sticky Notes Pack,4,4.3,17.2
INV803049,2024-03-10,CUST0267,Germany,P1004,Desk Lamp,5,22.95,114.75
INV518034,2024-08-12,CUST0315,Germany,P1003,Notebook Set,4,6.87,27.48
INV282418,2024-10-20,CUST0556,Brazil,P1011,Table Lamp,1,26.51,26.51
INV263448,2024-08-07,CUST0512,Canada,P1010,Phone Case,2,9.67,19.34
INV815094,2024-10-31,CUST0430,Australia,P1008,Water Bottle,5,11.85,59.25
INV356387,2024-09-23,CUST0622,France,P1013,Sticky Notes Pack,3,4.37,13.11
INV909358,2023-01-01,CUST0331,Uk,P1008,Water Bottle,1,11.94,11.94
INV568263,2024-12-10,CUST0029,Uk,P1010,Phone Case,5,9.91,49.55
INV243061,2024-03-16,CUST0761,Brazil,P1012,Gaming Headset,2,54.6,109.2
INV470033,2023-07-15,CUST0454,Canada,P1010,Phone Case,5,9.79,48.95
INV331729,2024-07-10,CUST0451,Uk,P1013,Sticky Notes Pack,1,4.06,4.06
INV936833,2024-06-29,CUST0688,Usa,P1001,Wireless Mouse,5,15.31,76.55
INV300681,2024-08-07,CUST0251,Germany,P1015,Winter Jacket,5,115.4,577.0
INV213050,2024-09-22,CUST0571,Canada,P1015,Winter Jacket,4,117.1,468.4
INV606266,2024-01-10,CUST0094,France,P1004,Desk Lamp,2,22.12,44.24
INV553274,2023-08-08,CUST0580,France,P1001,Wireless Mouse,4,15.48,61.92
INV467418,2023-01-01,CUST0264,France,P1013,Sticky Notes Pack,4,4.34,17.36
INV837574,2024-10-01,CUST0288,Brazil,P1003,Notebook Set,4,6.48,25.92
INV529516,2023-08-25,CUST0475,Canada,P1011,Table Lamp,5,26.79,133.95
INV972685,2024-07-13,CUST0675,Canada,P1014,Running Shoes,5,62.65,313.25
INV145144,2024-01-01,CUST0101,India,P1009,Backpack,4,46.49,185.96
INV390119,2024-07-31,CUST0250,Uk,P1004,Desk Lamp,1,23.06,23.06
INV336470,2023-04-28,CUST0656,Canada,P1009,Backpack,1,43.1,43.1
INV224432,2024-05-01,CUST0110,Uk,P1008,Water Bottle,5,11.15,55.75
INV590549,2024-08-30,CUST0694,Germany,P1006,Coffee Mug,1,8.16,8.16
INV892738,2023-01-01,CUST0688,Usa,P1010,Phone Case,3,10.43,31.29
INV557725,2024-12-14,CUST0144,Uk,P1008,Water Bottle,3,11.72,35.16
INV284364,2024-12-03,CUST0071,Germany,P1004,Desk Lamp,5,22.2,111.0
INV758308,2024-08-22,CUST0176,Usa,P1006,Coffee Mug,4,7.99,31.96
INV847201,2023-01-01,CUST0337,Germany,P1011,Table Lamp,3,28.5,85.5
INV362803,2024-06-04,CUST0262,Germany,P1015,Winter Jacket,3,125.15,375.45
INV397465,2024-10-11,CUST0621,Usa,P1011,Table Lamp,5,26.3,131.5
INV800632,2023-09-23,CUST0483,Australia,P1015,Winter Jacket,3,116.02,348.06
INV767250,2023-04-12,CUST0221,France,P1011,Table Lamp,2,27.18,54.36
INV279237,2024-11-26,CUST0753,Canada,P1014,Running Shoes,2,64.72,129.44
INV914446,2024-07-25,CUST0534,Uk,P1011,Table Lamp,2,26.87,53.74
INV585527,2023-10-10,CUST0142,Germany,P1007,Yoga Mat,5,19.04,95.2
INV621070,2024-08-28,CUST0195,Australia,P1012,Gaming Headset,5,53.53,267.65
INV242925,2024-08-31,CUST0267,Germany,P1006,Coffee Mug,3,7.93,23.79
INV577945,2024-01-25,CUST0757,Usa,P1010,Phone Case,1,10.1,10.1
INV459591,2024-09-29,CUST0593,Australia,P1012,Gaming Headset,4,57.71,230.84
INV955238,2024-06-12,CUST0791,Germany,P1001,Wireless Mouse,5,15.5,77.5
INV139132,2024-10-17,CUST0595,Usa,P1014,Running Shoes,2,63.87,127.74
INV880427,2024-08-07,CUST0570,Brazil,P1014,Running Shoes,3,67.02,201.06
INV271550,2023-08-14,CUST0527,Uk,P1008,Water Bottle,1,11.64,11.64
INV469766,2024-02-20,CUST0331,Uk,P1015,Winter Jacket,4,125.94,503.76
INV844141,2024-03-25,CUST0346,Canada,P1009,Backpack,3,46.75,140.25
INV835128,2024-08-03,CUST0603,Canada,P1008,Water Bottle,1,11.99,11.99
INV818722,2024-11-14,CUST0522,Germany,P1008,Water Bottle,5,11.68,58.4
INV436448,2024-05-02,CUST0781,Brazil,P1012,Gaming Headset,2,53.11,106.22
INV757518,2024-12-18,CUST0489,Brazil,P1015,Winter Jacket,2,123.82,247.64
INV113971,2024-02-06,CUST0786,Uk,P1005,Office Chair,3,92.99,278.97
INV206823,2024-01-11,CUST0477,Usa,P1008,Water Bottle,1,11.32,11.32
INV218225,2023-09-12,CUST0343,Usa,P1003,Notebook Set,4,6.93,27.72
INV968304,2024-11-22,CUST0496,Australia,P1001,Wireless Mouse,5,16.21,81.05
INV317354,2024-11-05,CUST0763,Brazil,P1003,Notebook Set,1,6.85,6.85
INV503286,2023-09-03,CUST0506,Canada,P1005,Office Chair,1,93.7,93.7
INV340156,2024-07-15,CUST0250,Uk,P1007,Yoga Mat,4,20.53,82.12
INV754491,2023-01-01,CUST0688,Usa,P1015,Winter Jacket,3,122.13,366.39
INV334843,2024-04-20,CUST0533,Usa,P1015,Winter Jacket,4,117.81,471.24
INV653004,2024-11-06,CUST0491,Australia,P1014,Running Shoes,2,66.13,132.26
INV552424,2024-10-21,CUST0048,Australia,P1011,Table Lamp,1,28.62,28.62
INV827991,2024-07-29,CUST0691,Germany,P1008,Water Bottle,3,10.99,32.97
INV909150,2024-11-03,CUST0130,Germany,P1001,Wireless Mouse,2,15.55,31.1
INV280465,2024-02-07,CUST0191,France,P1004,Desk Lamp,5,22.34,111.7
INV831966,2024-09-23,CUST0782,Australia,P1009,Backpack,5,42.89,214.45
INV330376,2024-11-13,CUST0257,India,P1009,Backpack,5,47.12,235.6
INV769572,2024-07-11,CUST0350,France,P1007,Yoga Mat,2,20.78,41.56
INV209155,2024-09-25,CUST0147,Germany,P1003,Notebook Set,3,6.63,19.89
INV552116,2024-09-22,CUST0631,France,P1005,Office Chair,3,88.11,264.33
INV975335,2023-09-28,CUST0113,Germany,P1009,Backpack,2,45.63,91.26
INV184050,2024-07-17,CUST0245,Germany,P1013,Sticky Notes Pack,4,4.19,16.76
INV688272,2023-01-01,CUST0625,Australia,P1013,Sticky Notes Pack,2,4.07,8.14
INV333312,2023-01-01,CUST0064,Brazil,P1002,Bluetooth Speaker,1,33.68,33.68
INV592726,2024-08-27,CUST0757,Usa,P1011,Table Lamp,1,26.54,26.54
INV264256,2024-09-25,CUST0264,France,P1004,Desk Lamp,3,21.32,63.96
INV881090,2024-05-29,CUST0512,Canada,P1009,Backpack,4,44.16,176.64
INV680878,2023-02-24,CUST0541,Usa,P1004,Desk Lamp,4,22.71,90.84
INV330283,2024-12-01,CUST0623,India,P1009,Backpack,2,42.98,85.96
INV932418,2024-06-05,CUST0011,Usa,P1007,Yoga Mat,4,19.45,77.8
INV908169,2024-11-15,CUST0536,France,P1003,Notebook Set,3,6.8,20.4
INV370599,2024-04-24,CUST0140,Australia,P1013,Sticky Notes Pack,5,4.32,21.6
INV785797,2023-08-05,CUST0033,Germany,P1003,Notebook Set,3,6.83,20.49
INV680896,2024-10-27,CUST0651,Brazil,P1006,Coffee Mug,4,8.5,34.0
INV238354,2024-06-02,CUST0114,Brazil,P1011,Table Lamp,4,27.85,111.4
INV399551,2023-01-01,CUST0657,Uk,P1007,Yoga Mat,2,20.36,40.72
INV631887,2024-03-19,CUST0110,Uk,P1012,Gaming Headset,1,56.71,56.71
INV944673,2024-12-18,CUST0146,Uk,P1004,Desk Lamp,2,21.35,42.7
INV943979,2024-08-22,CUST0781,Brazil,P1004,Desk Lamp,2,22.76,45.52
INV494760,2024-11-21,CUST0080,Uk,P1012,Gaming Headset,4,56.42,225.68
INV555410,2024-01-29,CUST0051,Germany,P1004,Desk Lamp,4,21.71,86.84
INV184556,2024-09-29,CUST0342,Germany,P1015,Winter Jacket,2,117.4,234.8
INV741525,2024-11-20,CUST0240,France,P1006,Coffee Mug,2,8.26,16.52
INV555944,2023-07-18,CUST0076,India,P1003,Notebook Set,1,6.62,6.62
INV427258,2024-06-13,CUST0338,Usa,P1005,Office Chair,4,88.48,353.92
INV657438,2024-11-08,CUST0648,Usa,P1005,Office Chair,3,88.87,266.61
INV826338,2023-09-06,CUST0264,France,P1008,Water Bottle,5,11.02,55.1
INV554508,2024-09-30,CUST0289,France,P1014,Running Shoes,5,67.25,336.25
INV234998,2023-10-06,CUST0590,Brazil,P1012,Gaming Headset,3,52.44,157.32
INV674294,2024-07-25,CUST0272,Brazil,P1003,Notebook Set,3,6.76,20.28
INV264872,2024-09-20,CUST0096,Uk,P1014,Running Shoes,5,61.96,309.8
INV410406,2024-12-17,CUST0800,France,P1015,Winter Jacket,2,119.96,239.92
INV808276,2024-11-23,CUST0670,Brazil,P1003,Notebook Set,3,6.67,20.01
INV416152,2024-11-10,CUST0717,Brazil,P1010,Phone Case,4,9.94,39.76
INV270540,2023-01-01,CUST0194,Canada,P1011,Table Lamp,5,27.39,136.95
INV603981,2024-05-25,CUST0259,Usa,P1011,Table Lamp,2,26.97,53.94
INV859723,2024-12-04,CUST0441,Usa,P1009,Backpack,4,45.4,181.6
INV730683,2024-11-06,CUST0599,Usa,P1009,Backpack,5,47.09,235.45
INV489675,2024-03-27,CUST0140,Australia,P1014,Running Shoes,2,62.71,125.42
INV319227,2024-07-17,CUST0703,Canada,P1006,Coffee Mug,2,7.9,15.8
INV871060,2024-10-20,CUST0439,France,P1005,Office Chair,3,86.72,260.16
INV909695,2024-08-11,CUST0262,Germany,P1015,Winter Jacket,3,122.23,366.69
INV334615,2024-12-15,CUST0142,Germany,P1015,Winter Jacket,3,125.99,377.97
INV686983,2024-09-04,CUST0369,Uk,P1015,Winter Jacket,3,123.91,371.73
INV266756,2024-08-04,CUST0292,Uk,P1001,Wireless Mouse,3,16.68,50.04
INV941261,2024-08-11,CUST0701,Australia,P1007,Yoga Mat,1,20.41,20.41
INV137540,2024-09-15,CUST0717,Brazil,P1007,Yoga Mat,3,20.1,60.3
INV314001,2024-08-05,CUST0104,India,P1002,Bluetooth Speaker,3,34.84,104.52
INV422709,2023-11-07,CUST0555,India,P1011,Table Lamp,5,26.59,132.95
INV319794,2024-09-16,CUST0369,Uk,P1004,Desk Lamp,2,22.29,44.58
INV151193,2024-02-05,CUST0755,Uk,P1007,Yoga Mat,2,20.29,40.58
INV705792,2023-10-22,CUST0493,Canada,P1008,Water Bottle,1,11.34,11.34
INV419892,2024-11-10,CUST0694,Germany,P1013,Sticky Notes Pack,1,4.17,4.17
INV950161,2024-08-17,CUST0661,India,P1001,Wireless Mouse,4,15.31,61.24
INV876854,2024-09-11,CUST0414,Australia,P1007,Yoga Mat,3,19.48,58.44
INV200503,2024-05-24,CUST0027,Usa,P1014,Running Shoes,3,61.99,185.97
INV732381,2023-09-05,CUST0325,India,P1008,Water Bottle,5,11.48,57.4
INV828451,2024-04-21,CUST0575,India,P1006,Coffee Mug,1,7.98,7.98
INV162318,2024-06-23,CUST0253,France,P1004,Desk Lamp,4,21.97,87.88
INV504503,2024-12-19,CUST0640,Germany,P1014,Running Shoes,2,63.5,127.0
INV263067,2024-02-06,CUST0786,Uk,P1012,Gaming Headset,2,53.04,106.08
INV930240,2024-08-28,CUST0267,Germany,P1006,Coffee Mug,4,7.94,31.76
INV914090,2023-09-08,CUST0518,Germany,P1004,Desk Lamp,2,22.44,44.88
INV230493,2024-12-10,CUST0107,France,P1003,Notebook Set,5,6.65,33.25
INV413015,2023-01-20,CUST0622,France,P1014,Running Shoes,3,68.16,204.48
INV656484,2024-02-01,CUST0792,Usa,P1015,Winter Jacket,1,114.54,114.54
INV538917,2024-07-17,CUST0110,Uk,P1013,Sticky Notes Pack,5,4.25,21.25
INV540301,2024-06-14,CUST0391,Australia,P1014,Running Shoes,1,62.14,62.14
INV427237,2024-04-19,CUST0217,Australia,P1004,Desk Lamp,3,22.53,67.59
INV483347,2024-08-29,CUST0451,Uk,P1005,Office Chair,1,91.03,91.03
INV151903,2024-10-23,CUST0117,Germany,P1011,Table Lamp,3,26.45,79.35
INV544025,2024-07-28,CUST0489,Brazil,P1003,Notebook Set,2,6.54,13.08
INV232783,2023-02-11,CUST0330,Germany,P1013,Sticky Notes Pack,5,4.07,20.35
INV643407,2024-10-22,CUST0357,Canada,P1010,Phone Case,2,9.5,19.0
INV812483,2024-12-10,CUST0533,Usa,P1015,Winter Jacket,4,123.71,494.84
INV307401,2024-10-03,CUST0126,Brazil,P1012,Gaming Headset,2,53.52,107.04
INV471452,2024-11-12,CUST0222,Uk,P1009,Backpack,5,47.24,236.2
INV261271,2023-01-01,CUST0622,France,P1001,Wireless Mouse,1,16.7,16.7
INV522129,2024-09-25,CUST0777,Germany,P1010,Phone Case,3,10.28,30.84
INV486008,2024-09-04,CUST0391,Australia,P1007,Yoga Mat,5,19.82,99.1
INV431064,2024-08-03,CUST0676,Canada,P1012,Gaming Headset,1,56.11,56.11
INV480773,2024-04-02,CUST0173,France,P1015,Winter Jacket,2,119.65,239.3
INV615625,2024-11-25,CUST0749,Germany,P1003,Notebook Set,3,6.63,19.89
INV828833,2024-07-30,CUST0021,Brazil,P1015,Winter Jacket,3,119.45,358.35
INV403800,2024-08-02,CUST0770,Canada,P1004,Desk Lamp,2,23.08,46.16
INV194863,2024-10-03,CUST0397,Australia,P1007,Yoga Mat,5,20.6,103.0
INV171329,2024-03-24,CUST0756,Canada,P1008,Water Bottle,2,12.07,24.14
INV902470,2023-08-30,CUST0292,Uk,P1006,Coffee Mug,4,8.03,32.12
INV183824,2024-02-06,CUST0101,India,P1011,Table Lamp,1,28.33,28.33
INV104038,2024-04-11,CUST0315,Germany,P1005,Office Chair,2,87.94,175.88
INV791972,2024-04-18,CUST0208,Usa,P1013,Sticky Notes Pack,2,4.22,8.44
INV389811,2024-03-04,CUST0663,Australia,P1007,Yoga Mat,4,20.75,83.0
INV996154,2023-09-26,CUST0432,Australia,P1012,Gaming Headset,1,55.1,55.1
INV917121,2024-07-28,CUST0237,Usa,P1007,Yoga Mat,4,19.25,77.0
INV414013,2024-09-18,CUST0395,Germany,P1010,Phone Case,4,10.03,40.12
INV194863,2024-10-03,CUST0397,Australia,P1002,Bluetooth Speaker,1,35.7,35.7
INV208171,2024-09-27,CUST0774,India,P1007,Yoga Mat,4,20.53,82.12
INV164080,2024-03-23,CUST0630,India,P1015,Winter Jacket,4,122.55,490.2
INV920447,2024-08-27,CUST0557,India,P1004,Desk Lamp,1,21.09,21.09
INV590132,2024-11-18,CUST0276,India,P1009,Backpack,2,46.31,92.62
INV656567,2024-11-21,CUST0505,Uk,P1015,Winter Jacket,1,118.59,118.59
INV685980,2024-06-15,CUST0362,Brazil,P1004,Desk Lamp,3,22.85,68.55
INV806211,2023-12-05,CUST0608,Canada,P1009,Backpack,5,47.09,235.45
INV452589,2024-06-11,CUST0465,India,P1006,Coffee Mug,3,8.58,25.74
INV657203,2024-10-07,CUST0782,Australia,P1007,Yoga Mat,5,20.6,103.0
INV679704,2023-07-17,CUST0615,Germany,P1006,Coffee Mug,5,8.31,41.55
INV371698,2024-10-10,CUST0345,France,P1013,Sticky Notes Pack,5,4.16,20.8
INV613104,2024-12-19,CUST0692,Canada,P1007,Yoga Mat,4,19.55,78.2
INV692419,2024-10-03,CUST0511,India,P1014,Running Shoes,2,67.83,135.66
INV730421,2024-03-16,CUST0546,Australia,P1001,Wireless Mouse,5,15.9,79.5
INV278131,2024-08-01,CUST0436,Brazil,P1014,Running Shoes,1,62.99,62.99
INV654320,2024-10-08,CUST0360,Canada,P1015,Winter Jacket,4,121.11,484.44
INV914644,2023-10-23,CUST0076,India,P1013,Sticky Notes Pack,2,4.37,8.74
INV893743,2023-08-02,CUST0113,Germany,P1006,Coffee Mug,3,8.55,25.65
INV641173,2024-06-23,CUST0442,Usa,P1007,Yoga Mat,4,19.02,76.08
INV363420,2024-04-17,CUST0161,Germany,P1013,Sticky Notes Pack,1,4.12,4.12
INV969383,2024-11-12,CUST0440,Brazil,P1013,Sticky Notes Pack,5,4.14,20.7
INV480774,2024-07-01,CUST0406,France,P1008,Water Bottle,3,11.04,33.12
INV143907,2023-01-01,CUST0622,France,P1010,Phone Case,4,10.12,40.48
INV840810,2024-10-02,CUST0325,India,P1001,Wireless Mouse,3,16.28,48.84
INV247526,2024-11-19,CUST0080,Uk,P1013,Sticky Notes Pack,2,4.14,8.28
INV277450,2023-08-20,CUST0271,Australia,P1012,Gaming Headset,2,54.25,108.5
INV831986,2024-01-19,CUST0140,Australia,P1001,Wireless Mouse,3,15.32,45.96
INV134801,2023-11-03,CUST0225,Germany,P1012,Gaming Headset,3,54.69,164.07
INV245714,2024-10-26,CUST0212,India,P1013,Sticky Notes Pack,1,4.41,4.41
INV376583,2024-11-14,CUST0011,Usa,P1009,Backpack,1,46.73,46.73
INV546502,2024-04-13,CUST0288,Brazil,P1008,Water Bottle,1,11.61,11.61
INV714169,2024-12-07,CUST0096,Uk,P1003,Notebook Set,3,6.86,20.58
INV338578,2023-08-26,CUST0322,India,P1007,Yoga Mat,3,19.97,59.91
INV501031,2024-11-03,CUST0349,France,P1008,Water Bottle,4,11.59,46.36
INV266670,2024-11-10,CUST0329,Uk,P1003,Notebook Set,1,6.44,6.44
INV416184,2024-10-12,CUST0343,Usa,P1010,Phone Case,5,9.87,49.35
INV634753,2023-07-28,CUST0657,Uk,P1012,Gaming Headset,4,54.19,216.76
INV953279,2023-11-06,CUST0377,Germany,P1009,Backpack,2,43.55,87.1
INV991469,2024-05-10,CUST0686,Canada,P1015,Winter Jacket,4,120.55,482.2
INV753005,2023-09-06,CUST0103,India,P1001,Wireless Mouse,2,16.47,32.94
INV847201,2023-01-01,CUST0337,Germany,P1003,Notebook Set,1,6.51,6.51
INV895414,2024-11-13,CUST0351,Australia,P1010,Phone Case,1,9.65,9.65
INV774889,2023-09-09,CUST0641,Australia,P1014,Running Shoes,1,64.82,64.82
INV350411,2024-12-03,CUST0561,Canada,P1015,Winter Jacket,5,119.6,598.0
INV670151,2024-05-18,CUST0581,Usa,P1015,Winter Jacket,4,117.59,470.36
INV476660,2023-01-01,CUST0301,Australia,P1007,Yoga Mat,4,19.62,78.48
INV656203,2024-05-12,CUST0729,Usa,P1015,Winter Jacket,2,116.78,233.56
INV942318,2024-01-13,CUST0026,Canada,P1009,Backpack,1,45.06,45.06
INV223808,2024-11-23,CUST0535,France,P1008,Water Bottle,4,11.95,47.8
INV309810,2023-01-01,CUST0661,India,P1003,Notebook Set,5,6.56,32.8
INV264643,2024-12-03,CUST0321,Germany,P1009,Backpack,1,46.99,46.99
INV112171,2024-06-09,CUST0343,Usa,P1010,Phone Case,2,10.26,20.52
INV480774,2024-07-01,CUST0406,France,P1015,Winter Jacket,4,121.82,487.28
INV219211,2024-05-15,CUST0463,Germany,P1013,Sticky Notes Pack,5,4.38,21.9
INV245162,2024-11-05,CUST0682,Usa,P1010,Phone Case,1,9.93,9.93
INV728811,2024-07-25,CUST0462,France,P1006,Coffee Mug,1,8.51,8.51
INV454593,2024-08-07,CUST0171,Australia,P1003,Notebook Set,5,6.46,32.3
INV705792,2023-10-22,CUST0493,Canada,P1008,Water Bottle,4,11.5,46.0
INV522991,2024-11-22,CUST0350,France,P1007,Yoga Mat,2,20.45,40.9
INV758434,2024-03-05,CUST0068,France,P1002,Bluetooth Speaker,4,33.81,135.24
INV412820,2023-12-10,CUST0089,Usa,P1002,Bluetooth Speaker,2,34.17,68.34
INV686217,2024-12-20,CUST0358,Germany,P1002,Bluetooth Speaker,2,35.78,71.56
INV904970,2024-09-25,CUST0041,France,P1003,Notebook Set,3,7.02,21.06
INV500225,2024-12-02,CUST0289,France,P1015,Winter Jacket,1,119.21,119.21
INV419627,2024-08-26,CUST0323,Germany,P1005,Office Chair,4,90.38,361.52
INV316117,2024-06-15,CUST0006,France,P1012,Gaming Headset,3,54.0,162.0
INV454270,2024-09-10,CUST0034,Canada,P1001,Wireless Mouse,2,15.51,31.02
INV701633,2024-06-16,CUST0685,Germany,P1001,Wireless Mouse,3,15.19,45.57
INV274605,2024-09-11,CUST0626,Germany,P1014,Running Shoes,5,63.32,316.6
INV299008,2023-07-02,CUST0624,Canada,P1004,Desk Lamp,2,23.02,46.04
INV697087,2023-01-01,CUST0580,France,P1010,Phone Case,5,9.97,49.85
INV770818,2024-06-05,CUST0691,Germany,P1002,Bluetooth Speaker,1,33.16,33.16
INV145757,2023-09-23,CUST0495,Canada,P1006,Coffee Mug,5,8.01,40.05
INV404170,2024-01-07,CUST0477,Usa,P1004,Desk Lamp,2,22.58,45.16
INV483906,2024-07-08,CUST0013,Australia,P1008,Water Bottle,1,11.4,11.4
INV928376,2024-09-21,CUST0107,France,P1010,Phone Case,1,10.31,10.31
INV361670,2023-11-17,CUST0623,India,P1013,Sticky Notes Pack,2,4.44,8.88
INV994389,2024-11-29,CUST0536,France,P1001,Wireless Mouse,5,15.52,77.6
INV350128,2024-05-14,CUST0076,India,P1014,Running Shoes,1,64.11,64.11
INV275283,2024-10-04,CUST0693,France,P1010,Phone Case,2,10.19,20.38
INV594347,2023-07-08,CUST0500,Brazil,P1002,Bluetooth Speaker,5,35.05,175.25
INV814028,2024-09-24,CUST0572,Germany,P1012,Gaming Headset,4,54.66,218.64
INV692210,2024-09-12,CUST0677,France,P1005,Office Chair,3,93.95,281.85
INV903923,2024-07-27,CUST0033,Germany,P1007,Yoga Mat,2,20.76,41.52
INV923710,2024-03-23,CUST0758,Uk,P1012,Gaming Headset,2,55.28,110.56
INV891184,2024-06-30,CUST0055,Brazil,P1010,Phone Case,3,9.5,28.5
INV749624,2023-01-01,CUST0622,France,P1011,Table Lamp,3,28.35,85.05
INV461829,2024-12-01,CUST0555,India,P1001,Wireless Mouse,3,16.23,48.69
INV377021,2024-07-29,CUST0175,Canada,P1015,Winter Jacket,2,124.52,249.04
INV786125,2024-01-03,CUST0614,Brazil,P1004,Desk Lamp,1,21.24,21.24
INV603981,2024-05-25,CUST0259,Usa,P1002,Bluetooth Speaker,5,36.2,181.0
INV930801,2024-12-02,CUST0596,Australia,P1012,Gaming Headset,1,56.13,56.13
INV686983,2024-09-04,CUST0369,Uk,P1008,Water Bottle,5,11.1,55.5
INV146845,2023-10-07,CUST0684,Usa,P1003,Notebook Set,5,6.6,33.0
INV917567,2024-01-21,CUST0435,India,P1002,Bluetooth Speaker,3,33.95,101.85
INV183572,2024-11-23,CUST0598,Germany,P1010,Phone Case,5,10.14,50.7
INV517651,2024-07-08,CUST0310,Usa,P1001,Wireless Mouse,2,16.42,32.84
INV981856,2024-11-22,CUST0497,Brazil,P1010,Phone Case,5,10.03,50.15
INV264994,2023-09-22,CUST0483,Australia,P1007,Yoga Mat,3,20.07,60.21
INV836143,2024-12-15,CUST0430,Australia,P1010,Phone Case,5,10.06,50.3
INV578755,2024-07-27,CUST0532,France,P1015,Winter Jacket,4,118.92,475.68
INV389501,2024-03-14,CUST0130,Germany,P1008,Water Bottle,5,11.38,56.9
INV176899,2024-03-02,CUST0091,Brazil,P1005,Office Chair,4,90.35,361.4
INV895127,2024-11-27,CUST0414,Australia,P1015,Winter Jacket,4,115.03,460.12
INV295519,2024-05-01,CUST0091,Brazil,P1015,Winter Jacket,4,124.05,496.2
INV534945,2024-09-08,CUST0514,India,P1002,Bluetooth Speaker,4,34.22,136.88
INV956903,2024-06-25,CUST0387,Brazil,P1009,Backpack,4,44.33,177.32
INV598442,2024-12-16,CUST0551,Brazil,P1008,Water Bottle,1,11.16,11.16
INV295773,2023-01-01,CUST0627,Australia,P1014,Running Shoes,1,63.58,63.58
INV504611,2023-01-01,CUST0745,France,P1012,Gaming Headset,4,54.14,216.56
INV874270,2024-03-23,CUST0100,Usa,P1006,Coffee Mug,3,7.92,23.76
INV423032,2024-04-12,CUST0348,Australia,P1003,Notebook Set,3,6.9,20.7
INV550432,2024-12-23,CUST0223,Usa,P1014,Running Shoes,4,62.84,251.36
INV522833,2024-10-05,CUST0350,France,P1009,Backpack,5,43.23,216.15
INV449236,2024-07-19,CUST0120,France,P1005,Office Chair,5,86.24,431.2
INV708407,2024-04-17,CUST0351,Australia,P1004,Desk Lamp,5,22.85,114.25
INV210917,2023-01-01,CUST0505,Uk,P1001,Wireless Mouse,2,16.63,33.26
INV909713,2024-09-01,CUST0583,Australia,P1004,Desk Lamp,2,22.52,45.04
INV683671,2024-07-26,CUST0697,France,P1006,Coffee Mug,2,8.64,17.28
INV652968,2024-09-06,CUST0228,France,P1005,Office Chair,4,91.15,364.6
INV992007,2024-03-13,CUST0174,India,P1005,Office Chair,3,91.16,273.48
INV241001,2024-03-07,CUST0437,France,P1008,Water Bottle,1,11.3,11.3
INV835828,2024-11-21,CUST0491,Australia,P1002,Bluetooth Speaker,2,34.48,68.96
INV251088,2024-12-26,CUST0030,Uk,P1001,Wireless Mouse,3,15.35,46.05
INV589969,2024-11-15,CUST0436,Brazil,P1010,Phone Case,2,10.31,20.62
INV424177,2024-01-07,CUST0427,Germany,P1005,Office Chair,2,85.84,171.68
INV224578,2024-11-10,CUST0034,Canada,P1005,Office Chair,1,91.08,91.08
INV436101,2024-10-10,CUST0745,France,P1007,Yoga Mat,5,19.71,98.55
INV754316,2024-01-19,CUST0681,Germany,P1011,Table Lamp,5,28.47,142.35
INV579410,2024-03-19,CUST0077,France,P1014,Running Shoes,4,62.01,248.04
INV481032,2024-11-25,CUST0664,Uk,P1008,Water Bottle,1,11.37,11.37
INV186726,2024-07-17,CUST0737,Australia,P1006,Coffee Mug,3,7.9,23.7
INV476674,2024-11-15,CUST0148,Usa,P1005,Office Chair,5,90.76,453.8
INV836958,2024-08-15,CUST0296,Canada,P1008,Water Bottle,5,11.57,57.85
INV623542,2023-06-21,CUST0211,France,P1002,Bluetooth Speaker,4,33.91,135.64
INV578690,2023-12-22,CUST0398,Usa,P1008,Water Bottle,5,11.97,59.85
INV684041,2023-07-04,CUST0431,Germany,P1002,Bluetooth Speaker,1,36.16,36.16
INV342426,2024-05-03,CUST0357,Canada,P1012,Gaming Headset,5,52.32,261.6
INV466036,2024-10-24,CUST0331,Uk,P1007,Yoga Mat,1,20.43,20.43
INV489821,2024-10-17,CUST0747,Uk,P1015,Winter Jacket,4,125.07,500.28
INV476028,2024-12-04,CUST0441,Usa,P1013,Sticky Notes Pack,5,4.28,21.4
INV730706,2024-07-23,CUST0208,Usa,P1013,Sticky Notes Pack,3,4.13,12.39
INV319130,2024-07-30,CUST0209,Australia,P1005,Office Chair,4,93.64,374.56
INV546840,2024-01-19,CUST0725,Uk,P1014,Running Shoes,1,64.13,64.13
INV804398,2024-05-13,CUST0454,Canada,P1011,Table Lamp,4,26.57,106.28
INV161431,2023-05-22,CUST0458,France,P1013,Sticky Notes Pack,1,4.16,4.16
INV648467,2024-10-05,CUST0252,Australia,P1014,Running Shoes,3,62.98,188.94
INV396885,2024-10-23,CUST0005,Brazil,P1011,Table Lamp,4,26.96,107.84
INV712752,2024-07-15,CUST0600,France,P1013,Sticky Notes Pack,5,4.42,22.1
INV307334,2023-05-26,CUST0192,Canada,P1011,Table Lamp,1,28.13,28.13
INV826062,2024-11-24,CUST0591,India,P1009,Backpack,4,46.62,186.48
INV796807,2024-03-15,CUST0120,France,P1001,Wireless Mouse,1,16.2,16.2
INV683798,2024-06-05,CUST0208,Usa,P1001,Wireless Mouse,4,15.22,60.88
INV958261,2024-11-02,CUST0276,India,P1002,Bluetooth Speaker,5,33.96,169.8
INV210917,2023-01-01,CUST0505,Uk,P1009,Backpack,3,43.74,131.22
INV738723,2023-10-11,CUST0684,Usa,P1005,Office Chair,3,94.26,282.78
INV609492,2024-11-23,CUST0082,Australia,P1003,Notebook Set,4,6.48,25.92
INV551950,2023-10-30,CUST0519,France,P1011,Table Lamp,4,26.68,106.72
INV529679,2024-03-31,CUST0190,Canada,P1010,Phone Case,5,9.6,48.0
INV280569,2024-12-14,CUST0400,Uk,P1008,Water Bottle,3,11.66,34.98
INV508485,2024-06-07,CUST0694,Germany,P1003,Notebook Set,3,6.52,19.56
INV374589,2024-08-10,CUST0015,Germany,P1004,Desk Lamp,4,21.41,85.64
INV693472,2024-10-28,CUST0621,Usa,P1011,Table Lamp,4,27.48,109.92
INV171864,2023-01-01,CUST0533,Usa,P1005,Office Chair,5,85.81,429.05
INV312728,2024-09-21,CUST0082,Australia,P1005,Office Chair,2,86.06,172.12
INV349886,2024-05-12,CUST0557,India,P1003,Notebook Set,5,6.93,34.65
INV513969,2024-08-15,CUST0250,Uk,P1004,Desk Lamp,1,21.71,21.71
INV634772,2024-07-23,CUST0720,Germany,P1002,Bluetooth Speaker,5,33.72,168.6
INV126296,2024-05-25,CUST0199,Brazil,P1002,Bluetooth Speaker,4,33.02,132.08
INV813468,2024-07-17,CUST0725,Uk,P1008,Water Bottle,4,11.94,47.76
INV164417,2024-12-03,CUST0187,India,P1010,Phone Case,2,10.26,20.52
INV519304,2024-10-19,CUST0159,France,P1007,Yoga Mat,5,19.73,98.65
INV876045,2023-01-01,CUST0429,Germany,P1006,Coffee Mug,2,8.51,17.02
INV225268,2023-01-01,CUST0288,Brazil,P1009,Backpack,3,47.14,141.42
INV735355,2024-01-23,CUST0493,Canada,P1012,Gaming Headset,2,53.2,106.4
INV883959,2024-10-09,CUST0167,Usa,P1005,Office Chair,1,92.12,92.12
INV138091,2024-06-26,CUST0371,Australia,P1003,Notebook Set,3,6.8,20.4
INV416152,2024-11-10,CUST0717,Brazil,P1009,Backpack,4,43.59,174.36
INV780986,2023-08-02,CUST0630,India,P1007,Yoga Mat,2,20.32,40.64
INV874054,2024-04-19,CUST0712,France,P1011,Table Lamp,2,28.72,57.44
INV576331,2023-11-18,CUST0691,Germany,P1008,Water Bottle,2,12.03,24.06
INV160161,2024-05-11,CUST0125,Brazil,P1015,Winter Jacket,1,123.68,123.68
INV403539,2023-01-01,CUST0177,France,P1010,Phone Case,3,9.91,29.73
INV604168,2024-06-14,CUST0370,India,P1004,Desk Lamp,2,22.84,45.68
INV225268,2023-01-01,CUST0288,Brazil,P1006,Coffee Mug,1,8.06,8.06
INV828432,2024-06-13,CUST0663,Australia,P1013,Sticky Notes Pack,5,4.25,21.25
INV531854,2024-05-03,CUST0004,India,P1011,Table Lamp,1,26.56,26.56
INV238397,2024-08-02,CUST0102,Usa,P1013,Sticky Notes Pack,3,4.36,13.08
INV462493,2023-12-06,CUST0630,India,P1012,Gaming Headset,1,53.13,53.13
INV267841,2024-10-23,CUST0366,India,P1007,Yoga Mat,5,19.93,99.65
INV312773,2024-06-28,CUST0346,Canada,P1009,Backpack,1,47.15,47.15
INV575475,2023-08-21,CUST0076,India,P1010,Phone Case,1,10.21,10.21
INV611224,2024-05-06,CUST0406,France,P1012,Gaming Headset,3,56.39,169.17
INV261237,2023-10-06,CUST0631,France,P1009,Backpack,5,43.8,219.0
INV186384,2024-12-04,CUST0587,Canada,P1001,Wireless Mouse,3,16.42,49.26
INV590860,2024-02-11,CUST0482,India,P1010,Phone Case,4,10.21,40.84
INV747447,2023-08-02,CUST0479,Germany,P1008,Water Bottle,1,11.07,11.07
INV614253,2023-01-01,CUST0694,Germany,P1012,Gaming Headset,1,56.49,56.49
INV274652,2024-05-10,CUST0648,Usa,P1004,Desk Lamp,4,22.74,90.96
INV649745,2024-09-02,CUST0282,Canada,P1015,Winter Jacket,4,116.78,467.12
INV224183,2024-03-28,CUST0378,India,P1009,Backpack,3,46.65,139.95
INV897677,2024-12-21,CUST0710,India,P1012,Gaming Headset,5,57.51,287.55
INV607057,2024-07-12,CUST0651,Brazil,P1008,Water Bottle,2,12.02,24.04
INV561988,2024-02-10,CUST0715,France,P1005,Office Chair,4,92.06,368.24
INV285488,2024-07-26,CUST0383,Australia,P1008,Water Bottle,3,11.71,35.13
INV314689,2024-08-05,CUST0383,Australia,P1007,Yoga Mat,4,19.04,76.16
INV965521,2023-03-04,CUST0425,Brazil,P1004,Desk Lamp,2,22.89,45.78
INV150709,2024-11-06,CUST0014,Uk,P1001,Wireless Mouse,3,16.42,49.26
INV382181,2024-05-19,CUST0125,Brazil,P1008,Water Bottle,2,12.04,24.08
INV935962,2024-08-06,CUST0694,Germany,P1005,Office Chair,4,91.31,365.24
INV927670,2024-10-13,CUST0574,India,P1001,Wireless Mouse,2,15.92,31.84
INV732707,2023-01-01,CUST0153,India,P1006,Coffee Mug,3,7.87,23.61
INV214611,2024-01-15,CUST0252,Australia,P1002,Bluetooth Speaker,5,35.9,179.5
INV141562,2024-12-12,CUST0316,Usa,P1009,Backpack,1,45.19,45.19
INV786125,2024-01-03,CUST0614,Brazil,P1008,Water Bottle,2,11.01,22.02
INV176918,2023-05-21,CUST0781,Brazil,P1011,Table Lamp,4,27.02,108.08
INV393969,2024-02-05,CUST0631,France,P1012,Gaming Headset,3,53.13,159.39
INV224522,2023-02-21,CUST0706,Australia,P1008,Water Bottle,1,11.7,11.7
INV799300,2024-09-15,CUST0781,Brazil,P1008,Water Bottle,4,11.15,44.6
INV801680,2024-05-01,CUST0153,India,P1012,Gaming Headset,1,57.37,57.37
INV392223,2023-01-01,CUST0466,Uk,P1011,Table Lamp,2,28.29,56.58
INV672407,2024-03-23,CUST0051,Germany,P1008,Water Bottle,2,11.94,23.88
INV250707,2024-12-12,CUST0646,Usa,P1008,Water Bottle,2,11.54,23.08
INV399810,2024-10-20,CUST0178,Australia,P1007,Yoga Mat,3,20.27,60.81
INV793777,2024-08-12,CUST0462,France,P1003,Notebook Set,4,6.6,26.4
INV935243,2024-11-03,CUST0336,Usa,P1008,Water Bottle,2,11.87,23.74
INV666143,2024-11-02,CUST0043,France,P1011,Table Lamp,5,26.2,131.0
INV622171,2024-06-28,CUST0005,Brazil,P1006,Coffee Mug,3,8.37,25.11
INV297899,2024-06-12,CUST0740,Brazil,P1014,Running Shoes,1,61.85,61.85
INV820124,2023-10-15,CUST0214,Australia,P1012,Gaming Headset,5,55.48,277.4
INV738879,2024-05-09,CUST0182,Brazil,P1010,Phone Case,3,9.76,29.28
INV518775,2023-10-07,CUST0348,Australia,P1015,Winter Jacket,1,117.93,117.93
INV225180,2023-01-20,CUST0252,Australia,P1002,Bluetooth Speaker,2,34.54,69.08
INV648436,2024-08-09,CUST0633,Uk,P1014,Running Shoes,3,67.7,203.1
INV552196,2024-11-21,CUST0536,France,P1014,Running Shoes,4,66.29,265.16
INV621104,2024-10-28,CUST0315,Germany,P1011,Table Lamp,3,28.26,84.78
INV393192,2023-01-01,CUST0665,India,P1003,Notebook Set,3,6.94,20.82
INV407810,2024-12-06,CUST0445,Brazil,P1001,Wireless Mouse,2,16.03,32.06
INV189435,2024-07-15,CUST0667,Usa,P1013,Sticky Notes Pack,3,4.06,12.18
INV657995,2024-05-22,CUST0631,France,P1006,Coffee Mug,3,8.27,24.81
INV299912,2024-05-31,CUST0586,France,P1006,Coffee Mug,2,8.14,16.28
INV729255,2024-07-29,CUST0027,Usa,P1005,Office Chair,4,89.57,358.28
INV355363,2024-08-31,CUST0761,Brazil,P1004,Desk Lamp,5,21.37,106.85
INV587350,2024-08-21,CUST0659,India,P1003,Notebook Set,2,6.55,13.1
INV260560,2024-09-29,CUST0434,Usa,P1008,Water Bottle,4,12.02,48.08
INV169994,2024-12-12,CUST0623,India,P1001,Wireless Mouse,4,16.31,65.24
INV236406,2024-01-31,CUST0732,Germany,P1006,Coffee Mug,1,8.43,8.43
INV508368,2023-01-01,CUST0357,Canada,P1008,Water Bottle,5,11.48,57.4
INV708153,2024-10-15,CUST0400,Uk,P1008,Water Bottle,1,11.86,11.86
INV160547,2024-11-13,CUST0597,France,P1007,Yoga Mat,4,20.13,80.52
INV476674,2024-11-15,CUST0148,Usa,P1010,Phone Case,5,9.9,49.5
INV438038,2024-10-31,CUST0493,Canada,P1010,Phone Case,4,10.38,41.52
INV321230,2024-08-27,CUST0573,Germany,P1012,Gaming Headset,5,56.66,283.3
INV245384,2023-02-10,CUST0260,Canada,P1009,Backpack,3,43.31,129.93
INV988168,2024-12-05,CUST0608,Canada,P1011,Table Lamp,3,27.89,83.67
INV427795,2024-09-02,CUST0366,India,P1009,Backpack,2,45.05,90.1
INV608249,2023-01-01,CUST0006,France,P1009,Backpack,5,44.66,223.3
INV303436,2024-04-26,CUST0143,Germany,P1008,Water Bottle,5,11.51,57.55
INV131897,2024-12-11,CUST0485,Uk,P1013,Sticky Notes Pack,5,4.3,21.5
INV931650,2024-05-25,CUST0782,Australia,P1013,Sticky Notes Pack,2,4.06,8.12
INV604595,2023-01-01,CUST0288,Brazil,P1012,Gaming Headset,4,54.38,217.52
INV831033,2024-03-23,CUST0289,France,P1002,Bluetooth Speaker,4,33.81,135.24
INV686029,2024-11-20,CUST0670,Brazil,P1009,Backpack,2,45.78,91.56
INV704224,2023-10-27,CUST0324,Canada,P1002,Bluetooth Speaker,3,33.35,100.05
INV233049,2023-01-01,CUST0590,Brazil,P1014,Running Shoes,5,62.93,314.65
INV922387,2024-11-02,CUST0313,Australia,P1009,Backpack,3,45.46,136.38
INV473407,2023-11-30,CUST0517,Brazil,P1011,Table Lamp,2,26.72,53.44
INV896701,2024-12-20,CUST0213,Australia,P1005,Office Chair,3,85.82,257.46
INV935842,2024-05-12,CUST0114,Brazil,P1007,Yoga Mat,4,19.58,78.32
INV333250,2024-10-05,CUST0412,India,P1010,Phone Case,2,10.44,20.88
INV883757,2024-10-09,CUST0588,France,P1011,Table Lamp,5,26.69,133.45
INV533545,2024-06-11,CUST0769,Canada,P1010,Phone Case,5,9.66,48.3
INV541346,2024-09-10,CUST0417,Brazil,P1011,Table Lamp,2,27.59,55.18
INV541175,2024-01-08,CUST0661,India,P1004,Desk Lamp,2,22.24,44.48
INV152438,2024-02-29,CUST0657,Uk,P1008,Water Bottle,1,11.51,11.51
INV560824,2024-09-28,CUST0749,Germany,P1003,Notebook Set,1,6.62,6.62
INV311773,2023-11-15,CUST0587,Canada,P1002,Bluetooth Speaker,5,35.51,177.55
INV952075,2023-12-05,CUST0745,France,P1001,Wireless Mouse,4,16.26,65.04
INV806164,2023-01-01,CUST0688,Usa,P1002,Bluetooth Speaker,3,35.45,106.35
INV661110,2023-12-07,CUST0555,India,P1011,Table Lamp,4,28.38,113.52
INV773802,2024-01-16,CUST0099,Brazil,P1004,Desk Lamp,5,22.91,114.55
INV159230,2024-08-04,CUST0115,Usa,P1013,Sticky Notes Pack,5,4.35,21.75
INV122004,2024-10-22,CUST0096,Uk,P1009,Backpack,2,43.49,86.98
INV306493,2024-12-01,CUST0001,Germany,P1015,Winter Jacket,2,124.53,249.06
INV817912,2024-06-18,CUST0014,Uk,P1003,Notebook Set,4,7.01,28.04
INV568441,2024-11-27,CUST0616,Canada,P1009,Backpack,3,45.48,136.44
INV650785,2023-03-25,CUST0792,Usa,P1001,Wireless Mouse,4,16.66,66.64
INV969140,2024-10-26,CUST0082,Australia,P1003,Notebook Set,1,6.74,6.74
INV184636,2024-06-13,CUST0771,Brazil,P1007,Yoga Mat,3,19.0,57.0
INV225366,2024-08-19,CUST0056,Australia,P1015,Winter Jacket,4,121.72,486.88
INV769112,2024-06-20,CUST0627,Australia,P1015,Winter Jacket,3,124.97,374.91
INV239764,2024-04-01,CUST0304,France,P1003,Notebook Set,3,6.81,20.43
INV691716,2024-09-23,CUST0735,Brazil,P1015,Winter Jacket,1,114.87,114.87
INV466036,2024-10-24,CUST0331,Uk,P1001,Wireless Mouse,2,16.32,32.64
INV853485,2023-01-01,CUST0687,France,P1006,Coffee Mug,2,8.4,16.8
INV557018,2024-10-03,CUST0615,Germany,P1008,Water Bottle,2,11.73,23.46
INV261647,2024-03-03,CUST0258,Uk,P1013,Sticky Notes Pack,2,4.25,8.5
INV770268,2024-07-19,CUST0756,Canada,P1003,Notebook Set,4,6.42,25.68
INV878146,2023-11-26,CUST0220,Brazil,P1014,Running Shoes,5,66.86,334.3
INV652476,2024-11-25,CUST0241,India,P1005,Office Chair,1,90.65,90.65
INV156996,2023-09-30,CUST0322,India,P1007,Yoga Mat,3,19.03,57.09
INV641173,2024-06-23,CUST0442,Usa,P1014,Running Shoes,3,64.17,192.51
INV535770,2024-04-27,CUST0114,Brazil,P1014,Running Shoes,3,66.09,198.27
INV307705,2024-08-11,CUST0536,France,P1009,Backpack,1,42.97,42.97
INV247032,2024-11-29,CUST0117,Germany,P1001,Wireless Mouse,2,15.8,31.6
INV473642,2024-12-09,CUST0503,Brazil,P1006,Coffee Mug,1,8.1,8.1
INV707424,2024-01-21,CUST0717,Brazil,P1009,Backpack,1,47.24,47.24
INV920420,2023-06-19,CUST0287,Brazil,P1011,Table Lamp,5,28.41,142.05
INV959234,2023-01-01,CUST0631,France,P1003,Notebook Set,5,7.07,35.35
INV400686,2024-08-16,CUST0489,Brazil,P1015,Winter Jacket,1,119.68,119.68
INV263976,2023-01-01,CUST0289,France,P1008,Water Bottle,3,11.85,35.55
INV530438,2024-04-17,CUST0644,Germany,P1013,Sticky Notes Pack,4,4.12,16.48
INV798709,2024-10-20,CUST0749,Germany,P1012,Gaming Headset,4,56.49,225.96
INV459718,2024-06-14,CUST0068,France,P1011,Table Lamp,2,27.29,54.58
INV988397,2023-03-20,CUST0033,Germany,P1002,Bluetooth Speaker,1,33.87,33.87
INV216839,2024-01-14,CUST0096,Uk,P1008,Water Bottle,2,11.74,23.48
INV412287,2023-06-16,CUST0673,Canada,P1004,Desk Lamp,5,20.92,104.6
INV384499,2024-09-08,CUST0682,Usa,P1006,Coffee Mug,5,8.01,40.05
INV803806,2023-12-09,CUST0699,Germany,P1004,Desk Lamp,3,23.0,69.0
INV235830,2024-12-06,CUST0645,Australia,P1011,Table Lamp,4,26.93,107.72
INV863772,2024-12-27,CUST0096,Uk,P1009,Backpack,3,43.9,131.7
INV369361,2023-01-01,CUST0652,Uk,P1010,Phone Case,2,10.4,20.8
INV139053,2023-01-01,CUST0090,Canada,P1004,Desk Lamp,1,21.01,21.01
INV289995,2024-03-31,CUST0056,Australia,P1003,Notebook Set,2,6.79,13.58
INV467626,2024-03-08,CUST0469,France,P1006,Coffee Mug,2,8.13,16.26
INV468236,2024-06-09,CUST0458,France,P1015,Winter Jacket,1,119.96,119.96
INV556124,2024-11-20,CUST0149,Brazil,P1008,Water Bottle,4,11.85,47.4
INV218970,2024-10-17,CUST0343,Usa,P1012,Gaming Headset,1,57.49,57.49
INV968467,2023-10-14,CUST0261,India,P1015,Winter Jacket,4,121.7,486.8
INV821202,2024-11-19,CUST0152,Uk,P1009,Backpack,5,47.22,236.1
INV188005,2024-11-03,CUST0588,France,P1012,Gaming Headset,2,57.42,114.84
INV276764,2023-01-01,CUST0001,Germany,P1007,Yoga Mat,1,19.57,19.57
INV554670,2023-05-02,CUST0646,Usa,P1010,Phone Case,1,10.31,10.31
INV708949,2024-10-30,CUST0225,Germany,P1014,Running Shoes,5,62.75,313.75
INV649247,2024-09-10,CUST0774,India,P1006,Coffee Mug,5,8.16,40.8
INV751731,2024-03-19,CUST0266,Australia,P1012,Gaming Headset,3,56.81,170.43
INV303369,2024-09-03,CUST0490,Canada,P1003,Notebook Set,5,6.93,34.65
INV518775,2023-10-07,CUST0348,Australia,P1007,Yoga Mat,3,19.81,59.43
INV414372,2024-08-21,CUST0056,Australia,P1013,Sticky Notes Pack,1,4.45,4.45
INV335727,2024-09-01,CUST0575,India,P1010,Phone Case,5,9.93,49.65
INV494760,2024-11-21,CUST0080,Uk,P1010,Phone Case,2,9.77,19.54
INV210311,2024-11-28,CUST0174,India,P1006,Coffee Mug,5,7.93,39.65
INV552790,2023-10-29,CUST0324,Canada,P1013,Sticky Notes Pack,2,4.4,8.8
INV384435,2023-01-16,CUST0580,France,P1014,Running Shoes,1,64.61,64.61
INV983812,2024-05-07,CUST0004,India,P1008,Water Bottle,1,11.98,11.98
INV158500,2024-11-26,CUST0153,India,P1002,Bluetooth Speaker,5,35.6,178.0
INV598442,2024-12-16,CUST0551,Brazil,P1010,Phone Case,3,10.1,30.3
INV718820,2023-10-31,CUST0728,Uk,P1013,Sticky Notes Pack,4,4.12,16.48
INV939522,2024-07-05,CUST0652,Uk,P1001,Wireless Mouse,4,15.51,62.04
INV656080,2024-08-26,CUST0692,Canada,P1013,Sticky Notes Pack,2,4.31,8.62
INV724031,2024-10-05,CUST0655,Uk,P1006,Coffee Mug,5,8.66,43.3
INV224319,2024-10-24,CUST0167,Usa,P1007,Yoga Mat,5,19.73,98.65
INV606996,2023-01-01,CUST0546,Australia,P1006,Coffee Mug,1,8.22,8.22
INV522991,2024-11-22,CUST0350,France,P1007,Yoga Mat,4,20.63,82.52
INV874089,2024-10-09,CUST0434,Usa,P1009,Backpack,1,43.23,43.23
INV555656,2024-12-21,CUST0031,Usa,P1006,Coffee Mug,3,7.89,23.67
INV351868,2024-06-09,CUST0208,Usa,P1006,Coffee Mug,1,8.55,8.55
INV700538,2024-11-19,CUST0713,India,P1015,Winter Jacket,5,118.86,594.3
INV411083,2024-11-26,CUST0546,Australia,P1006,Coffee Mug,3,7.91,23.73
INV219679,2023-01-01,CUST0098,Australia,P1014,Running Shoes,5,67.98,339.9
INV192653,2024-06-07,CUST0462,France,P1008,Water Bottle,3,11.77,35.31
INV891184,2024-06-30,CUST0055,Brazil,P1004,Desk Lamp,4,21.22,84.88
INV579410,2024-03-19,CUST0077,France,P1008,Water Bottle,4,11.62,46.48
INV869188,2024-02-24,CUST0364,Brazil,P1005,Office Chair,4,85.74,342.96
INV296712,2024-12-14,CUST0630,India,P1013,Sticky Notes Pack,1,4.04,4.04
INV405293,2024-08-08,CUST0388,Canada,P1001,Wireless Mouse,1,16.59,16.59
INV887671,2023-07-04,CUST0301,Australia,P1009,Backpack,1,46.06,46.06
INV985932,2024-11-30,CUST0264,France,P1007,Yoga Mat,5,19.71,98.55
INV191372,2024-06-28,CUST0152,Uk,P1009,Backpack,1,45.15,45.15
INV751731,2024-03-19,CUST0266,Australia,P1001,Wireless Mouse,3,16.34,49.02
INV785087,2024-10-16,CUST0440,Brazil,P1011,Table Lamp,2,27.9,55.8
INV906251,2023-10-11,CUST0342,Germany,P1013,Sticky Notes Pack,4,4.38,17.52
INV580073,2023-09-24,CUST0354,France,P1012,Gaming Headset,3,53.95,161.85
INV364074,2024-01-08,CUST0357,Canada,P1006,Coffee Mug,5,8.19,40.95
INV301542,2023-12-06,CUST0529,Uk,P1012,Gaming Headset,2,55.47,110.94
INV688603,2024-09-05,CUST0176,Usa,P1006,Coffee Mug,5,8.27,41.35
INV407378,2024-07-10,CUST0557,India,P1003,Notebook Set,1,6.91,6.91
INV376370,2024-02-11,CUST0631,France,P1001,Wireless Mouse,5,15.92,79.6
INV342214,2024-11-06,CUST0072,Germany,P1012,Gaming Headset,3,53.31,159.93
INV842058,2024-05-30,CUST0590,Brazil,P1005,Office Chair,3,87.61,262.83
INV902470,2023-08-30,CUST0292,Uk,P1006,Coffee Mug,2,8.45,16.9
INV794343,2024-10-22,CUST0375,Usa,P1014,Running Shoes,5,67.29,336.45
INV843382,2024-12-01,CUST0397,Australia,P1003,Notebook Set,3,6.82,20.46
INV342526,2023-02-07,CUST0571,Canada,P1013,Sticky Notes Pack,1,4.1,4.1
INV556960,2024-05-18,CUST0091,Brazil,P1001,Wireless Mouse,4,16.02,64.08
INV310903,2023-01-01,CUST0688,Usa,P1001,Wireless Mouse,2,15.54,31.08
INV418987,2024-11-03,CUST0312,Uk,P1001,Wireless Mouse,2,15.54,31.08
INV504824,2023-03-31,CUST0400,Uk,P1012,Gaming Headset,5,53.4,267.0
INV830101,2024-01-06,CUST0006,France,P1012,Gaming Headset,4,55.31,221.24
INV138091,2024-06-26,CUST0371,Australia,P1002,Bluetooth Speaker,5,34.0,170.0
INV604849,2024-09-27,CUST0015,Germany,P1009,Backpack,5,46.02,230.1
INV983961,2024-08-08,CUST0196,Uk,P1005,Office Chair,4,85.94,343.76
INV448918,2024-06-30,CUST0333,Canada,P1008,Water Bottle,4,11.47,45.88
INV333003,2024-07-13,CUST0636,Australia,P1002,Bluetooth Speaker,1,33.78,33.78
INV673963,2024-10-13,CUST0392,Germany,P1014,Running Shoes,5,64.51,322.55
INV521165,2024-06-26,CUST0627,Australia,P1003,Notebook Set,4,6.98,27.92
INV444251,2024-10-28,CUST0693,France,P1009,Backpack,4,46.81,187.24
INV381826,2024-09-09,CUST0214,Australia,P1004,Desk Lamp,5,21.53,107.65
INV392946,2024-05-24,CUST0591,India,P1001,Wireless Mouse,4,15.56,62.24
INV905022,2024-12-08,CUST0350,France,P1002,Bluetooth Speaker,4,32.83,131.32
INV320148,2023-08-09,CUST0152,Uk,P1002,Bluetooth Speaker,5,35.18,175.9
INV972681,2024-11-08,CUST0546,Australia,P1005,Office Chair,5,92.6,463.0
INV371093,2023-09-05,CUST0378,India,P1007,Yoga Mat,4,19.32,77.28
INV342371,2024-10-12,CUST0615,Germany,P1003,Notebook Set,5,6.49,32.45
INV266670,2024-11-10,CUST0329,Uk,P1011,Table Lamp,4,27.51,110.04
INV305206,2024-10-20,CUST0689,Usa,P1006,Coffee Mug,3,7.92,23.76
INV134382,2023-05-26,CUST0723,Australia,P1013,Sticky Notes Pack,4,4.38,17.52
INV600471,2024-11-21,CUST0004,India,P1002,Bluetooth Speaker,4,35.86,143.44
INV489778,2024-12-12,CUST0345,France,P1001,Wireless Mouse,2,15.99,31.98
INV252834,2024-06-19,CUST0417,Brazil,P1003,Notebook Set,4,6.61,26.44
INV514190,2024-08-27,CUST0012,Canada,P1010,Phone Case,4,10.36,41.44
INV497502,2024-11-18,CUST0571,Canada,P1008,Water Bottle,1,11.81,11.81
INV775967,2024-07-07,CUST0189,Uk,P1012,Gaming Headset,5,53.58,267.9
INV204378,2023-08-06,CUST0704,France,P1012,Gaming Headset,5,52.43,262.15
INV137742,2024-09-03,CUST0459,Canada,P1013,Sticky Notes Pack,2,4.43,8.86
INV519238,2024-12-21,CUST0006,France,P1008,Water Bottle,3,11.44,34.32
INV791279,2023-04-26,CUST0717,Brazil,P1009,Backpack,2,45.39,90.78
INV825160,2024-08-24,CUST0694,Germany,P1007,Yoga Mat,2,19.54,39.08
INV307964,2024-01-14,CUST0423,Usa,P1009,Backpack,2,43.02,86.04
INV166191,2023-08-05,CUST0058,Brazil,P1003,Notebook Set,3,6.98,20.94
INV773316,2024-07-08,CUST0769,Canada,P1009,Backpack,3,43.31,129.93
INV465308,2023-05-17,CUST0495,Canada,P1013,Sticky Notes Pack,2,4.14,8.28
INV546402,2024-01-20,CUST0621,Usa,P1005,Office Chair,3,87.86,263.58
INV590860,2024-02-11,CUST0482,India,P1003,Notebook Set,5,6.44,32.2
INV291070,2024-09-09,CUST0165,Usa,P1004,Desk Lamp,2,22.01,44.02
INV221843,2023-10-31,CUST0113,Germany,P1009,Backpack,5,45.19,225.95
INV928623,2024-10-25,CUST0019,Australia,P1005,Office Chair,2,88.02,176.04
INV733965,2024-07-25,CUST0315,Germany,P1004,Desk Lamp,4,22.27,89.08
INV557530,2024-12-05,CUST0176,Usa,P1010,Phone Case,5,10.3,51.5
INV922336,2024-11-22,CUST0072,Germany,P1004,Desk Lamp,4,22.04,88.16
INV775470,2024-09-17,CUST0252,Australia,P1009,Backpack,5,47.12,235.6
INV364697,2024-01-28,CUST0096,Uk,P1008,Water Bottle,4,11.17,44.68
INV630487,2024-07-22,CUST0729,Usa,P1015,Winter Jacket,5,125.05,625.25
INV675584,2024-06-16,CUST0098,Australia,P1004,Desk Lamp,2,22.65,45.3
INV691898,2024-08-11,CUST0055,Brazil,P1001,Wireless Mouse,4,15.94,63.76
INV843862,2023-11-04,CUST0623,India,P1006,Coffee Mug,3,8.15,24.45
INV518191,2023-09-07,CUST0680,India,P1002,Bluetooth Speaker,2,34.89,69.78
INV508485,2024-06-07,CUST0694,Germany,P1009,Backpack,4,44.45,177.8
INV640852,2024-11-09,CUST0080,Uk,P1009,Backpack,2,42.95,85.9
INV127330,2024-04-30,CUST0320,Canada,P1006,Coffee Mug,5,8.38,41.9
INV932199,2024-03-13,CUST0670,Brazil,P1008,Water Bottle,5,11.78,58.9
INV821010,2024-11-27,CUST0685,Germany,P1001,Wireless Mouse,4,16.44,65.76
INV949943,2024-07-03,CUST0714,Australia,P1015,Winter Jacket,3,121.19,363.57
INV616293,2024-08-23,CUST0661,India,P1001,Wireless Mouse,1,16.37,16.37
INV262610,2024-01-05,CUST0623,India,P1008,Water Bottle,1,11.82,11.82
INV680007,2024-11-17,CUST0130,Germany,P1007,Yoga Mat,1,19.2,19.2
INV507479,2024-09-11,CUST0580,France,P1009,Backpack,3,43.01,129.03
INV717674,2023-01-01,CUST0103,India,P1009,Backpack,2,43.58,87.16
INV205507,2024-10-11,CUST0632,France,P1010,Phone Case,5,10.42,52.1
INV923574,2024-08-09,CUST0466,Uk,P1012,Gaming Headset,4,55.75,223.0
INV598097,2024-06-24,CUST0658,Germany,P1005,Office Chair,5,86.37,431.85
INV387124,2024-08-28,CUST0207,Usa,P1008,Water Bottle,3,11.44,34.32
INV366804,2024-07-26,CUST0114,Brazil,P1014,Running Shoes,1,66.66,66.66
INV234056,2024-07-26,CUST0405,Germany,P1010,Phone Case,2,10.44,20.88
INV124837,2024-06-01,CUST0307,France,P1001,Wireless Mouse,4,15.57,62.28
INV945221,2024-08-26,CUST0725,Uk,P1008,Water Bottle,3,10.98,32.94
INV211565,2024-01-11,CUST0176,Usa,P1007,Yoga Mat,5,19.66,98.3
INV861922,2024-11-27,CUST0588,France,P1003,Notebook Set,4,7.02,28.08
INV674294,2024-07-25,CUST0272,Brazil,P1007,Yoga Mat,3,20.22,60.66
INV803184,2023-01-01,CUST0546,Australia,P1004,Desk Lamp,3,22.65,67.95
INV214694,2023-11-17,CUST0254,Canada,P1003,Notebook Set,5,7.05,35.25
INV219528,2024-11-19,CUST0410,France,P1014,Running Shoes,3,62.17,186.51
INV443541,2024-11-22,CUST0090,Canada,P1012,Gaming Headset,1,54.8,54.8
INV748290,2024-11-26,CUST0267,Germany,P1012,Gaming Headset,1,54.78,54.78
INV342526,2023-02-07,CUST0571,Canada,P1012,Gaming Headset,3,56.45,169.35
INV841208,2024-11-12,CUST0126,Brazil,P1008,Water Bottle,1,11.45,11.45
INV536800,2024-02-07,CUST0145,Australia,P1005,Office Chair,3,87.33,261.99
INV251088,2024-12-26,CUST0030,Uk,P1002,Bluetooth Speaker,2,33.43,66.86
INV648520,2023-11-24,CUST0176,Usa,P1008,Water Bottle,4,11.0,44.0
INV811413,2024-12-19,CUST0657,Uk,P1015,Winter Jacket,5,123.89,619.45
INV839051,2024-12-05,CUST0345,France,P1013,Sticky Notes Pack,1,4.31,4.31
INV983961,2024-08-21,CUST0677,France,P1005,Office Chair,4,94.49,377.96
INV954314,2024-06-26,CUST0241,India,P1010,Phone Case,4,10.14,40.56
INV294006,2024-09-08,CUST0098,Australia,P1007,Yoga Mat,3,20.13,60.39
INV516803,2024-06-27,CUST0057,Canada,P1004,Desk Lamp,1,20.98,20.98
INV352551,2023-10-25,CUST0630,India,P1012,Gaming Headset,1,52.9,52.9
INV189718,2024-06-30,CUST0066,Brazil,P1013,Sticky Notes Pack,5,4.41,22.05
INV490735,2023-10-21,CUST0203,Australia,P1008,Water Bottle,5,11.65,58.25
INV908169,2024-11-15,CUST0536,France,P1007,Yoga Mat,5,20.65,103.25
INV675441,2024-11-06,CUST0556,Brazil,P1009,Backpack,5,46.88,234.4
INV307824,2024-11-18,CUST0342,Germany,P1014,Running Shoes,2,63.9,127.8
INV841208,2024-11-12,CUST0126,Brazil,P1004,Desk Lamp,3,21.28,63.84
INV263925,2024-10-07,CUST0048,Australia,P1014,Running Shoes,1,66.04,66.04
INV412488,2024-12-15,CUST0053,India,P1005,Office Chair,2,88.73,177.46
INV754215,2024-08-01,CUST0232,Brazil,P1014,Running Shoes,2,66.41,132.82
INV639569,2024-08-27,CUST0250,Uk,P1013,Sticky Notes Pack,4,4.27,17.08
INV621525,2024-01-10,CUST0649,Uk,P1015,Winter Jacket,3,114.54,343.62
INV384499,2024-09-08,CUST0682,Usa,P1008,Water Bottle,3,11.95,35.85
INV303436,2024-04-26,CUST0143,Germany,P1011,Table Lamp,5,28.72,143.6
INV902006,2024-12-28,CUST0690,Usa,P1008,Water Bottle,3,11.19,33.57
INV106819,2024-01-20,CUST0267,Germany,P1013,Sticky Notes Pack,2,4.04,8.08
INV681440,2023-01-01,CUST0072,Germany,P1002,Bluetooth Speaker,1,32.91,32.91
INV776801,2023-08-18,CUST0367,Usa,P1004,Desk Lamp,2,21.02,42.04
INV372657,2024-02-25,CUST0076,India,P1008,Water Bottle,1,11.09,11.09
INV621483,2024-01-11,CUST0076,India,P1001,Wireless Mouse,3,15.27,45.81
INV915157,2023-09-09,CUST0687,France,P1013,Sticky Notes Pack,5,4.06,20.3
INV749217,2024-09-18,CUST0048,Australia,P1009,Backpack,1,45.15,45.15
INV673605,2024-08-05,CUST0252,Australia,P1007,Yoga Mat,3,20.63,61.89
INV165070,2024-08-02,CUST0490,Canada,P1013,Sticky Notes Pack,2,4.21,8.42
INV424653,2024-01-12,CUST0544,Canada,P1006,Coffee Mug,4,8.01,32.04
INV489381,2024-07-23,CUST0068,France,P1010,Phone Case,5,9.87,49.35
INV398898,2024-05-04,CUST0212,India,P1003,Notebook Set,2,6.7,13.4
INV189551,2023-01-01,CUST0350,France,P1014,Running Shoes,5,64.63,323.15
INV950331,2023-09-13,CUST0502,Usa,P1014,Running Shoes,1,67.2,67.2
INV608123,2023-10-28,CUST0661,India,P1007,Yoga Mat,5,20.32,101.6
INV789635,2024-08-07,CUST0013,Australia,P1008,Water Bottle,1,11.49,11.49
INV899343,2023-01-01,CUST0708,Usa,P1008,Water Bottle,4,11.45,45.8
INV507479,2024-09-11,CUST0580,France,P1004,Desk Lamp,1,22.42,22.42
INV620248,2023-12-15,CUST0265,India,P1006,Coffee Mug,5,8.53,42.65
INV385734,2024-09-12,CUST0095,Germany,P1002,Bluetooth Speaker,4,36.03,144.12
INV582299,2024-09-23,CUST0137,France,P1003,Notebook Set,5,6.76,33.8
INV988871,2024-05-25,CUST0588,France,P1015,Winter Jacket,1,123.86,123.86
INV602590,2023-01-23,CUST0590,Brazil,P1007,Yoga Mat,4,20.77,83.08
INV600214,2024-08-23,CUST0399,France,P1015,Winter Jacket,2,122.9,245.8
INV514165,2024-12-30,CUST0421,Brazil,P1014,Running Shoes,1,64.46,64.46
INV775755,2023-10-19,CUST0440,Brazil,P1009,Backpack,5,46.52,232.6
INV549600,2024-08-06,CUST0514,India,P1012,Gaming Headset,2,57.54,115.08
INV868333,2024-05-27,CUST0304,France,P1001,Wireless Mouse,2,16.0,32.0
INV491627,2024-09-15,CUST0071,Germany,P1003,Notebook Set,3,6.77,20.31
INV919527,2024-12-29,CUST0642,Australia,P1006,Coffee Mug,3,8.05,24.15
INV616210,2024-04-17,CUST0170,Uk,P1009,Backpack,5,46.23,231.15
INV714180,2024-12-03,CUST0288,Brazil,P1001,Wireless Mouse,5,16.63,83.15
INV845880,2024-11-16,CUST0076,India,P1003,Notebook Set,2,6.9,13.8
INV515911,2024-12-17,CUST0464,Germany,P1010,Phone Case,2,9.93,19.86
INV309601,2023-08-05,CUST0661,India,P1012,Gaming Headset,2,56.05,112.1
INV424130,2024-08-29,CUST0340,India,P1004,Desk Lamp,1,22.97,22.97
INV989695,2023-08-17,CUST0022,Usa,P1001,Wireless Mouse,4,16.6,66.4
INV536524,2024-10-27,CUST0214,Australia,P1012,Gaming Headset,3,53.79,161.37
INV176899,2024-03-02,CUST0091,Brazil,P1006,Coffee Mug,1,8.09,8.09
INV524893,2024-06-25,CUST0722,Usa,P1008,Water Bottle,5,11.95,59.75
INV698636,2023-07-29,CUST0289,France,P1003,Notebook Set,1,6.61,6.61
INV209155,2024-09-25,CUST0147,Germany,P1015,Winter Jacket,2,120.32,240.64
INV831033,2024-03-23,CUST0289,France,P1007,Yoga Mat,1,19.18,19.18
INV891998,2024-12-08,CUST0587,Canada,P1010,Phone Case,1,9.66,9.66
INV891998,2024-12-08,CUST0587,Canada,P1008,Water Bottle,2,11.32,22.64
INV917744,2023-01-29,CUST0699,Germany,P1001,Wireless Mouse,1,15.21,15.21
INV359710,2023-08-27,CUST0389,Uk,P1012,Gaming Headset,3,54.69,164.07
INV475150,2024-06-21,CUST0225,Germany,P1009,Backpack,5,45.3,226.5
INV948912,2024-10-02,CUST0165,Usa,P1001,Wireless Mouse,1,15.52,15.52
INV452589,2024-06-11,CUST0465,India,P1004,Desk Lamp,2,21.59,43.18
INV646103,2024-06-18,CUST0366,India,P1014,Running Shoes,2,66.3,132.6
INV748873,2024-05-08,CUST0056,Australia,P1010,Phone Case,1,10.43,10.43
INV648866,2024-06-26,CUST0155,India,P1005,Office Chair,5,86.32,431.6
INV836528,2024-06-30,CUST0784,France,P1014,Running Shoes,5,67.6,338.0
INV117295,2023-01-01,CUST0315,Germany,P1010,Phone Case,3,9.51,28.53
INV712464,2024-08-02,CUST0089,Usa,P1009,Backpack,2,44.03,88.06
INV296158,2024-04-12,CUST0172,Germany,P1006,Coffee Mug,5,8.15,40.75
INV513969,2024-08-15,CUST0250,Uk,P1008,Water Bottle,3,11.69,35.07
INV117595,2024-06-09,CUST0021,Brazil,P1010,Phone Case,3,9.75,29.25
INV962528,2024-08-08,CUST0773,France,P1011,Table Lamp,2,28.22,56.44
INV210917,2023-01-01,CUST0505,Uk,P1001,Wireless Mouse,4,15.24,60.96
INV486008,2024-09-04,CUST0391,Australia,P1001,Wireless Mouse,4,15.58,62.32
INV602756,2024-02-24,CUST0678,Germany,P1001,Wireless Mouse,1,15.34,15.34
INV595720,2024-10-01,CUST0651,Brazil,P1006,Coffee Mug,1,8.61,8.61
INV727196,2024-10-08,CUST0692,Canada,P1008,Water Bottle,1,11.05,11.05
INV113415,2024-02-26,CUST0161,Germany,P1006,Coffee Mug,1,8.49,8.49
INV389802,2024-07-23,CUST0769,Canada,P1014,Running Shoes,5,66.1,330.5
INV119809,2024-08-14,CUST0264,France,P1014,Running Shoes,1,66.85,66.85
INV758434,2024-03-05,CUST0068,France,P1015,Winter Jacket,1,122.64,122.64
INV361610,2024-06-09,CUST0536,France,P1006,Coffee Mug,1,8.61,8.61
INV714436,2023-10-15,CUST0499,France,P1001,Wireless Mouse,2,15.79,31.58
INV634579,2023-11-07,CUST0731,India,P1015,Winter Jacket,2,116.68,233.36
INV181188,2024-09-17,CUST0591,India,P1006,Coffee Mug,5,8.03,40.15
INV287517,2024-08-16,CUST0415,Australia,P1006,Coffee Mug,1,8.42,8.42
INV886546,2024-05-16,CUST0735,Brazil,P1007,Yoga Mat,4,19.88,79.52
INV780889,2024-12-16,CUST0117,Germany,P1010,Phone Case,5,10.27,51.35
INV426881,2024-05-15,CUST0756,Canada,P1007,Yoga Mat,5,20.33,101.65
INV379432,2024-08-09,CUST0697,France,P1012,Gaming Headset,4,57.43,229.72
INV712464,2024-08-02,CUST0089,Usa,P1002,Bluetooth Speaker,2,35.3,70.6
INV464271,2024-08-29,CUST0237,Usa,P1015,Winter Jacket,2,116.36,232.72
INV177216,2024-10-16,CUST0453,Uk,P1001,Wireless Mouse,5,15.41,77.05
INV839817,2024-06-16,CUST0370,India,P1001,Wireless Mouse,3,16.13,48.39
INV923574,2024-08-09,CUST0466,Uk,P1002,Bluetooth Speaker,2,33.62,67.24
INV612093,2023-10-13,CUST0356,Usa,P1009,Backpack,1,45.24,45.24
INV385734,2024-09-12,CUST0095,Germany,P1003,Notebook Set,2,6.42,12.84
INV516818,2024-12-22,CUST0250,Uk,P1015,Winter Jacket,3,125.45,376.35
INV388862,2024-08-10,CUST0547,Usa,P1002,Bluetooth Speaker,3,33.0,99.0
INV448980,2023-02-05,CUST0310,Usa,P1006,Coffee Mug,3,8.11,24.33
INV176602,2024-09-16,CUST0541,Usa,P1010,Phone Case,4,10.37,41.48
INV276764,2023-01-01,CUST0001,Germany,P1007,Yoga Mat,3,19.18,57.54
INV686743,2024-11-20,CUST0566,Usa,P1005,Office Chair,4,89.51,358.04
INV142654,2024-06-16,CUST0762,Canada,P1004,Desk Lamp,2,22.67,45.34
INV540241,2023-06-29,CUST0703,Canada,P1001,Wireless Mouse,1,15.27,15.27
INV657203,2024-10-07,CUST0782,Australia,P1009,Backpack,1,45.16,45.16
INV619600,2024-11-16,CUST0615,Germany,P1007,Yoga Mat,5,20.69,103.45
INV494615,2024-11-11,CUST0257,India,P1005,Office Chair,3,86.63,259.89
INV617008,2024-08-27,CUST0104,India,P1003,Notebook Set,4,6.46,25.84
INV236591,2024-07-21,CUST0587,Canada,P1006,Coffee Mug,1,7.84,7.84
INV486407,2024-09-25,CUST0777,Germany,P1002,Bluetooth Speaker,2,35.78,71.56
INV656816,2023-07-16,CUST0301,Australia,P1002,Bluetooth Speaker,1,33.91,33.91
INV652493,2024-09-29,CUST0622,France,P1015,Winter Jacket,3,117.59,352.77
INV349714,2024-05-04,CUST0580,France,P1013,Sticky Notes Pack,3,4.24,12.72
INV879048,2024-07-21,CUST0442,Usa,P1014,Running Shoes,1,62.56,62.56
INV967059,2024-11-15,CUST0301,Australia,P1003,Notebook Set,4,6.56,26.24
INV852505,2023-01-01,CUST0505,Uk,P1003,Notebook Set,2,6.55,13.1
INV798825,2024-03-08,CUST0120,France,P1008,Water Bottle,4,11.23,44.92
INV969313,2024-12-20,CUST0004,India,P1002,Bluetooth Speaker,2,35.98,71.96
INV941114,2024-11-17,CUST0789,Uk,P1004,Desk Lamp,5,20.92,104.6
INV603549,2024-09-27,CUST0429,Germany,P1011,Table Lamp,4,28.1,112.4
INV853183,2024-07-28,CUST0581,Usa,P1005,Office Chair,1,88.91,88.91
INV949601,2023-05-22,CUST0688,Usa,P1002,Bluetooth Speaker,1,34.6,34.6
INV967640,2024-10-13,CUST0064,Brazil,P1011,Table Lamp,2,26.77,53.54
INV142913,2024-10-15,CUST0441,Usa,P1011,Table Lamp,2,26.89,53.78
INV928129,2023-07-19,CUST0330,Germany,P1010,Phone Case,5,10.27,51.35
INV973009,2023-10-26,CUST0742,India,P1013,Sticky Notes Pack,1,4.09,4.09
INV278131,2024-08-01,CUST0436,Brazil,P1011,Table Lamp,3,28.7,86.1
INV471991,2023-07-30,CUST0579,Brazil,P1014,Running Shoes,5,67.47,337.35
INV418987,2024-11-03,CUST0312,Uk,P1003,Notebook Set,5,7.0,35.0
INV928234,2024-03-09,CUST0458,France,P1008,Water Bottle,1,11.22,11.22
INV375933,2024-08-08,CUST0758,Uk,P1011,Table Lamp,4,28.17,112.68
INV433025,2024-11-01,CUST0753,Canada,P1008,Water Bottle,3,11.25,33.75
INV610259,2024-08-10,CUST0329,Uk,P1008,Water Bottle,1,11.17,11.17
INV457433,2023-10-14,CUST0013,Australia,P1009,Backpack,1,44.61,44.61
INV831033,2024-03-23,CUST0289,France,P1009,Backpack,5,45.4,227.0
INV673773,2024-12-08,CUST0103,India,P1005,Office Chair,3,87.13,261.39
INV116664,2024-12-08,CUST0655,Uk,P1015,Winter Jacket,2,115.85,231.7
INV891815,2024-04-01,CUST0787,Uk,P1002,Bluetooth Speaker,3,33.04,99.12
INV434860,2024-07-14,CUST0556,Brazil,P1010,Phone Case,5,10.08,50.4
INV755256,2024-06-21,CUST0350,France,P1002,Bluetooth Speaker,5,35.69,178.45
INV848330,2023-07-17,CUST0400,Uk,P1014,Running Shoes,5,66.98,334.9
INV507479,2024-09-11,CUST0580,France,P1013,Sticky Notes Pack,1,4.18,4.18
INV708819,2023-11-08,CUST0517,Brazil,P1013,Sticky Notes Pack,3,4.29,12.87
INV764404,2024-01-05,CUST0088,Germany,P1012,Gaming Headset,1,53.3,53.3
INV695578,2024-03-16,CUST0266,Australia,P1002,Bluetooth Speaker,2,35.62,71.24
INV396773,2024-08-05,CUST0633,Uk,P1006,Coffee Mug,5,8.01,40.05
INV434693,2024-11-05,CUST0545,Canada,P1003,Notebook Set,2,6.71,13.42
INV407423,2024-05-09,CUST0139,India,P1008,Water Bottle,4,11.32,45.28
INV356279,2023-06-30,CUST0006,France,P1015,Winter Jacket,2,121.66,243.32
INV555977,2023-12-24,CUST0615,Germany,P1014,Running Shoes,5,64.49,322.45
INV717182,2024-10-13,CUST0458,France,P1012,Gaming Headset,3,55.91,167.73
INV546840,2024-01-19,CUST0725,Uk,P1014,Running Shoes,4,62.29,249.16
INV352969,2024-01-25,CUST0736,Uk,P1014,Running Shoes,5,67.18,335.9
INV649192,2023-11-03,CUST0531,France,P1008,Water Bottle,5,11.89,59.45
INV328528,2023-06-28,CUST0533,Usa,P1002,Bluetooth Speaker,3,34.39,103.17
INV727859,2024-05-19,CUST0006,France,P1007,Yoga Mat,5,19.6,98.0
INV407378,2024-07-10,CUST0557,India,P1008,Water Bottle,4,11.52,46.08
INV598455,2024-12-28,CUST0151,Uk,P1002,Bluetooth Speaker,3,33.01,99.03
INV764868,2024-11-08,CUST0124,Australia,P1011,Table Lamp,5,28.17,140.85
INV460620,2024-09-09,CUST0419,India,P1014,Running Shoes,5,67.89,339.45
INV875041,2024-05-22,CUST0370,India,P1006,Coffee Mug,3,8.43,25.29
INV353799,2023-12-16,CUST0147,Germany,P1004,Desk Lamp,2,22.73,45.46
INV157381,2024-01-30,CUST0756,Canada,P1009,Backpack,3,45.31,135.93
INV697232,2024-05-02,CUST0557,India,P1001,Wireless Mouse,1,15.51,15.51
INV734424,2024-12-29,CUST0244,Uk,P1012,Gaming Headset,2,54.8,109.6
INV989931,2024-08-03,CUST0573,Germany,P1008,Water Bottle,4,12.0,48.0
INV770268,2024-07-19,CUST0756,Canada,P1006,Coffee Mug,1,8.4,8.4
INV223748,2023-07-19,CUST0676,Canada,P1006,Coffee Mug,2,8.1,16.2
INV480748,2024-07-05,CUST0157,Australia,P1011,Table Lamp,4,26.5,106.0
INV825160,2024-08-24,CUST0694,Germany,P1003,Notebook Set,5,6.59,32.95
INV412046,2023-02-12,CUST0414,Australia,P1012,Gaming Headset,2,54.46,108.92
INV119089,2024-12-29,CUST0103,India,P1005,Office Chair,1,88.24,88.24
INV741991,2023-04-11,CUST0034,Canada,P1015,Winter Jacket,4,121.77,487.08
INV321002,2024-06-27,CUST0692,Canada,P1009,Backpack,4,45.43,181.72
INV607931,2024-03-03,CUST0204,Australia,P1007,Yoga Mat,5,19.02,95.1
INV878680,2024-08-01,CUST0086,France,P1007,Yoga Mat,2,19.69,39.38
INV898355,2024-08-27,CUST0087,Australia,P1012,Gaming Headset,4,55.09,220.36
INV488077,2023-03-25,CUST0095,Germany,P1005,Office Chair,2,92.52,185.04
INV352460,2023-11-09,CUST0623,India,P1011,Table Lamp,4,26.5,106.0
INV369605,2023-10-11,CUST0286,Australia,P1014,Running Shoes,2,67.2,134.4
INV146176,2024-12-12,CUST0493,Canada,P1007,Yoga Mat,3,19.53,58.59
INV886645,2024-08-22,CUST0402,Canada,P1007,Yoga Mat,2,19.01,38.02
INV393589,2024-07-30,CUST0389,Uk,P1014,Running Shoes,5,63.35,316.75
INV423816,2023-12-19,CUST0104,India,P1012,Gaming Headset,2,55.56,111.12
INV511396,2024-12-25,CUST0207,Usa,P1008,Water Bottle,2,11.02,22.04
INV598552,2023-01-01,CUST0252,Australia,P1002,Bluetooth Speaker,2,32.9,65.8
INV623497,2024-04-08,CUST0288,Brazil,P1005,Office Chair,4,93.21,372.84
INV506070,2024-06-26,CUST0213,Australia,P1006,Coffee Mug,4,7.98,31.92
INV832026,2024-10-31,CUST0229,Brazil,P1007,Yoga Mat,5,20.61,103.05
INV409714,2024-04-30,CUST0327,Usa,P1004,Desk Lamp,4,21.27,85.08
INV809583,2024-08-03,CUST0655,Uk,P1005,Office Chair,3,90.76,272.28
INV769424,2023-10-03,CUST0211,France,P1007,Yoga Mat,3,20.56,61.68
INV249325,2024-11-02,CUST0357,Canada,P1006,Coffee Mug,4,8.24,32.96
INV910433,2024-10-13,CUST0750,Australia,P1003,Notebook Set,4,6.46,25.84
INV231607,2024-09-10,CUST0739,Australia,P1015,Winter Jacket,3,116.01,348.03
INV535770,2024-04-27,CUST0114,Brazil,P1009,Backpack,2,43.87,87.74
INV749078,2024-07-13,CUST0082,Australia,P1011,Table Lamp,1,28.72,28.72
INV244975,2024-02-03,CUST0405,Germany,P1011,Table Lamp,3,26.85,80.55
INV350036,2024-09-22,CUST0054,Canada,P1015,Winter Jacket,2,124.46,248.92
INV556124,2024-11-20,CUST0149,Brazil,P1003,Notebook Set,2,6.45,12.9
INV428119,2024-11-08,CUST0338,Usa,P1014,Running Shoes,3,66.02,198.06
INV357032,2024-08-25,CUST0194,Canada,P1014,Running Shoes,2,62.34,124.68
INV499327,2024-08-07,CUST0236,Australia,P1009,Backpack,5,46.91,234.55
INV224550,2024-03-11,CUST0732,Germany,P1009,Backpack,3,45.47,136.41
INV916539,2024-04-10,CUST0580,France,P1009,Backpack,4,46.03,184.12
INV840625,2023-11-04,CUST0724,Brazil,P1010,Phone Case,1,10.21,10.21
INV108613,2024-11-05,CUST0563,India,P1008,Water Bottle,5,11.37,56.85
INV416703,2024-08-30,CUST0104,India,P1011,Table Lamp,3,28.36,85.08
INV993540,2023-11-04,CUST0665,India,P1011,Table Lamp,4,26.62,106.48
INV739530,2023-11-12,CUST0442,Usa,P1010,Phone Case,1,9.78,9.78
INV955573,2023-04-12,CUST0322,India,P1013,Sticky Notes Pack,3,4.23,12.69
INV376337,2024-03-09,CUST0766,Brazil,P1008,Water Bottle,1,11.54,11.54
INV845312,2024-10-29,CUST0288,Brazil,P1008,Water Bottle,3,10.97,32.91
INV928492,2024-05-16,CUST0532,France,P1006,Coffee Mug,5,8.51,42.55
INV785067,2024-08-11,CUST0664,Uk,P1007,Yoga Mat,5,20.98,104.9
INV657570,2023-04-21,CUST0723,Australia,P1007,Yoga Mat,2,19.89,39.78
INV540370,2024-11-24,CUST0445,Brazil,P1009,Backpack,1,45.93,45.93
INV554338,2023-06-11,CUST0688,Usa,P1010,Phone Case,2,9.51,19.02
INV878858,2024-08-08,CUST0574,India,P1012,Gaming Headset,5,54.7,273.5
INV219211,2024-05-15,CUST0463,Germany,P1011,Table Lamp,1,27.12,27.12
INV284353,2023-11-22,CUST0117,Germany,P1009,Backpack,1,46.22,46.22
INV397530,2024-10-21,CUST0406,France,P1015,Winter Jacket,3,123.22,369.66
INV586349,2024-12-16,CUST0791,Germany,P1010,Phone Case,3,9.65,28.95
INV968124,2024-08-19,CUST0473,France,P1015,Winter Jacket,4,122.91,491.64
INV253977,2023-11-12,CUST0252,Australia,P1010,Phone Case,3,9.67,29.01
INV125007,2023-10-07,CUST0793,France,P1003,Notebook Set,1,6.49,6.49
INV754516,2024-09-18,CUST0225,Germany,P1004,Desk Lamp,1,22.09,22.09
INV640955,2024-10-04,CUST0749,Germany,P1001,Wireless Mouse,2,16.74,33.48
INV341392,2024-09-08,CUST0707,India,P1003,Notebook Set,1,6.66,6.66
INV572101,2023-10-11,CUST0658,Germany,P1002,Bluetooth Speaker,1,36.14,36.14
INV180916,2024-02-10,CUST0005,Brazil,P1006,Coffee Mug,4,8.56,34.24
INV553871,2024-05-04,CUST0351,Australia,P1002,Bluetooth Speaker,5,35.08,175.4
INV918520,2024-02-19,CUST0143,Germany,P1010,Phone Case,3,10.32,30.96
INV642655,2023-08-17,CUST0301,Australia,P1013,Sticky Notes Pack,1,4.13,4.13
INV158500,2024-11-26,CUST0153,India,P1006,Coffee Mug,3,8.5,25.5
INV457795,2024-05-10,CUST0281,Canada,P1002,Bluetooth Speaker,1,33.37,33.37
INV905532,2024-12-20,CUST0489,Brazil,P1014,Running Shoes,1,67.94,67.94
INV562121,2023-08-12,CUST0155,India,P1012,Gaming Headset,4,53.04,212.16
INV754491,2023-01-01,CUST0688,Usa,P1013,Sticky Notes Pack,3,4.06,12.18
INV863463,2024-05-04,CUST0342,Germany,P1015,Winter Jacket,4,125.94,503.76
INV744599,2023-10-27,CUST0350,France,P1001,Wireless Mouse,5,16.54,82.7
INV126895,2024-12-30,CUST0394,Canada,P1008,Water Bottle,1,11.83,11.83
INV533545,2024-06-11,CUST0769,Canada,P1012,Gaming Headset,4,53.18,212.72
INV500419,2024-01-18,CUST0519,France,P1003,Notebook Set,1,6.82,6.82
INV368943,2024-11-13,CUST0098,Australia,P1008,Water Bottle,5,11.52,57.6
INV503286,2023-09-03,CUST0506,Canada,P1004,Desk Lamp,4,21.77,87.08
INV821202,2024-11-19,CUST0152,Uk,P1013,Sticky Notes Pack,2,4.12,8.24
INV434894,2024-02-20,CUST0101,India,P1014,Running Shoes,5,65.87,329.35
INV871693,2024-12-13,CUST0325,India,P1005,Office Chair,3,89.66,268.98
INV446576,2024-11-09,CUST0555,India,P1002,Bluetooth Speaker,5,35.42,177.1
INV447403,2024-07-04,CUST0042,Uk,P1010,Phone Case,4,9.62,38.48
INV935962,2024-08-06,CUST0694,Germany,P1003,Notebook Set,1,6.68,6.68
INV557795,2023-01-01,CUST0238,Germany,P1004,Desk Lamp,3,20.98,62.94
INV125801,2024-10-31,CUST0648,Usa,P1005,Office Chair,3,94.43,283.29
INV691993,2024-06-06,CUST0062,Uk,P1013,Sticky Notes Pack,1,4.3,4.3
INV943723,2023-04-15,CUST0096,Uk,P1005,Office Chair,4,87.88,351.52
INV418371,2024-04-20,CUST0554,Uk,P1011,Table Lamp,3,28.6,85.8
INV655932,2024-07-05,CUST0443,Canada,P1003,Notebook Set,5,6.59,32.95
INV550098,2024-06-26,CUST0755,Uk,P1008,Water Bottle,4,11.82,47.28
INV768236,2024-10-16,CUST0373,Brazil,P1011,Table Lamp,2,27.02,54.04
INV804778,2023-01-01,CUST0709,France,P1007,Yoga Mat,2,20.34,40.68
INV987489,2024-07-03,CUST0618,Germany,P1002,Bluetooth Speaker,2,33.95,67.9
INV920447,2024-08-27,CUST0557,India,P1011,Table Lamp,1,28.78,28.78
INV442666,2024-07-08,CUST0169,Brazil,P1006,Coffee Mug,5,7.97,39.85
INV798709,2024-10-20,CUST0749,Germany,P1002,Bluetooth Speaker,2,33.56,67.12
INV371687,2023-09-17,CUST0646,Usa,P1014,Running Shoes,1,65.21,65.21
INV101638,2024-03-05,CUST0442,Usa,P1007,Yoga Mat,2,19.76,39.52
INV335773,2024-11-14,CUST0457,Uk,P1015,Winter Jacket,4,124.35,497.4
INV224156,2023-12-29,CUST0221,France,P1008,Water Bottle,2,11.18,22.36
INV901969,2023-01-01,CUST0082,Australia,P1004,Desk Lamp,1,22.18,22.18
INV655765,2023-06-21,CUST0343,Usa,P1012,Gaming Headset,1,54.5,54.5
INV826879,2024-09-10,CUST0626,Germany,P1003,Notebook Set,5,6.48,32.4
INV866040,2023-01-01,CUST0717,Brazil,P1010,Phone Case,5,9.94,49.7
INV844141,2024-03-25,CUST0346,Canada,P1011,Table Lamp,3,27.37,82.11
INV519238,2024-12-21,CUST0006,France,P1002,Bluetooth Speaker,1,33.97,33.97
INV579367,2023-01-01,CUST0351,Australia,P1006,Coffee Mug,3,8.0,24.0
INV978357,2024-10-07,CUST0406,France,P1011,Table Lamp,4,26.66,106.64
INV252317,2024-12-26,CUST0800,France,P1006,Coffee Mug,5,7.95,39.75
INV399808,2024-12-14,CUST0489,Brazil,P1007,Yoga Mat,5,20.78,103.9
INV851450,2024-04-18,CUST0250,Uk,P1004,Desk Lamp,3,21.32,63.96
INV685167,2024-12-18,CUST0212,India,P1006,Coffee Mug,3,8.31,24.93
INV298262,2024-04-06,CUST0105,Usa,P1009,Backpack,4,46.3,185.2
INV100085,2024-03-27,CUST0272,Brazil,P1009,Backpack,5,46.86,234.3
INV320014,2023-07-19,CUST0350,France,P1013,Sticky Notes Pack,2,4.13,8.26
INV945221,2024-08-26,CUST0725,Uk,P1011,Table Lamp,3,28.45,85.35
INV444034,2024-01-30,CUST0202,Brazil,P1003,Notebook Set,4,7.0,28.0
INV418732,2024-02-24,CUST0787,Uk,P1013,Sticky Notes Pack,3,4.22,12.66
INV646867,2024-11-09,CUST0152,Uk,P1006,Coffee Mug,4,7.99,31.96
INV442628,2023-11-01,CUST0540,Australia,P1004,Desk Lamp,3,21.2,63.6
INV394993,2023-01-01,CUST0665,India,P1010,Phone Case,4,10.26,41.04
INV436101,2024-10-10,CUST0745,France,P1008,Water Bottle,4,12.0,48.0
INV600214,2024-08-23,CUST0399,France,P1013,Sticky Notes Pack,3,4.35,13.05
INV564694,2024-01-07,CUST0298,Canada,P1011,Table Lamp,4,27.19,108.76
INV923656,2024-07-09,CUST0652,Uk,P1009,Backpack,5,44.59,222.95
INV884910,2023-01-01,CUST0252,Australia,P1005,Office Chair,2,94.17,188.34
INV636294,2024-11-27,CUST0623,India,P1003,Notebook Set,5,6.61,33.05
INV600214,2024-08-23,CUST0399,France,P1008,Water Bottle,5,11.73,58.65
INV873572,2024-07-25,CUST0117,Germany,P1014,Running Shoes,5,68.01,340.05
INV436386,2024-06-16,CUST0512,Canada,P1002,Bluetooth Speaker,3,35.49,106.47
INV857772,2024-09-15,CUST0703,Canada,P1001,Wireless Mouse,5,16.45,82.25
INV769055,2023-09-22,CUST0616,Canada,P1003,Notebook Set,5,6.96,34.8
INV559098,2024-01-24,CUST0116,India,P1003,Notebook Set,5,6.97,34.85
INV655932,2024-07-05,CUST0443,Canada,P1001,Wireless Mouse,4,16.27,65.08
INV587106,2024-11-09,CUST0491,Australia,P1002,Bluetooth Speaker,1,33.15,33.15
INV139132,2024-10-17,CUST0595,Usa,P1013,Sticky Notes Pack,5,4.1,20.5
INV450713,2024-10-27,CUST0691,Germany,P1011,Table Lamp,3,28.51,85.53
INV299912,2024-05-31,CUST0586,France,P1007,Yoga Mat,5,19.77,98.85
INV834782,2024-08-14,CUST0628,Usa,P1004,Desk Lamp,3,23.1,69.3
INV911924,2024-01-14,CUST0491,Australia,P1005,Office Chair,4,87.97,351.88
INV447687,2024-08-01,CUST0255,Canada,P1002,Bluetooth Speaker,4,33.82,135.28
INV726623,2024-10-28,CUST0325,India,P1010,Phone Case,4,9.74,38.96
INV655251,2024-05-22,CUST0409,Brazil,P1008,Water Bottle,1,11.81,11.81
INV390639,2024-12-23,CUST0275,Australia,P1001,Wireless Mouse,4,16.13,64.52
INV961203,2024-01-05,CUST0665,India,P1015,Winter Jacket,2,125.79,251.58
INV236988,2023-11-18,CUST0688,Usa,P1008,Water Bottle,2,10.94,21.88
INV571306,2024-06-18,CUST0739,Australia,P1012,Gaming Headset,5,53.62,268.1
INV262005,2024-06-18,CUST0399,France,P1007,Yoga Mat,2,19.92,39.84
INV457433,2023-10-14,CUST0013,Australia,P1001,Wireless Mouse,4,16.61,66.44
INV377825,2024-09-10,CUST0333,Canada,P1012,Gaming Headset,2,56.06,112.12
INV853649,2024-11-23,CUST0170,Uk,P1008,Water Bottle,3,11.93,35.79
INV882669,2023-01-01,CUST0548,Brazil,P1011,Table Lamp,5,27.98,139.9
INV532615,2024-01-01,CUST0310,Usa,P1004,Desk Lamp,1,21.16,21.16
INV471853,2023-11-13,CUST0577,Uk,P1011,Table Lamp,4,28.2,112.8
INV301987,2024-12-01,CUST0210,Usa,P1009,Backpack,4,46.04,184.16
INV370724,2023-12-15,CUST0771,Brazil,P1006,Coffee Mug,4,7.94,31.76
INV404170,2024-01-07,CUST0477,Usa,P1011,Table Lamp,2,27.08,54.16
INV647445,2023-06-16,CUST0169,Brazil,P1005,Office Chair,4,87.41,349.64
INV390628,2023-01-01,CUST0625,Australia,P1005,Office Chair,5,91.07,455.35
INV189551,2023-01-01,CUST0350,France,P1014,Running Shoes,3,62.23,186.69
INV903923,2024-07-27,CUST0033,Germany,P1003,Notebook Set,1,6.54,6.54
INV115059,2024-07-01,CUST0277,Uk,P1006,Coffee Mug,5,8.59,42.95
INV801220,2024-01-14,CUST0629,India,P1006,Coffee Mug,2,7.97,15.94
INV604849,2024-09-27,CUST0015,Germany,P1002,Bluetooth Speaker,5,35.85,179.25
INV255076,2024-08-08,CUST0780,India,P1007,Yoga Mat,1,19.05,19.05
INV205214,2024-08-16,CUST0089,Usa,P1001,Wireless Mouse,1,16.74,16.74
INV236988,2023-11-18,CUST0688,Usa,P1002,Bluetooth Speaker,4,35.01,140.04
INV910862,2024-05-22,CUST0194,Canada,P1002,Bluetooth Speaker,2,34.43,68.86
INV189435,2024-07-15,CUST0667,Usa,P1006,Coffee Mug,4,8.22,32.88
INV217969,2024-09-14,CUST0389,Uk,P1004,Desk Lamp,2,21.73,43.46
INV152910,2024-05-16,CUST0166,Usa,P1014,Running Shoes,1,64.63,64.63
INV242341,2023-01-01,CUST0240,France,P1003,Notebook Set,2,6.7,13.4
INV336470,2023-04-28,CUST0656,Canada,P1014,Running Shoes,4,64.12,256.48
INV529252,2024-01-14,CUST0666,Canada,P1014,Running Shoes,5,68.07,340.35
INV258898,2024-06-19,CUST0591,India,P1005,Office Chair,5,91.5,457.5
INV346782,2024-04-29,CUST0723,Australia,P1001,Wireless Mouse,2,16.53,33.06
INV892756,2024-12-25,CUST0098,Australia,P1001,Wireless Mouse,1,15.41,15.41
INV848226,2024-12-14,CUST0725,Uk,P1007,Yoga Mat,4,20.25,81.0
INV972574,2024-10-16,CUST0651,Brazil,P1009,Backpack,3,44.88,134.64
INV554846,2023-01-01,CUST0091,Brazil,P1015,Winter Jacket,1,121.72,121.72
INV939522,2024-07-05,CUST0652,Uk,P1013,Sticky Notes Pack,5,4.15,20.75
INV603981,2024-05-25,CUST0259,Usa,P1010,Phone Case,4,10.35,41.4
INV411618,2024-08-27,CUST0373,Brazil,P1008,Water Bottle,3,11.75,35.25
INV602182,2024-05-22,CUST0233,Brazil,P1002,Bluetooth Speaker,2,35.5,71.0
INV836517,2024-10-05,CUST0462,France,P1015,Winter Jacket,1,122.67,122.67
INV320193,2024-01-16,CUST0298,Canada,P1004,Desk Lamp,1,22.02,22.02
INV642350,2024-07-31,CUST0631,France,P1003,Notebook Set,4,6.7,26.8
INV250503,2023-03-17,CUST0442,Usa,P1002,Bluetooth Speaker,3,35.28,105.84
INV449257,2024-07-13,CUST0761,Brazil,P1001,Wireless Mouse,3,16.03,48.09
INV904082,2024-11-30,CUST0632,France,P1012,Gaming Headset,5,55.13,275.65
INV428119,2024-11-08,CUST0338,Usa,P1006,Coffee Mug,5,8.57,42.85
INV738723,2023-10-11,CUST0684,Usa,P1011,Table Lamp,2,27.69,55.38
INV275432,2023-12-20,CUST0118,Brazil,P1010,Phone Case,3,10.24,30.72
INV494629,2024-10-27,CUST0460,Uk,P1013,Sticky Notes Pack,2,4.2,8.4
INV489778,2024-12-12,CUST0345,France,P1013,Sticky Notes Pack,5,4.27,21.35
INV475029,2023-10-28,CUST0629,India,P1007,Yoga Mat,2,19.43,38.86
INV429380,2024-03-28,CUST0762,Canada,P1013,Sticky Notes Pack,1,4.36,4.36
INV788372,2024-10-23,CUST0685,Germany,P1014,Running Shoes,5,63.99,319.95
INV280438,2023-04-13,CUST0265,India,P1008,Water Bottle,4,11.19,44.76
INV134665,2023-11-12,CUST0399,France,P1004,Desk Lamp,5,21.7,108.5
INV817634,2023-01-01,CUST0103,India,P1008,Water Bottle,2,11.66,23.32
INV240199,2024-05-03,CUST0737,Australia,P1003,Notebook Set,5,7.04,35.2
INV696427,2024-03-02,CUST0762,Canada,P1011,Table Lamp,2,26.15,52.3
INV740150,2024-12-14,CUST0338,Usa,P1006,Coffee Mug,2,7.85,15.7
INV145144,2024-01-01,CUST0101,India,P1008,Water Bottle,5,12.04,60.2
INV948486,2024-03-29,CUST0092,Australia,P1009,Backpack,5,44.13,220.65
INV762623,2024-06-10,CUST0268,Australia,P1014,Running Shoes,5,64.62,323.1
INV730937,2024-05-10,CUST0454,Canada,P1008,Water Bottle,4,10.97,43.88
INV988397,2023-03-20,CUST0033,Germany,P1013,Sticky Notes Pack,1,4.37,4.37
INV169300,2024-10-02,CUST0438,Brazil,P1010,Phone Case,5,9.97,49.85
INV569649,2023-10-08,CUST0367,Usa,P1002,Bluetooth Speaker,5,34.4,172.0
INV963578,2024-08-31,CUST0745,France,P1012,Gaming Headset,4,56.88,227.52
INV338578,2023-08-26,CUST0322,India,P1015,Winter Jacket,1,118.28,118.28
INV501092,2024-03-26,CUST0454,Canada,P1011,Table Lamp,5,27.73,138.65
INV656258,2024-03-16,CUST0424,Canada,P1003,Notebook Set,3,6.49,19.47
INV628468,2024-04-07,CUST0612,Germany,P1005,Office Chair,2,93.83,187.66
INV176581,2024-03-17,CUST0329,Uk,P1007,Yoga Mat,4,20.94,83.76
INV316117,2024-06-15,CUST0006,France,P1003,Notebook Set,3,7.0,21.0
INV608073,2024-04-20,CUST0046,Uk,P1012,Gaming Headset,2,52.97,105.94
INV956663,2023-01-01,CUST0351,Australia,P1006,Coffee Mug,4,7.85,31.4
INV802273,2024-12-27,CUST0004,India,P1004,Desk Lamp,4,22.86,91.44
INV374865,2024-01-22,CUST0469,France,P1012,Gaming Headset,1,52.55,52.55
INV165981,2023-01-04,CUST0288,Brazil,P1010,Phone Case,5,9.88,49.4
INV275549,2023-12-27,CUST0740,Brazil,P1005,Office Chair,2,86.2,172.4
INV775312,2024-08-06,CUST0184,Usa,P1005,Office Chair,2,90.28,180.56
INV594874,2023-09-14,CUST0301,Australia,P1010,Phone Case,1,10.47,10.47
INV652968,2024-09-06,CUST0228,France,P1013,Sticky Notes Pack,4,4.28,17.12
INV684041,2023-07-04,CUST0431,Germany,P1009,Backpack,4,43.91,175.64
INV441200,2023-03-31,CUST0725,Uk,P1003,Notebook Set,3,6.71,20.13
INV207003,2024-10-17,CUST0256,France,P1003,Notebook Set,4,6.76,27.04
INV303369,2024-09-03,CUST0490,Canada,P1010,Phone Case,2,10.17,20.34
INV236406,2024-01-31,CUST0732,Germany,P1012,Gaming Headset,4,56.71,226.84
INV455099,2024-01-24,CUST0731,India,P1012,Gaming Headset,1,57.49,57.49
INV955573,2023-04-12,CUST0322,India,P1008,Water Bottle,4,11.89,47.56
INV834499,2024-08-26,CUST0776,Germany,P1010,Phone Case,5,9.88,49.4
INV346782,2024-04-29,CUST0723,Australia,P1011,Table Lamp,4,27.65,110.6
INV198209,2024-10-30,CUST0718,Brazil,P1002,Bluetooth Speaker,5,35.32,176.6
INV714461,2024-12-12,CUST0002,Australia,P1011,Table Lamp,2,27.62,55.24
INV671758,2023-01-01,CUST0208,Usa,P1013,Sticky Notes Pack,5,4.36,21.8
INV847784,2024-12-05,CUST0546,Australia,P1003,Notebook Set,5,7.04,35.2
INV578690,2023-12-22,CUST0398,Usa,P1006,Coffee Mug,5,8.02,40.1
INV651363,2024-12-16,CUST0117,Germany,P1009,Backpack,1,44.22,44.22
INV100770,2023-01-01,CUST0622,France,P1006,Coffee Mug,2,8.4,16.8
INV527268,2024-10-08,CUST0491,Australia,P1011,Table Lamp,3,26.61,79.83
INV841208,2024-11-12,CUST0126,Brazil,P1006,Coffee Mug,4,8.34,33.36
INV170192,2024-04-22,CUST0450,Brazil,P1013,Sticky Notes Pack,4,4.22,16.88
INV814528,2024-08-11,CUST0713,India,P1001,Wireless Mouse,5,16.11,80.55
INV922717,2023-07-08,CUST0013,Australia,P1005,Office Chair,3,87.5,262.5
INV212291,2024-11-26,CUST0591,India,P1014,Running Shoes,3,67.87,203.61
INV295288,2023-04-03,CUST0637,France,P1015,Winter Jacket,3,117.23,351.69
INV251304,2024-06-23,CUST0013,Australia,P1005,Office Chair,4,92.33,369.32
INV337570,2023-06-11,CUST0675,Canada,P1015,Winter Jacket,5,120.21,601.05
INV410049,2024-12-26,CUST0607,France,P1014,Running Shoes,5,67.74,338.7
INV390763,2024-11-03,CUST0142,Germany,P1009,Backpack,5,47.24,236.2
INV879048,2024-07-21,CUST0442,Usa,P1003,Notebook Set,5,6.66,33.3
INV715589,2024-11-14,CUST0462,France,P1008,Water Bottle,2,11.75,23.5
INV774118,2023-09-11,CUST0702,India,P1004,Desk Lamp,3,22.78,68.34
INV103234,2024-01-02,CUST0145,Australia,P1006,Coffee Mug,4,8.27,33.08
INV494777,2024-07-15,CUST0596,Australia,P1014,Running Shoes,1,62.06,62.06
INV972594,2024-12-24,CUST0342,Germany,P1014,Running Shoes,1,64.35,64.35
INV520015,2024-11-13,CUST0748,Germany,P1009,Backpack,1,44.82,44.82
INV816437,2024-09-23,CUST0362,Brazil,P1005,Office Chair,4,87.86,351.44
INV685070,2023-10-15,CUST0596,Australia,P1003,Notebook Set,1,6.43,6.43
INV509373,2024-07-10,CUST0337,Germany,P1003,Notebook Set,2,6.47,12.94
INV383340,2024-02-23,CUST0441,Usa,P1010,Phone Case,1,10.47,10.47
INV263448,2024-08-07,CUST0512,Canada,P1007,Yoga Mat,1,19.14,19.14
INV363872,2024-12-28,CUST0132,Australia,P1004,Desk Lamp,4,20.9,83.6
INV590007,2023-09-16,CUST0702,India,P1006,Coffee Mug,2,7.96,15.92
INV624240,2024-07-15,CUST0332,France,P1014,Running Shoes,4,67.36,269.44
INV423420,2023-01-01,CUST0260,Canada,P1013,Sticky Notes Pack,5,4.06,20.3
INV831493,2024-12-16,CUST0574,India,P1010,Phone Case,2,9.63,19.26
INV292164,2024-02-12,CUST0057,Canada,P1004,Desk Lamp,1,21.57,21.57
INV105085,2024-01-22,CUST0207,Usa,P1015,Winter Jacket,5,117.44,587.2
INV451307,2024-10-14,CUST0273,India,P1005,Office Chair,4,93.45,373.8
INV652554,2023-11-06,CUST0044,France,P1006,Coffee Mug,5,8.28,41.4
INV823947,2024-08-09,CUST0564,Australia,P1008,Water Bottle,1,11.36,11.36
INV255046,2024-08-02,CUST0442,Usa,P1010,Phone Case,1,9.5,9.5
INV142913,2024-10-15,CUST0441,Usa,P1004,Desk Lamp,4,22.98,91.92
INV157235,2024-08-23,CUST0273,India,P1013,Sticky Notes Pack,4,4.3,17.2
INV884910,2023-01-01,CUST0252,Australia,P1010,Phone Case,4,9.86,39.44
INV929623,2024-08-30,CUST0753,Canada,P1015,Winter Jacket,5,117.43,587.15
INV899376,2024-09-11,CUST0707,India,P1009,Backpack,2,46.68,93.36
INV910862,2024-05-22,CUST0194,Canada,P1005,Office Chair,1,89.73,89.73
INV972363,2024-06-17,CUST0730,Usa,P1014,Running Shoes,1,63.27,63.27
INV183937,2024-08-11,CUST0199,Brazil,P1012,Gaming Headset,3,57.09,171.27
INV734747,2023-07-24,CUST0121,Canada,P1007,Yoga Mat,2,19.95,39.9
INV557938,2024-10-01,CUST0493,Canada,P1012,Gaming Headset,5,57.53,287.65
INV295773,2023-01-01,CUST0627,Australia,P1001,Wireless Mouse,3,16.64,49.92
INV802976,2024-09-23,CUST0355,France,P1004,Desk Lamp,3,22.22,66.66
INV831493,2024-12-16,CUST0574,India,P1014,Running Shoes,5,67.84,339.2
INV281121,2024-12-26,CUST0727,Germany,P1001,Wireless Mouse,3,16.09,48.27
INV729540,2024-08-22,CUST0608,Canada,P1002,Bluetooth Speaker,5,33.99,169.95
INV188379,2023-09-17,CUST0694,Germany,P1003,Notebook Set,2,6.69,13.38
INV937154,2024-10-08,CUST0736,Uk,P1015,Winter Jacket,5,123.94,619.7
INV139267,2024-09-23,CUST0262,Germany,P1006,Coffee Mug,5,7.92,39.6
INV848407,2024-09-05,CUST0260,Canada,P1012,Gaming Headset,5,54.85,274.25
INV445634,2024-12-06,CUST0393,Canada,P1001,Wireless Mouse,1,16.03,16.03
INV613033,2024-07-24,CUST0739,Australia,P1002,Bluetooth Speaker,3,32.92,98.76
INV133400,2024-08-21,CUST0098,Australia,P1013,Sticky Notes Pack,5,4.22,21.1
INV567958,2024-10-08,CUST0005,Brazil,P1001,Wireless Mouse,1,16.49,16.49
INV697437,2024-12-15,CUST0696,Germany,P1014,Running Shoes,3,62.11,186.33
INV698291,2023-05-24,CUST0109,Australia,P1002,Bluetooth Speaker,3,34.91,104.73
INV809932,2024-09-28,CUST0019,Australia,P1006,Coffee Mug,3,8.04,24.12
INV877240,2024-09-30,CUST0657,Uk,P1005,Office Chair,2,91.12,182.24
INV472067,2024-06-10,CUST0177,France,P1001,Wireless Mouse,2,16.76,33.52
INV130621,2024-09-04,CUST0376,Canada,P1011,Table Lamp,4,27.08,108.32
INV988635,2024-05-30,CUST0752,India,P1002,Bluetooth Speaker,4,35.42,141.68
INV675202,2024-12-26,CUST0208,Usa,P1011,Table Lamp,5,28.53,142.65
INV160161,2024-05-11,CUST0125,Brazil,P1001,Wireless Mouse,2,15.66,31.32
INV962434,2024-11-21,CUST0075,Canada,P1015,Winter Jacket,1,120.35,120.35
INV965104,2024-11-22,CUST0057,Canada,P1014,Running Shoes,5,62.43,312.15
INV495909,2024-12-11,CUST0580,France,P1013,Sticky Notes Pack,1,4.4,4.4
INV497526,2023-05-06,CUST0056,Australia,P1012,Gaming Headset,5,57.61,288.05
INV995787,2024-12-12,CUST0142,Germany,P1015,Winter Jacket,2,116.39,232.78
INV999896,2024-08-09,CUST0291,Germany,P1008,Water Bottle,5,11.38,56.9
INV343702,2024-08-04,CUST0392,Germany,P1012,Gaming Headset,1,53.89,53.89
INV215592,2024-07-06,CUST0370,India,P1001,Wireless Mouse,4,16.59,66.36
INV677831,2024-02-09,CUST0762,Canada,P1004,Desk Lamp,2,21.45,42.9
INV936851,2024-09-23,CUST0276,India,P1012,Gaming Headset,3,54.49,163.47
INV533769,2023-01-01,CUST0087,Australia,P1004,Desk Lamp,5,22.56,112.8
INV146709,2024-09-21,CUST0511,India,P1005,Office Chair,4,87.23,348.92
INV560514,2024-12-03,CUST0333,Canada,P1002,Bluetooth Speaker,5,34.48,172.4
INV534802,2024-10-30,CUST0590,Brazil,P1008,Water Bottle,3,11.74,35.22
INV971436,2024-06-02,CUST0155,India,P1013,Sticky Notes Pack,2,4.4,8.8
INV585159,2024-01-22,CUST0587,Canada,P1008,Water Bottle,2,11.07,22.14
INV884505,2023-07-26,CUST0090,Canada,P1013,Sticky Notes Pack,5,4.39,21.95
INV393907,2024-10-13,CUST0773,France,P1007,Yoga Mat,4,20.41,81.64
INV927666,2024-12-13,CUST0414,Australia,P1008,Water Bottle,5,10.96,54.8
INV939975,2024-07-28,CUST0457,Uk,P1004,Desk Lamp,5,22.05,110.25
INV277520,2024-12-06,CUST0158,Brazil,P1006,Coffee Mug,1,7.89,7.89
INV810184,2024-08-25,CUST0269,Brazil,P1012,Gaming Headset,3,53.43,160.29
INV375933,2024-08-08,CUST0758,Uk,P1010,Phone Case,5,9.53,47.65
INV312307,2024-06-08,CUST0745,France,P1004,Desk Lamp,3,21.22,63.66
INV217266,2024-10-28,CUST0597,France,P1007,Yoga Mat,2,19.13,38.26
INV438542,2024-03-01,CUST0357,Canada,P1001,Wireless Mouse,1,15.5,15.5
INV927747,2024-12-19,CUST0662,Australia,P1013,Sticky Notes Pack,1,4.06,4.06
INV629931,2024-09-05,CUST0486,Usa,P1011,Table Lamp,3,26.61,79.83
INV454810,2024-11-21,CUST0104,India,P1008,Water Bottle,4,12.02,48.08
INV538271,2024-09-10,CUST0152,Uk,P1001,Wireless Mouse,1,15.83,15.83
INV707029,2023-04-11,CUST0170,Uk,P1014,Running Shoes,5,62.16,310.8
INV371687,2023-09-17,CUST0646,Usa,P1006,Coffee Mug,2,8.24,16.48
INV143056,2024-12-30,CUST0580,France,P1003,Notebook Set,4,6.94,27.76
INV440549,2024-06-14,CUST0050,Canada,P1009,Backpack,4,45.88,183.52
INV858758,2023-12-06,CUST0474,Usa,P1012,Gaming Headset,5,52.51,262.55
INV936773,2024-04-08,CUST0051,Germany,P1013,Sticky Notes Pack,1,4.46,4.46
INV729861,2023-01-01,CUST0652,Uk,P1003,Notebook Set,3,6.64,19.92
INV687075,2024-09-21,CUST0348,Australia,P1004,Desk Lamp,5,22.41,112.05
INV999786,2024-10-26,CUST0325,India,P1004,Desk Lamp,3,21.66,64.98
INV842764,2024-10-26,CUST0299,Germany,P1005,Office Chair,5,86.84,434.2
INV501031,2024-11-03,CUST0349,France,P1006,Coffee Mug,3,8.64,25.92
INV434693,2024-11-05,CUST0545,Canada,P1005,Office Chair,4,85.71,342.84
INV803814,2024-10-11,CUST0153,India,P1014,Running Shoes,2,65.08,130.16
INV512925,2023-12-20,CUST0681,Germany,P1006,Coffee Mug,3,8.2,24.6
INV600339,2023-01-01,CUST0621,Usa,P1001,Wireless Mouse,5,16.79,83.95
INV923497,2024-12-02,CUST0798,Germany,P1008,Water Bottle,2,11.28,22.56
INV690257,2024-10-13,CUST0392,Germany,P1002,Bluetooth Speaker,4,34.78,139.12
INV504824,2023-03-31,CUST0400,Uk,P1014,Running Shoes,1,63.41,63.41
INV336079,2024-08-07,CUST0011,Usa,P1013,Sticky Notes Pack,2,4.11,8.22
INV470608,2023-07-17,CUST0730,Usa,P1011,Table Lamp,3,26.48,79.44
INV376583,2024-11-14,CUST0011,Usa,P1014,Running Shoes,4,67.59,270.36
INV606940,2024-08-31,CUST0681,Germany,P1001,Wireless Mouse,5,16.79,83.95
INV826062,2024-11-24,CUST0591,India,P1009,Backpack,5,44.96,224.8
INV390053,2024-11-17,CUST0589,Usa,P1011,Table Lamp,2,28.46,56.92
INV839520,2024-11-19,CUST0510,Usa,P1008,Water Bottle,4,11.94,47.76
INV481016,2024-09-20,CUST0475,Canada,P1003,Notebook Set,3,6.63,19.89
INV495240,2024-12-03,CUST0138,Australia,P1008,Water Bottle,3,10.99,32.97
INV572449,2024-06-20,CUST0514,India,P1008,Water Bottle,2,11.97,23.94
INV394966,2023-10-22,CUST0426,India,P1010,Phone Case,2,10.11,20.22
INV352551,2023-10-25,CUST0630,India,P1006,Coffee Mug,1,8.55,8.55
INV165910,2023-01-01,CUST0493,Canada,P1014,Running Shoes,3,67.55,202.65
INV357608,2024-07-01,CUST0514,India,P1010,Phone Case,5,9.94,49.7
INV379991,2024-12-26,CUST0190,Canada,P1010,Phone Case,2,9.92,19.84
INV312728,2024-09-21,CUST0082,Australia,P1002,Bluetooth Speaker,2,33.83,67.66
INV346403,2024-05-12,CUST0800,France,P1010,Phone Case,3,9.58,28.74
INV137742,2024-09-03,CUST0459,Canada,P1014,Running Shoes,2,64.38,128.76
INV594719,2023-03-23,CUST0678,Germany,P1002,Bluetooth Speaker,3,34.86,104.58
INV461919,2024-07-16,CUST0310,Usa,P1015,Winter Jacket,1,120.22,120.22
INV444621,2024-02-16,CUST0616,Canada,P1011,Table Lamp,5,28.87,144.35
INV871622,2024-12-20,CUST0273,India,P1004,Desk Lamp,4,21.41,85.64
INV872961,2024-11-28,CUST0174,India,P1009,Backpack,3,46.03,138.09
INV174464,2024-07-17,CUST0753,Canada,P1006,Coffee Mug,1,8.18,8.18
INV466252,2024-07-26,CUST0238,Germany,P1001,Wireless Mouse,4,16.55,66.2
INV368666,2024-11-25,CUST0679,Uk,P1008,Water Bottle,2,11.31,22.62
INV816480,2024-06-17,CUST0596,Australia,P1008,Water Bottle,3,11.25,33.75
INV803049,2024-03-10,CUST0267,Germany,P1013,Sticky Notes Pack,5,4.11,20.55
INV163013,2024-10-16,CUST0333,Canada,P1005,Office Chair,2,91.06,182.12
INV189259,2023-11-07,CUST0076,India,P1015,Winter Jacket,4,114.88,459.52
INV897742,2023-07-11,CUST0664,Uk,P1001,Wireless Mouse,2,16.5,33.0
INV117024,2024-08-31,CUST0239,Canada,P1014,Running Shoes,1,66.69,66.69
INV224456,2024-06-16,CUST0273,India,P1002,Bluetooth Speaker,5,33.28,166.4
INV109723,2024-05-26,CUST0762,Canada,P1004,Desk Lamp,1,21.38,21.38
INV515146,2024-12-16,CUST0240,France,P1004,Desk Lamp,5,21.31,106.55
INV322166,2024-07-10,CUST0712,France,P1012,Gaming Headset,2,55.13,110.26
INV980392,2023-09-25,CUST0498,Brazil,P1014,Running Shoes,1,67.48,67.48
INV143297,2024-07-08,CUST0374,Canada,P1008,Water Bottle,5,11.79,58.95
INV646959,2024-06-30,CUST0536,France,P1005,Office Chair,5,85.88,429.4
INV501521,2024-10-29,CUST0241,India,P1001,Wireless Mouse,5,15.82,79.1
INV380458,2023-09-12,CUST0063,Germany,P1001,Wireless Mouse,2,16.17,32.34
INV473812,2024-02-27,CUST0772,Australia,P1007,Yoga Mat,4,20.88,83.52
INV288219,2024-09-20,CUST0790,France,P1009,Backpack,2,45.93,91.86
INV979510,2024-11-24,CUST0014,Uk,P1011,Table Lamp,2,26.54,53.08
INV959850,2024-09-16,CUST0369,Uk,P1006,Coffee Mug,2,8.12,16.24
INV226991,2024-11-18,CUST0429,Germany,P1012,Gaming Headset,1,54.31,54.31
INV896671,2024-08-22,CUST0545,Canada,P1007,Yoga Mat,2,20.99,41.98
INV231117,2024-11-07,CUST0482,India,P1009,Backpack,3,43.13,129.39
INV436448,2024-05-02,CUST0781,Brazil,P1003,Notebook Set,4,6.52,26.08
INV916171,2024-08-19,CUST0587,Canada,P1005,Office Chair,4,93.25,373.0
INV710836,2024-08-08,CUST0092,Australia,P1002,Bluetooth Speaker,1,35.06,35.06
INV218083,2024-05-04,CUST0646,Usa,P1006,Coffee Mug,2,7.94,15.88
INV100071,2024-10-04,CUST0468,France,P1011,Table Lamp,2,26.35,52.7
INV595720,2024-10-01,CUST0651,Brazil,P1014,Running Shoes,2,67.1,134.2
INV249325,2024-11-02,CUST0357,Canada,P1004,Desk Lamp,2,21.53,43.06
INV390628,2023-01-01,CUST0625,Australia,P1012,Gaming Headset,3,55.44,166.32
INV422156,2024-07-14,CUST0575,India,P1013,Sticky Notes Pack,5,4.24,21.2
INV393845,2024-08-25,CUST0652,Uk,P1002,Bluetooth Speaker,1,33.58,33.58
INV726169,2024-12-12,CUST0796,Australia,P1008,Water Bottle,3,11.94,35.82
INV984964,2024-09-05,CUST0100,Usa,P1007,Yoga Mat,4,20.14,80.56
INV862151,2024-11-11,CUST0152,Uk,P1005,Office Chair,2,93.85,187.7
INV111227,2024-02-17,CUST0505,Uk,P1009,Backpack,4,44.06,176.24
INV600265,2024-09-18,CUST0611,India,P1005,Office Chair,3,92.26,276.78
INV852735,2024-06-15,CUST0250,Uk,P1015,Winter Jacket,4,114.49,457.96
INV782017,2024-08-11,CUST0281,Canada,P1007,Yoga Mat,4,20.69,82.76
INV747704,2024-05-22,CUST0371,Australia,P1015,Winter Jacket,3,117.44,352.32
INV333727,2023-02-06,CUST0130,Germany,P1003,Notebook Set,1,6.78,6.78
INV472124,2023-12-16,CUST0213,Australia,P1003,Notebook Set,2,6.9,13.8
INV502274,2024-11-20,CUST0546,Australia,P1005,Office Chair,1,92.3,92.3
INV691536,2024-07-05,CUST0418,Brazil,P1014,Running Shoes,5,62.44,312.2
INV701633,2024-06-16,CUST0685,Germany,P1006,Coffee Mug,5,8.37,41.85
INV577945,2024-01-25,CUST0757,Usa,P1008,Water Bottle,3,11.11,33.33
INV215815,2023-01-01,CUST0389,Uk,P1007,Yoga Mat,4,19.14,76.56
INV898097,2024-09-29,CUST0340,India,P1009,Backpack,5,43.76,218.8
INV861394,2024-10-23,CUST0256,France,P1014,Running Shoes,4,66.19,264.76
INV874664,2024-12-07,CUST0084,Germany,P1005,Office Chair,5,88.08,440.4
INV244261,2024-03-19,CUST0203,Australia,P1014,Running Shoes,3,67.56,202.68
INV518461,2024-11-15,CUST0047,Brazil,P1013,Sticky Notes Pack,5,4.37,21.85
INV897677,2024-12-21,CUST0710,India,P1009,Backpack,2,43.26,86.52
INV622555,2023-12-20,CUST0641,Australia,P1014,Running Shoes,1,65.71,65.71
INV275704,2024-04-10,CUST0400,Uk,P1002,Bluetooth Speaker,1,33.87,33.87
INV729255,2024-07-29,CUST0027,Usa,P1014,Running Shoes,4,68.04,272.16
INV564084,2024-11-24,CUST0348,Australia,P1006,Coffee Mug,2,8.24,16.48
INV101552,2023-02-16,CUST0692,Canada,P1005,Office Chair,3,90.58,271.74
INV215742,2024-12-06,CUST0075,Canada,P1002,Bluetooth Speaker,4,33.41,133.64
INV291590,2023-01-01,CUST0289,France,P1011,Table Lamp,5,26.32,131.6
INV557013,2023-12-24,CUST0498,Brazil,P1014,Running Shoes,4,64.84,259.36
INV280915,2023-11-22,CUST0717,Brazil,P1010,Phone Case,3,10.4,31.2
INV611868,2024-06-03,CUST0752,India,P1011,Table Lamp,3,28.43,85.29
INV987933,2024-06-24,CUST0546,Australia,P1014,Running Shoes,5,61.88,309.4
INV707933,2023-01-01,CUST0096,Uk,P1001,Wireless Mouse,5,15.35,76.75
INV434665,2024-07-23,CUST0157,Australia,P1004,Desk Lamp,5,22.38,111.9
INV597500,2023-01-01,CUST0670,Brazil,P1011,Table Lamp,3,27.03,81.09
INV323680,2023-08-02,CUST0227,Canada,P1013,Sticky Notes Pack,1,4.22,4.22
INV556124,2024-11-20,CUST0149,Brazil,P1011,Table Lamp,2,28.12,56.24
INV599053,2024-08-15,CUST0315,Germany,P1006,Coffee Mug,5,8.5,42.5
INV730180,2024-09-27,CUST0635,France,P1013,Sticky Notes Pack,2,4.2,8.4
INV244321,2024-11-09,CUST0657,Uk,P1014,Running Shoes,2,65.19,130.38
INV887856,2024-11-24,CUST0091,Brazil,P1006,Coffee Mug,1,8.05,8.05
INV178888,2024-01-15,CUST0663,Australia,P1005,Office Chair,2,86.54,173.08
INV380181,2024-11-13,CUST0069,Canada,P1012,Gaming Headset,5,57.53,287.65
INV307456,2024-12-02,CUST0691,Germany,P1014,Running Shoes,1,62.99,62.99
INV162572,2024-08-02,CUST0001,Germany,P1006,Coffee Mug,2,8.14,16.28
INV675441,2024-11-06,CUST0556,Brazil,P1007,Yoga Mat,5,20.1,100.5
INV864790,2023-11-13,CUST0500,Brazil,P1005,Office Chair,4,89.42,357.68
INV624313,2023-03-26,CUST0153,India,P1010,Phone Case,3,9.89,29.67
INV972887,2023-01-01,CUST0661,India,P1011,Table Lamp,4,27.27,109.08
INV729040,2024-11-14,CUST0522,Germany,P1004,Desk Lamp,5,22.36,111.8
INV606398,2024-10-10,CUST0026,Canada,P1012,Gaming Headset,2,56.55,113.1
INV795040,2024-11-10,CUST0219,Canada,P1011,Table Lamp,1,27.07,27.07
INV639947,2024-01-01,CUST0265,India,P1013,Sticky Notes Pack,3,4.21,12.63
INV564836,2024-01-23,CUST0577,Uk,P1014,Running Shoes,4,62.37,249.48
INV846340,2024-12-25,CUST0273,India,P1006,Coffee Mug,2,8.3,16.6
INV553747,2024-07-21,CUST0599,Usa,P1007,Yoga Mat,2,19.85,39.7
INV748385,2024-02-07,CUST0778,Uk,P1007,Yoga Mat,2,19.6,39.2
INV963118,2024-04-21,CUST0266,Australia,P1010,Phone Case,2,10.42,20.84
INV970893,2024-08-26,CUST0345,France,P1015,Winter Jacket,1,118.88,118.88
INV769592,2024-07-26,CUST0013,Australia,P1014,Running Shoes,5,63.07,315.35
INV350256,2024-12-02,CUST0407,Australia,P1011,Table Lamp,1,28.11,28.11
INV480228,2023-07-12,CUST0631,France,P1003,Notebook Set,3,6.56,19.68
INV384124,2024-03-23,CUST0121,Canada,P1008,Water Bottle,2,12.04,24.08
INV188279,2024-04-01,CUST0613,Canada,P1008,Water Bottle,4,11.28,45.12
INV728616,2024-08-08,CUST0635,France,P1013,Sticky Notes Pack,3,4.27,12.81
INV728616,2024-08-08,CUST0635,France,P1008,Water Bottle,2,10.95,21.9
INV687489,2024-08-24,CUST0676,Canada,P1002,Bluetooth Speaker,1,32.94,32.94
INV391975,2024-07-11,CUST0327,Usa,P1013,Sticky Notes Pack,2,4.35,8.7
INV386574,2024-10-15,CUST0176,Usa,P1004,Desk Lamp,1,22.15,22.15
INV214792,2023-06-15,CUST0320,Canada,P1008,Water Bottle,5,11.54,57.7
INV597415,2024-03-24,CUST0011,Usa,P1008,Water Bottle,4,11.61,46.44
INV202562,2024-11-05,CUST0482,India,P1005,Office Chair,3,89.23,267.69
INV729447,2024-12-06,CUST0234,Australia,P1006,Coffee Mug,5,8.29,41.45
INV883309,2024-11-06,CUST0563,India,P1005,Office Chair,3,85.72,257.16
INV776801,2023-08-18,CUST0367,Usa,P1007,Yoga Mat,5,19.07,95.35
INV689675,2024-01-07,CUST0386,India,P1006,Coffee Mug,5,8.17,40.85
INV290770,2023-05-16,CUST0694,Germany,P1012,Gaming Headset,1,56.81,56.81
INV893743,2023-08-02,CUST0113,Germany,P1003,Notebook Set,1,6.82,6.82
INV981232,2023-01-01,CUST0755,Uk,P1003,Notebook Set,2,6.46,12.92
INV587956,2024-10-17,CUST0692,Canada,P1015,Winter Jacket,3,122.6,367.8
INV774008,2023-12-09,CUST0648,Usa,P1004,Desk Lamp,5,21.44,107.2
INV383869,2024-06-03,CUST0252,Australia,P1005,Office Chair,5,88.49,442.45
INV881680,2024-12-01,CUST0482,India,P1004,Desk Lamp,3,22.52,67.56
INV762623,2024-06-10,CUST0268,Australia,P1001,Wireless Mouse,2,15.44,30.88
INV364697,2024-01-28,CUST0096,Uk,P1002,Bluetooth Speaker,3,35.49,106.47
INV657476,2024-11-10,CUST0273,India,P1010,Phone Case,2,10.02,20.04
INV895127,2024-11-27,CUST0414,Australia,P1013,Sticky Notes Pack,3,4.08,12.24
INV369605,2023-10-11,CUST0286,Australia,P1014,Running Shoes,3,67.48,202.44
INV457755,2023-10-11,CUST0466,Uk,P1009,Backpack,5,43.95,219.75
INV596921,2023-01-01,CUST0115,Usa,P1012,Gaming Headset,5,53.59,267.95
INV261945,2024-08-27,CUST0655,Uk,P1003,Notebook Set,4,6.53,26.12
INV793433,2024-12-03,CUST0631,France,P1009,Backpack,5,43.52,217.6
INV650406,2024-11-22,CUST0098,Australia,P1009,Backpack,1,46.93,46.93
INV455201,2024-11-04,CUST0055,Brazil,P1006,Coffee Mug,2,7.84,15.68
INV275672,2023-12-26,CUST0076,India,P1015,Winter Jacket,1,124.71,124.71
INV568398,2024-08-06,CUST0658,Germany,P1001,Wireless Mouse,2,16.77,33.54
INV582299,2024-09-23,CUST0137,France,P1008,Water Bottle,3,11.01,33.03
INV871305,2023-01-01,CUST0548,Brazil,P1015,Winter Jacket,4,124.09,496.36
INV628600,2024-06-16,CUST0406,France,P1003,Notebook Set,2,6.53,13.06
INV943790,2023-01-01,CUST0103,India,P1009,Backpack,2,43.47,86.94
INV329206,2024-09-15,CUST0703,Canada,P1006,Coffee Mug,5,8.17,40.85
INV805934,2024-07-21,CUST0599,Usa,P1005,Office Chair,4,93.82,375.28
INV875493,2024-10-25,CUST0439,France,P1003,Notebook Set,1,6.53,6.53
INV161164,2023-06-10,CUST0482,India,P1005,Office Chair,3,85.6,256.8
INV148276,2024-03-24,CUST0715,France,P1011,Table Lamp,4,26.35,105.4
INV902228,2024-09-14,CUST0546,Australia,P1012,Gaming Headset,3,53.65,160.95
INV416618,2024-03-24,CUST0207,Usa,P1012,Gaming Headset,3,54.76,164.28
INV363581,2024-09-02,CUST0410,France,P1011,Table Lamp,1,27.38,27.38
INV192285,2024-04-26,CUST0605,France,P1007,Yoga Mat,5,20.02,100.1
INV753784,2024-06-11,CUST0782,Australia,P1012,Gaming Headset,3,55.98,167.94
INV217969,2024-09-14,CUST0389,Uk,P1011,Table Lamp,1,26.89,26.89
INV903227,2023-08-22,CUST0453,Uk,P1008,Water Bottle,1,11.37,11.37
INV402439,2024-08-04,CUST0345,France,P1001,Wireless Mouse,4,15.48,61.92
INV261781,2024-10-31,CUST0124,Australia,P1014,Running Shoes,5,63.82,319.1
INV916984,2024-09-30,CUST0097,Brazil,P1009,Backpack,1,47.22,47.22
INV277268,2024-12-21,CUST0011,Usa,P1010,Phone Case,2,10.1,20.2
INV631423,2023-01-01,CUST0761,Brazil,P1015,Winter Jacket,2,123.92,247.84
INV895925,2023-12-22,CUST0044,France,P1015,Winter Jacket,3,120.6,361.8
INV587187,2024-09-26,CUST0331,Uk,P1015,Winter Jacket,2,121.6,243.2
INV959850,2024-09-16,CUST0369,Uk,P1009,Backpack,1,47.16,47.16
INV849598,2024-07-17,CUST0212,India,P1005,Office Chair,2,88.76,177.52
INV881038,2023-09-13,CUST0751,Canada,P1007,Yoga Mat,1,19.92,19.92
INV461534,2023-01-01,CUST0688,Usa,P1012,Gaming Headset,3,57.72,173.16
INV301044,2024-08-05,CUST0784,France,P1001,Wireless Mouse,4,15.93,63.72
INV233942,2024-10-09,CUST0358,Germany,P1008,Water Bottle,3,11.29,33.87
INV827948,2024-05-29,CUST0099,Brazil,P1004,Desk Lamp,5,22.44,112.2
INV682842,2023-01-01,CUST0454,Canada,P1005,Office Chair,5,92.99,464.95
INV457795,2024-05-10,CUST0281,Canada,P1006,Coffee Mug,5,8.54,42.7
INV394966,2023-10-22,CUST0426,India,P1011,Table Lamp,4,27.06,108.24
INV905190,2024-08-29,CUST0686,Canada,P1010,Phone Case,3,9.53,28.59
INV520131,2024-12-28,CUST0654,Usa,P1007,Yoga Mat,4,20.36,81.44
INV464705,2023-11-30,CUST0743,Germany,P1011,Table Lamp,2,26.64,53.28
INV811876,2024-10-08,CUST0218,Australia,P1014,Running Shoes,3,64.14,192.42
INV960919,2024-09-01,CUST0732,Germany,P1007,Yoga Mat,1,19.57,19.57
INV522659,2024-10-01,CUST0460,Uk,P1013,Sticky Notes Pack,1,4.45,4.45
INV711939,2024-11-28,CUST0126,Brazil,P1003,Notebook Set,2,6.75,13.5
INV358919,2023-04-14,CUST0137,France,P1002,Bluetooth Speaker,3,34.32,102.96
INV248016,2024-11-02,CUST0325,India,P1009,Backpack,1,44.91,44.91
INV824356,2024-09-26,CUST0215,Brazil,P1015,Winter Jacket,3,117.59,352.77
INV972887,2023-01-01,CUST0661,India,P1006,Coffee Mug,1,8.59,8.59
INV216090,2023-11-03,CUST0006,France,P1007,Yoga Mat,1,20.96,20.96
INV766322,2024-03-13,CUST0736,Uk,P1005,Office Chair,4,89.78,359.12
INV588472,2024-11-27,CUST0713,India,P1013,Sticky Notes Pack,2,4.39,8.78
INV889766,2024-02-07,CUST0077,France,P1012,Gaming Headset,5,57.03,285.15
INV610905,2024-07-27,CUST0440,Brazil,P1014,Running Shoes,4,66.49,265.96
INV794926,2024-12-11,CUST0222,Uk,P1008,Water Bottle,1,11.55,11.55
INV497352,2024-12-26,CUST0238,Germany,P1008,Water Bottle,1,12.02,12.02
INV733500,2024-02-06,CUST0750,Australia,P1011,Table Lamp,1,28.55,28.55
INV618394,2024-04-12,CUST0623,India,P1005,Office Chair,5,93.28,466.4
INV227338,2024-11-28,CUST0210,Usa,P1006,Coffee Mug,2,8.1,16.2
INV941114,2024-11-17,CUST0789,Uk,P1009,Backpack,3,45.36,136.08
INV515146,2024-12-16,CUST0240,France,P1009,Backpack,4,44.82,179.28
INV387793,2023-01-01,CUST0413,Germany,P1005,Office Chair,1,89.31,89.31
INV275451,2024-03-02,CUST0430,Australia,P1012,Gaming Headset,4,57.58,230.32
INV714432,2024-10-22,CUST0572,Germany,P1013,Sticky Notes Pack,3,4.44,13.32
INV842764,2024-10-26,CUST0299,Germany,P1007,Yoga Mat,5,19.07,95.35
INV897499,2024-08-23,CUST0534,Uk,P1006,Coffee Mug,3,8.23,24.69
INV312963,2023-11-05,CUST0472,Brazil,P1003,Notebook Set,2,6.56,13.12
INV784272,2024-07-23,CUST0461,India,P1015,Winter Jacket,3,120.17,360.51
INV425988,2023-09-22,CUST0495,Canada,P1014,Running Shoes,4,66.78,267.12
INV307975,2024-10-13,CUST0647,Germany,P1007,Yoga Mat,2,20.62,41.24
INV582131,2024-12-20,CUST0678,Germany,P1009,Backpack,3,45.87,137.61
INV960017,2023-04-30,CUST0136,Canada,P1007,Yoga Mat,5,20.48,102.4
INV600265,2024-09-18,CUST0611,India,P1002,Bluetooth Speaker,4,35.84,143.36
INV996212,2023-01-01,CUST0755,Uk,P1009,Backpack,5,42.76,213.8
INV943512,2024-08-29,CUST0142,Germany,P1006,Coffee Mug,2,7.91,15.82
INV752947,2023-09-20,CUST0098,Australia,P1006,Coffee Mug,5,8.17,40.85
INV101638,2024-03-05,CUST0442,Usa,P1002,Bluetooth Speaker,2,35.27,70.54
INV438060,2024-06-18,CUST0112,Germany,P1010,Phone Case,2,9.59,19.18
INV412046,2023-02-12,CUST0414,Australia,P1008,Water Bottle,3,11.67,35.01
INV184959,2024-05-17,CUST0298,Canada,P1015,Winter Jacket,4,119.97,479.88
INV774384,2023-08-30,CUST0286,Australia,P1011,Table Lamp,5,28.33,141.65
INV389501,2024-03-14,CUST0130,Germany,P1015,Winter Jacket,4,121.62,486.48
INV939756,2024-08-22,CUST0339,Brazil,P1002,Bluetooth Speaker,2,35.13,70.26
INV710836,2024-08-08,CUST0092,Australia,P1007,Yoga Mat,1,20.94,20.94
INV199707,2023-11-03,CUST0527,Uk,P1001,Wireless Mouse,3,15.86,47.58
INV278196,2024-10-09,CUST0310,Usa,P1006,Coffee Mug,4,8.3,33.2
INV157150,2023-11-05,CUST0273,India,P1012,Gaming Headset,4,53.31,213.24
INV552790,2023-10-29,CUST0324,Canada,P1006,Coffee Mug,2,8.16,16.32
INV709288,2024-12-05,CUST0590,Brazil,P1003,Notebook Set,5,6.95,34.75
INV365591,2024-03-04,CUST0546,Australia,P1006,Coffee Mug,4,8.12,32.48
INV545368,2024-04-19,CUST0086,France,P1014,Running Shoes,1,66.69,66.69
INV562121,2023-08-12,CUST0155,India,P1002,Bluetooth Speaker,5,34.55,172.75
INV735418,2024-11-26,CUST0057,Canada,P1007,Yoga Mat,1,20.42,20.42
INV203520,2024-12-16,CUST0240,France,P1014,Running Shoes,4,67.94,271.76
INV851450,2024-04-18,CUST0250,Uk,P1015,Winter Jacket,3,125.22,375.66
INV387108,2023-02-28,CUST0685,Germany,P1012,Gaming Headset,3,53.85,161.55
INV698967,2023-09-18,CUST0119,Usa,P1006,Coffee Mug,4,8.37,33.48
INV381529,2024-04-11,CUST0755,Uk,P1014,Running Shoes,2,63.35,126.7
INV218539,2024-04-13,CUST0731,India,P1003,Notebook Set,2,6.95,13.9
INV706355,2024-08-31,CUST0087,Australia,P1003,Notebook Set,2,6.99,13.98
INV590007,2023-09-16,CUST0702,India,P1004,Desk Lamp,2,23.03,46.06
INV155876,2023-01-01,CUST0493,Canada,P1015,Winter Jacket,3,125.11,375.33
INV216052,2023-03-12,CUST0657,Uk,P1008,Water Bottle,2,11.36,22.72
INV333312,2023-01-01,CUST0064,Brazil,P1005,Office Chair,5,89.02,445.1
INV600512,2024-06-17,CUST0371,Australia,P1014,Running Shoes,2,66.17,132.34
INV704156,2023-09-11,CUST0351,Australia,P1008,Water Bottle,3,11.71,35.13
INV362803,2024-06-04,CUST0262,Germany,P1001,Wireless Mouse,2,16.51,33.02
INV804398,2024-05-13,CUST0454,Canada,P1003,Notebook Set,2,6.74,13.48
INV928376,2024-09-21,CUST0107,France,P1011,Table Lamp,5,27.5,137.5
INV863667,2024-10-28,CUST0196,Uk,P1001,Wireless Mouse,1,16.11,16.11
INV319459,2024-07-24,CUST0579,Brazil,P1006,Coffee Mug,4,8.03,32.12
INV516990,2023-09-13,CUST0543,India,P1001,Wireless Mouse,1,15.72,15.72
INV860312,2023-01-01,CUST0622,France,P1006,Coffee Mug,2,7.88,15.76
INV225188,2023-09-18,CUST0506,Canada,P1004,Desk Lamp,4,22.67,90.68
INV552807,2024-12-22,CUST0467,India,P1012,Gaming Headset,2,52.34,104.68
INV532834,2024-06-18,CUST0740,Brazil,P1010,Phone Case,3,9.94,29.82
INV103677,2024-10-07,CUST0599,Usa,P1001,Wireless Mouse,3,15.58,46.74
INV779119,2024-11-14,CUST0206,France,P1010,Phone Case,1,10.38,10.38
INV657744,2024-10-22,CUST0574,India,P1014,Running Shoes,5,67.73,338.65
INV372275,2024-12-25,CUST0760,France,P1003,Notebook Set,1,7.0,7.0
INV188246,2024-09-08,CUST0608,Canada,P1004,Desk Lamp,4,23.03,92.12
INV342426,2024-05-03,CUST0357,Canada,P1002,Bluetooth Speaker,4,35.94,143.76
INV888481,2024-12-04,CUST0471,Brazil,P1004,Desk Lamp,5,22.66,113.3
INV729861,2023-01-01,CUST0652,Uk,P1001,Wireless Mouse,2,16.04,32.08
INV953846,2024-12-19,CUST0584,Uk,P1007,Yoga Mat,1,20.41,20.41
INV378749,2024-11-06,CUST0771,Brazil,P1001,Wireless Mouse,3,16.15,48.45
INV232783,2023-02-11,CUST0330,Germany,P1011,Table Lamp,5,27.06,135.3
INV888778,2023-10-17,CUST0242,Australia,P1001,Wireless Mouse,2,15.83,31.66
INV204196,2024-02-04,CUST0350,France,P1002,Bluetooth Speaker,3,33.79,101.37
INV923497,2024-12-02,CUST0798,Germany,P1011,Table Lamp,2,27.57,55.14
INV441972,2024-12-08,CUST0310,Usa,P1014,Running Shoes,2,67.2,134.4
INV586980,2023-05-28,CUST0479,Germany,P1007,Yoga Mat,5,19.29,96.45
INV939318,2023-01-01,CUST0331,Uk,P1007,Yoga Mat,4,20.56,82.24
INV183266,2024-12-18,CUST0212,India,P1006,Coffee Mug,3,8.49,25.47
INV115241,2024-09-20,CUST0296,Canada,P1007,Yoga Mat,5,19.98,99.9
INV564720,2024-11-10,CUST0725,Uk,P1010,Phone Case,5,10.08,50.4
INV728871,2024-12-29,CUST0096,Uk,P1001,Wireless Mouse,3,15.46,46.38
INV994647,2024-11-09,CUST0478,France,P1001,Wireless Mouse,2,16.03,32.06
INV935835,2023-01-01,CUST0142,Germany,P1015,Winter Jacket,3,118.89,356.67
INV514931,2024-08-24,CUST0134,Usa,P1010,Phone Case,5,10.26,51.3
INV419627,2024-08-26,CUST0323,Germany,P1002,Bluetooth Speaker,1,33.92,33.92
INV650975,2024-09-16,CUST0252,Australia,P1005,Office Chair,4,89.68,358.72
INV249093,2024-10-24,CUST0721,Brazil,P1011,Table Lamp,2,26.48,52.96
INV687189,2024-08-30,CUST0686,Canada,P1013,Sticky Notes Pack,2,4.18,8.36
INV378439,2024-12-11,CUST0661,India,P1012,Gaming Headset,4,55.44,221.76
INV121934,2024-11-04,CUST0275,Australia,P1010,Phone Case,4,9.72,38.88
INV828662,2023-06-10,CUST0519,France,P1002,Bluetooth Speaker,2,33.26,66.52
INV287045,2024-04-25,CUST0771,Brazil,P1012,Gaming Headset,1,54.76,54.76
INV794374,2024-08-06,CUST0749,Germany,P1011,Table Lamp,4,26.46,105.84
INV317684,2023-07-03,CUST0176,Usa,P1011,Table Lamp,2,28.25,56.5
INV888690,2024-08-31,CUST0337,Germany,P1015,Winter Jacket,2,118.45,236.9
INV579410,2024-03-19,CUST0077,France,P1009,Backpack,2,45.4,90.8
INV797472,2024-03-06,CUST0561,Canada,P1010,Phone Case,1,9.72,9.72
INV622384,2024-04-22,CUST0465,India,P1015,Winter Jacket,5,116.17,580.85
INV373397,2024-11-28,CUST0001,Germany,P1012,Gaming Headset,1,57.06,57.06
INV146938,2024-07-30,CUST0722,Usa,P1010,Phone Case,2,10.03,20.06
INV216052,2023-03-12,CUST0657,Uk,P1010,Phone Case,1,10.06,10.06
INV703445,2024-05-07,CUST0472,Brazil,P1001,Wireless Mouse,2,16.47,32.94
INV611374,2024-05-11,CUST0740,Brazil,P1004,Desk Lamp,2,22.05,44.1
INV941261,2024-08-11,CUST0701,Australia,P1008,Water Bottle,2,11.26,22.52
INV560964,2024-06-11,CUST0100,Usa,P1015,Winter Jacket,1,116.34,116.34
INV345535,2024-06-08,CUST0153,India,P1001,Wireless Mouse,2,16.25,32.5
INV464478,2024-07-25,CUST0782,Australia,P1014,Running Shoes,2,63.09,126.18
INV288959,2024-03-18,CUST0677,France,P1003,Notebook Set,3,6.5,19.5
INV200573,2024-03-08,CUST0024,Brazil,P1005,Office Chair,5,86.51,432.55
INV862987,2023-12-27,CUST0191,France,P1001,Wireless Mouse,2,15.19,30.38
INV753173,2024-05-28,CUST0327,Usa,P1006,Coffee Mug,5,8.22,41.1
INV496547,2023-01-01,CUST0652,Uk,P1003,Notebook Set,5,6.77,33.85
INV751731,2024-03-19,CUST0266,Australia,P1011,Table Lamp,4,27.51,110.04
INV261945,2024-08-27,CUST0655,Uk,P1006,Coffee Mug,5,7.94,39.7
INV992357,2024-11-12,CUST0076,India,P1010,Phone Case,1,9.76,9.76
INV951116,2024-12-13,CUST0104,India,P1002,Bluetooth Speaker,4,34.28,137.12
INV831966,2024-09-23,CUST0782,Australia,P1006,Coffee Mug,2,8.51,17.02
INV860748,2024-09-15,CUST0542,Australia,P1015,Winter Jacket,1,122.13,122.13
INV873189,2024-11-21,CUST0366,India,P1010,Phone Case,4,9.71,38.84
INV472347,2024-12-09,CUST0407,Australia,P1011,Table Lamp,2,28.81,57.62
INV194175,2024-08-29,CUST0585,Brazil,P1002,Bluetooth Speaker,1,33.84,33.84
INV430001,2024-12-05,CUST0617,Canada,P1004,Desk Lamp,3,20.94,62.82
INV607622,2024-01-08,CUST0797,India,P1011,Table Lamp,2,28.05,56.1
INV942528,2023-05-20,CUST0227,Canada,P1003,Notebook Set,4,6.49,25.96
INV611386,2024-11-06,CUST0630,India,P1006,Coffee Mug,2,7.84,15.68
INV297533,2024-11-12,CUST0138,Australia,P1006,Coffee Mug,2,8.39,16.78
INV664300,2024-07-14,CUST0555,India,P1009,Backpack,4,43.89,175.56
INV116664,2024-12-08,CUST0655,Uk,P1012,Gaming Headset,1,56.37,56.37
INV295660,2023-11-28,CUST0493,Canada,P1014,Running Shoes,5,63.2,316.0
INV683578,2024-12-23,CUST0755,Uk,P1007,Yoga Mat,3,20.71,62.13
INV350256,2024-12-02,CUST0407,Australia,P1013,Sticky Notes Pack,3,4.09,12.27
INV966359,2023-01-01,CUST0260,Canada,P1015,Winter Jacket,5,115.54,577.7
INV218297,2024-09-09,CUST0569,Uk,P1006,Coffee Mug,2,7.99,15.98
INV279980,2024-11-10,CUST0453,Uk,P1013,Sticky Notes Pack,2,4.16,8.32
INV182416,2024-10-20,CUST0746,India,P1013,Sticky Notes Pack,1,4.09,4.09
INV550539,2024-09-01,CUST0147,Germany,P1004,Desk Lamp,1,22.4,22.4
INV550965,2024-11-10,CUST0678,Germany,P1004,Desk Lamp,4,21.42,85.68
INV451905,2024-12-04,CUST0596,Australia,P1013,Sticky Notes Pack,4,4.22,16.88
INV712385,2024-05-22,CUST0315,Germany,P1011,Table Lamp,1,26.97,26.97
INV186384,2024-12-04,CUST0587,Canada,P1011,Table Lamp,2,28.59,57.18
INV548281,2024-12-20,CUST0289,France,P1005,Office Chair,1,89.42,89.42
INV682503,2023-01-01,CUST0406,France,P1001,Wireless Mouse,4,16.1,64.4
INV927819,2024-08-17,CUST0128,Germany,P1006,Coffee Mug,5,8.11,40.55
INV874270,2024-03-23,CUST0100,Usa,P1012,Gaming Headset,3,53.09,159.27
INV670685,2024-12-05,CUST0228,France,P1011,Table Lamp,1,27.64,27.64
INV850215,2024-01-25,CUST0602,Germany,P1012,Gaming Headset,3,55.92,167.76
INV764413,2023-01-01,CUST0245,Germany,P1005,Office Chair,1,92.04,92.04
INV981924,2024-11-02,CUST0005,Brazil,P1005,Office Chair,2,90.5,181.0
INV978476,2023-06-28,CUST0507,Brazil,P1002,Bluetooth Speaker,3,33.21,99.63
INV928073,2023-01-01,CUST0546,Australia,P1012,Gaming Headset,1,56.54,56.54
INV531945,2024-04-25,CUST0729,Usa,P1009,Backpack,1,43.16,43.16
INV390053,2024-11-17,CUST0589,Usa,P1006,Coffee Mug,1,8.12,8.12
INV101093,2024-03-03,CUST0052,Australia,P1005,Office Chair,4,93.05,372.2
INV530081,2024-09-29,CUST0691,Germany,P1006,Coffee Mug,3,8.56,25.68
INV567310,2024-11-28,CUST0574,India,P1010,Phone Case,1,10.36,10.36
INV743044,2024-07-08,CUST0016,France,P1002,Bluetooth Speaker,2,33.38,66.76
INV433842,2024-08-23,CUST0104,India,P1013,Sticky Notes Pack,5,4.21,21.05
INV893162,2024-03-14,CUST0388,Canada,P1001,Wireless Mouse,5,15.24,76.2
INV466081,2024-12-17,CUST0546,Australia,P1013,Sticky Notes Pack,2,4.08,8.16
INV590007,2023-09-16,CUST0702,India,P1004,Desk Lamp,1,23.06,23.06
INV117875,2024-09-15,CUST0289,France,P1003,Notebook Set,5,7.03,35.15
INV373769,2024-01-19,CUST0258,Uk,P1006,Coffee Mug,5,8.37,41.85
INV513948,2024-11-30,CUST0071,Germany,P1008,Water Bottle,2,11.23,22.46
INV507515,2024-01-22,CUST0118,Brazil,P1010,Phone Case,5,10.35,51.75
INV636501,2024-06-07,CUST0350,France,P1005,Office Chair,4,91.49,365.96
INV262605,2024-05-25,CUST0666,Canada,P1003,Notebook Set,5,6.58,32.9
INV981856,2024-11-22,CUST0497,Brazil,P1007,Yoga Mat,1,20.7,20.7
INV346782,2024-04-29,CUST0723,Australia,P1015,Winter Jacket,5,115.25,576.25
INV718755,2024-10-11,CUST0717,Brazil,P1008,Water Bottle,2,11.06,22.12
INV713888,2023-11-25,CUST0544,Canada,P1011,Table Lamp,2,28.82,57.64
INV174207,2024-07-11,CUST0293,India,P1002,Bluetooth Speaker,2,33.16,66.32
INV661436,2024-08-12,CUST0466,Uk,P1008,Water Bottle,1,11.56,11.56
INV869188,2024-02-24,CUST0364,Brazil,P1014,Running Shoes,3,66.95,200.85
INV402250,2024-09-04,CUST0079,Germany,P1012,Gaming Headset,1,53.61,53.61
INV757136,2024-09-08,CUST0072,Germany,P1004,Desk Lamp,3,21.16,63.48
INV113289,2024-08-17,CUST0155,India,P1002,Bluetooth Speaker,1,36.12,36.12
INV551950,2023-10-30,CUST0519,France,P1002,Bluetooth Speaker,4,34.92,139.68
INV942318,2024-01-13,CUST0026,Canada,P1006,Coffee Mug,2,8.56,17.12
INV878160,2024-10-12,CUST0407,Australia,P1002,Bluetooth Speaker,5,33.31,166.55
INV549881,2024-08-05,CUST0637,France,P1012,Gaming Headset,2,53.67,107.34
INV697982,2023-01-01,CUST0742,India,P1001,Wireless Mouse,1,16.17,16.17
INV213797,2024-12-13,CUST0192,Canada,P1005,Office Chair,2,90.06,180.12
INV389628,2024-11-15,CUST0440,Brazil,P1001,Wireless Mouse,2,16.43,32.86
INV993804,2024-08-04,CUST0400,Uk,P1006,Coffee Mug,1,8.0,8.0
INV622555,2023-12-20,CUST0641,Australia,P1002,Bluetooth Speaker,1,34.51,34.51
INV121934,2024-11-04,CUST0275,Australia,P1014,Running Shoes,1,63.35,63.35
INV123428,2023-01-01,CUST0260,Canada,P1002,Bluetooth Speaker,3,34.85,104.55
INV930195,2023-12-02,CUST0529,Uk,P1007,Yoga Mat,5,20.46,102.3
INV914056,2024-11-25,CUST0107,France,P1014,Running Shoes,1,67.93,67.93
INV541784,2024-09-24,CUST0050,Canada,P1004,Desk Lamp,1,22.55,22.55
INV707413,2023-01-01,CUST0301,Australia,P1002,Bluetooth Speaker,1,35.76,35.76
INV791258,2024-08-27,CUST0333,Canada,P1001,Wireless Mouse,1,15.58,15.58
INV288984,2024-12-12,CUST0071,Germany,P1006,Coffee Mug,1,8.65,8.65
INV301424,2023-11-13,CUST0136,Canada,P1004,Desk Lamp,1,21.11,21.11
INV852144,2024-01-25,CUST0238,Germany,P1009,Backpack,1,44.26,44.26
INV432213,2024-12-25,CUST0484,Usa,P1003,Notebook Set,2,6.61,13.22
INV910896,2024-10-06,CUST0247,India,P1008,Water Bottle,3,11.69,35.07
INV336082,2024-06-24,CUST0606,Brazil,P1012,Gaming Headset,5,55.99,279.95
INV570955,2024-08-04,CUST0374,Canada,P1007,Yoga Mat,5,19.26,96.3
INV352319,2024-11-04,CUST0800,France,P1009,Backpack,3,43.0,129.0
INV511002,2024-06-28,CUST0050,Canada,P1014,Running Shoes,2,65.07,130.14
INV686983,2024-09-04,CUST0369,Uk,P1001,Wireless Mouse,1,15.96,15.96
INV393969,2024-02-05,CUST0631,France,P1008,Water Bottle,3,11.01,33.03
INV241878,2024-08-13,CUST0071,Germany,P1002,Bluetooth Speaker,1,36.08,36.08
INV222516,2024-08-05,CUST0429,Germany,P1014,Running Shoes,5,63.69,318.45
INV300891,2023-01-01,CUST0213,Australia,P1003,Notebook Set,4,6.99,27.96
INV695456,2024-03-13,CUST0121,Canada,P1002,Bluetooth Speaker,3,34.2,102.6
INV135149,2024-11-25,CUST0512,Canada,P1010,Phone Case,5,9.55,47.75
INV275108,2024-06-06,CUST0776,Germany,P1009,Backpack,2,46.26,92.52
INV578755,2024-07-27,CUST0532,France,P1005,Office Chair,3,91.24,273.72
INV519662,2023-04-10,CUST0076,India,P1001,Wireless Mouse,4,16.16,64.64
INV430750,2024-08-25,CUST0018,Usa,P1002,Bluetooth Speaker,2,33.24,66.48
INV342080,2024-12-03,CUST0353,Canada,P1010,Phone Case,3,10.27,30.81
INV515146,2024-12-16,CUST0240,France,P1013,Sticky Notes Pack,1,4.3,4.3
INV416725,2024-09-07,CUST0474,Usa,P1013,Sticky Notes Pack,5,4.18,20.9
INV671707,2023-08-05,CUST0565,India,P1007,Yoga Mat,4,19.9,79.6
INV734808,2023-01-01,CUST0382,Germany,P1012,Gaming Headset,3,53.99,161.97
INV610800,2023-10-14,CUST0240,France,P1002,Bluetooth Speaker,3,34.14,102.42
INV868494,2024-09-12,CUST0785,India,P1007,Yoga Mat,4,20.19,80.76
INV850199,2023-12-17,CUST0612,Germany,P1001,Wireless Mouse,1,15.35,15.35
INV293769,2024-11-29,CUST0541,Usa,P1008,Water Bottle,2,11.76,23.52
INV203455,2024-06-10,CUST0717,Brazil,P1003,Notebook Set,2,6.58,13.16
INV812713,2023-06-11,CUST0200,Usa,P1002,Bluetooth Speaker,5,33.47,167.35
INV958261,2024-11-02,CUST0276,India,P1008,Water Bottle,2,10.98,21.96
INV154488,2023-10-01,CUST0356,Usa,P1006,Coffee Mug,3,8.49,25.47
INV499371,2024-10-06,CUST0546,Australia,P1008,Water Bottle,5,11.73,58.65
INV115509,2024-09-29,CUST0397,Australia,P1002,Bluetooth Speaker,3,33.86,101.58
INV183266,2024-12-18,CUST0212,India,P1002,Bluetooth Speaker,2,35.37,70.74
INV442666,2024-07-08,CUST0169,Brazil,P1006,Coffee Mug,3,7.88,23.64
INV579372,2023-09-12,CUST0565,India,P1005,Office Chair,3,93.12,279.36
INV753608,2024-03-30,CUST0268,Australia,P1012,Gaming Headset,1,56.15,56.15
INV833730,2024-03-01,CUST0433,Usa,P1006,Coffee Mug,4,8.41,33.64
INV782612,2024-10-21,CUST0740,Brazil,P1003,Notebook Set,3,6.57,19.71
INV195882,2024-10-15,CUST0665,India,P1015,Winter Jacket,4,121.8,487.2
INV453848,2023-01-01,CUST0404,Uk,P1013,Sticky Notes Pack,3,4.36,13.08
INV407192,2024-11-26,CUST0289,France,P1015,Winter Jacket,5,118.88,594.4
INV979510,2024-11-24,CUST0014,Uk,P1010,Phone Case,3,9.57,28.71
INV325223,2024-11-01,CUST0603,Canada,P1002,Bluetooth Speaker,2,34.76,69.52
INV141443,2024-09-14,CUST0042,Uk,P1007,Yoga Mat,4,19.4,77.6
INV223229,2023-12-27,CUST0273,India,P1014,Running Shoes,2,63.71,127.42
INV288118,2024-06-30,CUST0232,Brazil,P1001,Wireless Mouse,3,16.56,49.68
INV970835,2024-07-13,CUST0228,France,P1011,Table Lamp,5,28.15,140.75
INV422469,2024-10-07,CUST0342,Germany,P1001,Wireless Mouse,3,15.33,45.99
INV180817,2024-10-02,CUST0192,Canada,P1011,Table Lamp,2,27.58,55.16
INV862293,2023-06-17,CUST0198,Uk,P1001,Wireless Mouse,4,16.29,65.16
INV980499,2024-12-21,CUST0623,India,P1007,Yoga Mat,5,19.67,98.35
INV541108,2024-08-04,CUST0730,Usa,P1008,Water Bottle,2,12.01,24.02
INV814028,2024-09-24,CUST0572,Germany,P1009,Backpack,5,43.33,216.65
INV874545,2024-11-16,CUST0252,Australia,P1009,Backpack,1,44.95,44.95
INV997957,2024-09-08,CUST0589,Usa,P1015,Winter Jacket,2,124.16,248.32
INV912284,2024-05-02,CUST0258,Uk,P1002,Bluetooth Speaker,4,35.84,143.36
INV320193,2024-01-16,CUST0298,Canada,P1014,Running Shoes,2,63.49,126.98
INV262610,2024-01-05,CUST0623,India,P1005,Office Chair,4,92.13,368.52
INV764413,2023-01-01,CUST0245,Germany,P1015,Winter Jacket,4,124.19,496.76
INV923904,2024-05-12,CUST0625,Australia,P1004,Desk Lamp,3,21.24,63.72
INV344496,2024-04-17,CUST0576,Australia,P1007,Yoga Mat,2,19.56,39.12
INV171203,2024-03-05,CUST0348,Australia,P1013,Sticky Notes Pack,4,4.37,17.48
INV416152,2024-11-10,CUST0717,Brazil,P1015,Winter Jacket,5,124.04,620.2
INV124280,2024-06-11,CUST0214,Australia,P1001,Wireless Mouse,4,15.87,63.48
INV624970,2024-12-22,CUST0041,France,P1013,Sticky Notes Pack,3,4.32,12.96
INV158008,2024-03-30,CUST0333,Canada,P1002,Bluetooth Speaker,3,34.3,102.9
INV111227,2024-02-17,CUST0505,Uk,P1006,Coffee Mug,2,8.32,16.64
INV304558,2023-01-01,CUST0190,Canada,P1013,Sticky Notes Pack,5,4.08,20.4
INV937675,2023-08-04,CUST0286,Australia,P1011,Table Lamp,2,26.23,52.46
INV204196,2024-02-04,CUST0350,France,P1013,Sticky Notes Pack,5,4.24,21.2
INV775967,2024-07-07,CUST0189,Uk,P1005,Office Chair,2,87.85,175.7
INV257980,2024-01-19,CUST0636,Australia,P1001,Wireless Mouse,2,16.49,32.98
INV867593,2024-10-10,CUST0750,Australia,P1002,Bluetooth Speaker,4,35.07,140.28
INV451414,2023-11-19,CUST0055,Brazil,P1014,Running Shoes,1,67.33,67.33
INV604595,2023-01-01,CUST0288,Brazil,P1015,Winter Jacket,5,114.56,572.8
INV935962,2024-08-06,CUST0694,Germany,P1009,Backpack,2,44.89,89.78
INV528629,2024-07-08,CUST0708,Usa,P1003,Notebook Set,4,6.59,26.36
INV459269,2023-05-04,CUST0599,Usa,P1006,Coffee Mug,3,8.0,24.0
INV667045,2024-04-16,CUST0723,Australia,P1007,Yoga Mat,2,20.16,40.32
INV964936,2024-09-16,CUST0081,Germany,P1005,Office Chair,4,92.71,370.84
INV325084,2024-11-01,CUST0510,Usa,P1012,Gaming Headset,2,55.34,110.68
INV753005,2023-09-06,CUST0103,India,P1008,Water Bottle,5,11.94,59.7
INV291590,2023-01-01,CUST0289,France,P1015,Winter Jacket,1,117.6,117.6
INV333727,2023-02-06,CUST0130,Germany,P1007,Yoga Mat,1,19.23,19.23
INV798836,2024-06-29,CUST0350,France,P1012,Gaming Headset,1,55.76,55.76
INV891998,2024-12-08,CUST0587,Canada,P1012,Gaming Headset,4,54.87,219.48
INV220202,2023-01-01,CUST0536,France,P1012,Gaming Headset,1,55.36,55.36
INV430001,2024-12-05,CUST0617,Canada,P1011,Table Lamp,3,26.37,79.11
INV803049,2024-03-10,CUST0267,Germany,P1015,Winter Jacket,2,119.25,238.5
INV868160,2024-11-27,CUST0364,Brazil,P1006,Coffee Mug,4,7.89,31.56
INV213551,2024-07-28,CUST0430,Australia,P1009,Backpack,1,44.81,44.81
INV107150,2024-12-07,CUST0603,Canada,P1008,Water Bottle,3,11.92,35.76
INV583213,2023-09-05,CUST0704,France,P1012,Gaming Headset,4,53.26,213.04
INV880378,2024-08-11,CUST0411,France,P1001,Wireless Mouse,2,16.31,32.62
INV561574,2024-10-14,CUST0655,Uk,P1008,Water Bottle,4,11.42,45.68
INV276869,2024-11-04,CUST0342,Germany,P1013,Sticky Notes Pack,4,4.38,17.52
INV861736,2024-12-12,CUST0064,Brazil,P1008,Water Bottle,2,11.78,23.56
INV204515,2024-09-08,CUST0546,Australia,P1012,Gaming Headset,1,55.04,55.04
INV688438,2024-09-28,CUST0365,Usa,P1014,Running Shoes,2,62.98,125.96
INV931620,2023-11-12,CUST0444,Germany,P1014,Running Shoes,1,64.48,64.48
INV937675,2023-08-04,CUST0286,Australia,P1011,Table Lamp,1,27.08,27.08
INV111675,2023-08-27,CUST0680,India,P1010,Phone Case,3,9.6,28.8
INV526172,2024-05-28,CUST0792,Usa,P1005,Office Chair,1,93.16,93.16
INV922076,2024-09-14,CUST0389,Uk,P1013,Sticky Notes Pack,1,4.1,4.1
INV279465,2024-07-21,CUST0661,India,P1009,Backpack,2,44.16,88.32
INV550098,2024-06-26,CUST0755,Uk,P1005,Office Chair,1,87.68,87.68
INV942223,2024-12-15,CUST0315,Germany,P1012,Gaming Headset,4,54.49,217.96
INV918195,2024-01-18,CUST0301,Australia,P1010,Phone Case,3,10.32,30.96
INV521777,2024-09-12,CUST0788,India,P1011,Table Lamp,5,26.34,131.7
INV344052,2024-08-31,CUST0405,Germany,P1012,Gaming Headset,3,53.86,161.58
INV763638,2024-07-16,CUST0150,Germany,P1014,Running Shoes,3,63.0,189.0
INV857348,2024-10-20,CUST0028,Germany,P1011,Table Lamp,5,28.13,140.65
INV540241,2023-06-29,CUST0703,Canada,P1004,Desk Lamp,3,21.78,65.34
INV113058,2024-03-16,CUST0177,France,P1012,Gaming Headset,3,53.04,159.12
INV453714,2024-07-08,CUST0193,Uk,P1008,Water Bottle,3,11.53,34.59
INV932110,2024-12-03,CUST0665,India,P1010,Phone Case,5,9.85,49.25
INV427658,2023-09-12,CUST0502,Usa,P1002,Bluetooth Speaker,1,33.36,33.36
INV509373,2024-07-10,CUST0337,Germany,P1002,Bluetooth Speaker,5,35.38,176.9
INV167355,2024-07-23,CUST0490,Canada,P1009,Backpack,2,44.34,88.68
INV191609,2024-11-09,CUST0080,Uk,P1011,Table Lamp,3,26.56,79.68
INV899775,2023-10-01,CUST0518,Germany,P1007,Yoga Mat,1,19.92,19.92
INV759594,2024-06-25,CUST0374,Canada,P1001,Wireless Mouse,5,16.07,80.35
INV979617,2024-05-21,CUST0523,Germany,P1003,Notebook Set,4,6.61,26.44
INV756890,2023-09-09,CUST0289,France,P1005,Office Chair,2,87.92,175.84
INV389902,2024-02-11,CUST0480,India,P1012,Gaming Headset,3,53.04,159.12
INV870354,2024-11-11,CUST0632,France,P1003,Notebook Set,3,6.55,19.65
INV552424,2024-10-21,CUST0048,Australia,P1015,Winter Jacket,3,116.56,349.68
INV134382,2023-05-26,CUST0723,Australia,P1014,Running Shoes,5,68.15,340.75
INV369195,2024-04-27,CUST0124,Australia,P1002,Bluetooth Speaker,3,34.71,104.13
INV485151,2024-11-03,CUST0745,France,P1005,Office Chair,4,87.36,349.44
INV191485,2024-07-11,CUST0515,France,P1012,Gaming Headset,2,57.31,114.62
INV816435,2023-07-13,CUST0136,Canada,P1004,Desk Lamp,5,21.04,105.2
INV476674,2024-11-15,CUST0148,Usa,P1014,Running Shoes,3,65.16,195.48
INV943512,2024-08-29,CUST0142,Germany,P1015,Winter Jacket,2,115.45,230.9
INV940927,2024-08-27,CUST0753,Canada,P1002,Bluetooth Speaker,2,32.88,65.76
INV563736,2024-12-09,CUST0414,Australia,P1002,Bluetooth Speaker,3,33.22,99.66
INV872596,2024-11-07,CUST0685,Germany,P1002,Bluetooth Speaker,4,33.64,134.56
INV803678,2024-12-01,CUST0555,India,P1004,Desk Lamp,1,21.91,21.91
INV296923,2024-04-19,CUST0752,India,P1002,Bluetooth Speaker,5,34.86,174.3
INV522316,2024-12-02,CUST0748,Germany,P1013,Sticky Notes Pack,2,4.11,8.22
INV109615,2024-07-26,CUST0490,Canada,P1005,Office Chair,1,93.31,93.31
INV164124,2024-02-24,CUST0627,Australia,P1003,Notebook Set,5,6.98,34.9
INV109376,2024-11-12,CUST0014,Uk,P1012,Gaming Headset,2,54.63,109.26
INV351525,2023-01-01,CUST0791,Germany,P1005,Office Chair,1,90.34,90.34
INV796922,2024-08-12,CUST0466,Uk,P1001,Wireless Mouse,4,15.24,60.96
INV481328,2024-08-20,CUST0615,Germany,P1009,Backpack,4,42.95,171.8
INV897677,2024-12-21,CUST0710,India,P1009,Backpack,4,42.77,171.08
INV490251,2024-04-19,CUST0539,France,P1003,Notebook Set,2,6.78,13.56
INV836528,2024-06-30,CUST0784,France,P1001,Wireless Mouse,3,15.63,46.89
INV156762,2023-07-17,CUST0004,India,P1012,Gaming Headset,3,55.74,167.22
INV509559,2024-10-03,CUST0043,France,P1009,Backpack,3,44.64,133.92
INV214912,2024-12-23,CUST0341,Australia,P1010,Phone Case,3,10.37,31.11
INV181481,2024-10-11,CUST0732,Germany,P1002,Bluetooth Speaker,3,34.36,103.08
INV670685,2024-12-05,CUST0228,France,P1013,Sticky Notes Pack,2,4.39,8.78
INV834499,2024-08-26,CUST0776,Germany,P1007,Yoga Mat,1,20.85,20.85
INV929019,2024-12-01,CUST0742,India,P1010,Phone Case,4,10.22,40.88
INV390628,2023-01-01,CUST0625,Australia,P1006,Coffee Mug,1,8.24,8.24
INV558488,2024-10-05,CUST0682,Usa,P1006,Coffee Mug,2,8.32,16.64
INV466564,2023-12-04,CUST0260,Canada,P1006,Coffee Mug,5,8.4,42.0
INV851450,2024-04-18,CUST0250,Uk,P1002,Bluetooth Speaker,2,34.26,68.52
INV775470,2024-09-17,CUST0252,Australia,P1012,Gaming Headset,2,55.4,110.8
INV536800,2024-02-07,CUST0145,Australia,P1009,Backpack,3,43.38,130.14
INV925340,2024-06-24,CUST0363,Germany,P1003,Notebook Set,4,6.8,27.2
INV999947,2024-09-03,CUST0634,Usa,P1001,Wireless Mouse,5,15.89,79.45
INV949631,2024-12-16,CUST0717,Brazil,P1013,Sticky Notes Pack,4,4.19,16.76
INV892048,2024-10-26,CUST0336,Usa,P1003,Notebook Set,3,6.69,20.07
INV439900,2024-08-15,CUST0344,Uk,P1010,Phone Case,5,9.61,48.05
INV811876,2024-10-08,CUST0218,Australia,P1013,Sticky Notes Pack,2,4.11,8.22
INV892607,2024-08-02,CUST0416,France,P1004,Desk Lamp,3,20.98,62.94
INV636026,2024-10-29,CUST0771,Brazil,P1005,Office Chair,1,92.62,92.62
INV451905,2024-12-04,CUST0596,Australia,P1009,Backpack,1,45.93,45.93
INV566734,2024-05-01,CUST0621,Usa,P1003,Notebook Set,4,6.8,27.2
INV473880,2024-12-07,CUST0156,Canada,P1014,Running Shoes,1,65.15,65.15
INV511681,2024-03-02,CUST0366,India,P1007,Yoga Mat,5,19.7,98.5
INV972359,2024-12-04,CUST0794,Australia,P1010,Phone Case,2,9.71,19.42
INV619928,2023-01-01,CUST0130,Germany,P1005,Office Chair,2,90.08,180.16
INV312728,2024-09-21,CUST0082,Australia,P1003,Notebook Set,2,6.42,12.84
INV688186,2024-01-31,CUST0515,France,P1013,Sticky Notes Pack,5,4.41,22.05
INV856943,2024-09-07,CUST0371,Australia,P1005,Office Chair,3,94.42,283.26
INV750354,2023-06-08,CUST0688,Usa,P1003,Notebook Set,1,7.08,7.08
INV448980,2023-02-05,CUST0310,Usa,P1014,Running Shoes,5,62.79,313.95
INV162968,2023-11-14,CUST0478,France,P1004,Desk Lamp,5,22.93,114.65
INV854531,2024-11-05,CUST0430,Australia,P1010,Phone Case,2,9.63,19.26
INV797492,2023-10-12,CUST0433,Usa,P1011,Table Lamp,1,28.79,28.79
INV628717,2024-03-21,CUST0638,Brazil,P1006,Coffee Mug,5,8.5,42.5
INV114334,2024-04-19,CUST0121,Canada,P1009,Backpack,5,42.94,214.7
INV299008,2023-07-02,CUST0624,Canada,P1004,Desk Lamp,4,21.77,87.08
INV640852,2024-11-09,CUST0080,Uk,P1014,Running Shoes,5,66.71,333.55
INV185247,2024-05-23,CUST0438,Brazil,P1004,Desk Lamp,2,22.01,44.02
INV577404,2024-01-29,CUST0613,Canada,P1009,Backpack,4,46.76,187.04
INV252834,2024-06-19,CUST0417,Brazil,P1008,Water Bottle,4,11.58,46.32
INV611386,2024-11-06,CUST0630,India,P1012,Gaming Headset,1,55.54,55.54
INV142442,2024-08-25,CUST0788,India,P1003,Notebook Set,2,6.54,13.08
INV887856,2024-11-24,CUST0091,Brazil,P1014,Running Shoes,4,62.1,248.4
INV828125,2024-06-18,CUST0176,Usa,P1002,Bluetooth Speaker,5,34.01,170.05
INV160161,2024-05-11,CUST0125,Brazil,P1012,Gaming Headset,1,53.72,53.72
INV387124,2024-08-28,CUST0207,Usa,P1009,Backpack,3,46.18,138.54
INV845312,2024-10-29,CUST0288,Brazil,P1006,Coffee Mug,2,8.58,17.16
INV875551,2024-07-17,CUST0169,Brazil,P1002,Bluetooth Speaker,4,34.95,139.8
INV185775,2024-12-13,CUST0657,Uk,P1012,Gaming Headset,3,55.97,167.91
INV351995,2024-07-11,CUST0400,Uk,P1007,Yoga Mat,3,19.08,57.24
INV611689,2023-01-01,CUST0192,Canada,P1013,Sticky Notes Pack,5,4.17,20.85
INV191553,2023-06-30,CUST0452,India,P1009,Backpack,5,45.12,225.6
INV749826,2024-10-05,CUST0581,Usa,P1015,Winter Jacket,1,119.52,119.52
INV870032,2023-08-21,CUST0369,Uk,P1014,Running Shoes,3,65.44,196.32
INV292890,2024-12-13,CUST0636,Australia,P1008,Water Bottle,5,11.13,55.65
INV444251,2024-10-28,CUST0693,France,P1002,Bluetooth Speaker,2,32.83,65.66
INV532615,2024-01-01,CUST0310,Usa,P1008,Water Bottle,3,11.9,35.7
INV489675,2024-03-27,CUST0140,Australia,P1010,Phone Case,5,9.69,48.45
INV520967,2023-01-01,CUST0661,India,P1013,Sticky Notes Pack,1,4.4,4.4
INV356162,2024-11-14,CUST0368,France,P1013,Sticky Notes Pack,5,4.42,22.1
INV695249,2024-12-04,CUST0742,India,P1011,Table Lamp,2,27.06,54.12
INV464478,2024-07-25,CUST0782,Australia,P1015,Winter Jacket,2,119.16,238.32
INV977944,2024-08-03,CUST0505,Uk,P1007,Yoga Mat,1,19.25,19.25
INV917744,2023-01-29,CUST0699,Germany,P1003,Notebook Set,4,6.47,25.88
INV601132,2024-11-26,CUST0601,France,P1004,Desk Lamp,3,21.16,63.48
INV556340,2024-11-12,CUST0778,Uk,P1012,Gaming Headset,1,57.33,57.33
INV183199,2024-12-13,CUST0349,France,P1006,Coffee Mug,5,8.39,41.95
INV122698,2024-07-09,CUST0204,Australia,P1013,Sticky Notes Pack,1,4.05,4.05
INV922717,2023-07-08,CUST0013,Australia,P1005,Office Chair,1,93.17,93.17
INV379283,2024-12-24,CUST0326,India,P1015,Winter Jacket,3,119.92,359.76
INV210825,2023-06-17,CUST0271,Australia,P1008,Water Bottle,4,11.84,47.36
INV442308,2023-01-01,CUST0661,India,P1012,Gaming Headset,1,54.27,54.27
INV757148,2024-12-17,CUST0664,Uk,P1004,Desk Lamp,1,22.67,22.67
INV778427,2024-11-18,CUST0371,Australia,P1008,Water Bottle,1,11.51,11.51
INV334699,2024-11-26,CUST0599,Usa,P1013,Sticky Notes Pack,4,4.45,17.8
INV485144,2023-01-01,CUST0505,Uk,P1012,Gaming Headset,5,56.84,284.2
INV336706,2024-07-03,CUST0027,Usa,P1013,Sticky Notes Pack,4,4.1,16.4
INV588472,2024-11-27,CUST0713,India,P1001,Wireless Mouse,4,15.52,62.08
INV246540,2024-04-15,CUST0037,Germany,P1004,Desk Lamp,1,21.21,21.21
INV444621,2024-02-16,CUST0616,Canada,P1010,Phone Case,2,10.39,20.78
INV139825,2024-09-17,CUST0210,Usa,P1012,Gaming Headset,5,55.87,279.35
INV307968,2023-12-30,CUST0568,India,P1007,Yoga Mat,5,20.43,102.15
INV376409,2023-01-01,CUST0192,Canada,P1013,Sticky Notes Pack,4,4.06,16.24
INV937923,2023-01-01,CUST0153,India,P1007,Yoga Mat,3,20.14,60.42
INV547344,2024-09-01,CUST0097,Brazil,P1010,Phone Case,2,10.37,20.74
INV250707,2024-12-12,CUST0646,Usa,P1007,Yoga Mat,4,19.7,78.8
INV195980,2024-12-22,CUST0622,France,P1005,Office Chair,1,92.74,92.74
INV888300,2024-11-29,CUST0664,Uk,P1010,Phone Case,1,9.79,9.79
INV212089,2023-01-25,CUST0245,Germany,P1004,Desk Lamp,4,22.84,91.36
INV692501,2024-10-31,CUST0736,Uk,P1009,Backpack,2,44.5,89.0
INV350428,2024-08-09,CUST0265,India,P1012,Gaming Headset,4,57.16,228.64
INV379991,2024-12-26,CUST0190,Canada,P1010,Phone Case,1,9.7,9.7
INV482842,2024-07-01,CUST0753,Canada,P1014,Running Shoes,4,65.06,260.24
INV579269,2024-04-13,CUST0436,Brazil,P1015,Winter Jacket,3,119.34,358.02
INV698866,2023-05-02,CUST0198,Uk,P1001,Wireless Mouse,5,15.71,78.55
INV893777,2024-07-25,CUST0307,France,P1001,Wireless Mouse,2,16.15,32.3
INV621010,2023-07-17,CUST0717,Brazil,P1005,Office Chair,5,86.63,433.15
INV489675,2024-03-27,CUST0140,Australia,P1007,Yoga Mat,3,20.7,62.1
INV198635,2024-09-12,CUST0637,France,P1004,Desk Lamp,1,20.9,20.9
INV490735,2023-10-21,CUST0203,Australia,P1011,Table Lamp,2,28.26,56.52
INV814340,2024-12-04,CUST0567,Uk,P1003,Notebook Set,5,6.65,33.25
INV277779,2024-05-25,CUST0795,Australia,P1006,Coffee Mug,2,7.94,15.88
INV196956,2023-08-01,CUST0301,Australia,P1002,Bluetooth Speaker,1,34.77,34.77
INV597500,2023-01-01,CUST0670,Brazil,P1004,Desk Lamp,2,22.52,45.04
INV293624,2024-01-29,CUST0639,France,P1008,Water Bottle,1,11.23,11.23
INV545061,2023-01-01,CUST0358,Germany,P1002,Bluetooth Speaker,5,32.98,164.9
INV969313,2024-12-20,CUST0004,India,P1006,Coffee Mug,3,8.48,25.44
INV374164,2024-09-18,CUST0096,Uk,P1002,Bluetooth Speaker,3,35.29,105.87
INV174207,2024-07-11,CUST0293,India,P1003,Notebook Set,4,6.71,26.84
INV433923,2024-07-06,CUST0579,Brazil,P1015,Winter Jacket,2,120.34,240.68
INV936851,2024-09-23,CUST0276,India,P1015,Winter Jacket,2,119.04,238.08
INV545549,2024-10-18,CUST0458,France,P1006,Coffee Mug,5,8.01,40.05
INV472481,2023-01-01,CUST0502,Usa,P1002,Bluetooth Speaker,4,34.56,138.24
INV152438,2024-02-29,CUST0657,Uk,P1003,Notebook Set,3,6.59,19.77
INV542440,2024-04-07,CUST0266,Australia,P1005,Office Chair,2,88.93,177.86
INV659854,2024-11-07,CUST0137,France,P1001,Wireless Mouse,1,15.65,15.65
INV624364,2023-05-26,CUST0656,Canada,P1012,Gaming Headset,4,52.33,209.32
INV405337,2024-09-03,CUST0603,Canada,P1006,Coffee Mug,3,8.31,24.93
INV369642,2024-03-15,CUST0108,Germany,P1009,Backpack,1,45.86,45.86
INV894399,2024-07-19,CUST0437,France,P1002,Bluetooth Speaker,5,33.16,165.8
INV286048,2024-09-24,CUST0546,Australia,P1010,Phone Case,5,10.03,50.15
INV442666,2024-07-08,CUST0169,Brazil,P1014,Running Shoes,1,68.14,68.14
INV382904,2023-12-21,CUST0008,Germany,P1014,Running Shoes,4,67.49,269.96
INV339996,2024-06-10,CUST0480,India,P1005,Office Chair,2,93.07,186.14
INV924125,2024-08-13,CUST0396,Usa,P1015,Winter Jacket,5,125.81,629.05
INV903845,2024-10-25,CUST0025,Uk,P1009,Backpack,1,43.65,43.65
INV251074,2024-01-13,CUST0231,France,P1008,Water Bottle,5,11.71,58.55
INV196659,2024-11-29,CUST0096,Uk,P1001,Wireless Mouse,5,16.38,81.9
INV784340,2023-01-01,CUST0557,India,P1005,Office Chair,1,90.37,90.37
INV607747,2024-06-07,CUST0363,Germany,P1009,Backpack,1,43.2,43.2
INV687066,2024-11-24,CUST0139,India,P1010,Phone Case,2,10.45,20.9
INV268262,2024-12-24,CUST0342,Germany,P1015,Winter Jacket,4,124.84,499.36
INV634625,2024-10-15,CUST0254,Canada,P1005,Office Chair,5,92.64,463.2
INV109723,2024-05-26,CUST0762,Canada,P1006,Coffee Mug,5,8.11,40.55
INV480773,2024-04-02,CUST0173,France,P1013,Sticky Notes Pack,5,4.14,20.7
INV495225,2024-01-24,CUST0632,France,P1010,Phone Case,4,9.87,39.48
INV293533,2024-10-12,CUST0371,Australia,P1007,Yoga Mat,1,20.48,20.48
INV129192,2024-08-25,CUST0046,Uk,P1013,Sticky Notes Pack,1,4.45,4.45
INV686152,2024-10-20,CUST0755,Uk,P1006,Coffee Mug,1,7.95,7.95
INV968747,2024-12-13,CUST0316,Usa,P1005,Office Chair,1,93.73,93.73
INV509223,2023-01-01,CUST0098,Australia,P1004,Desk Lamp,3,21.18,63.54
INV952410,2024-08-05,CUST0366,India,P1004,Desk Lamp,5,22.79,113.95
INV489675,2024-03-27,CUST0140,Australia,P1014,Running Shoes,4,66.04,264.16
INV123000,2023-02-09,CUST0648,Usa,P1014,Running Shoes,1,64.57,64.57
INV370744,2023-10-30,CUST0426,India,P1003,Notebook Set,3,6.64,19.92
INV914993,2023-01-01,CUST0577,Uk,P1002,Bluetooth Speaker,4,35.87,143.48
INV650406,2024-11-22,CUST0098,Australia,P1003,Notebook Set,4,6.96,27.84
INV972354,2024-07-24,CUST0391,Australia,P1015,Winter Jacket,5,116.53,582.65
INV483062,2024-08-11,CUST0633,Uk,P1007,Yoga Mat,5,19.08,95.4
INV123455,2024-08-22,CUST0087,Australia,P1007,Yoga Mat,1,19.25,19.25
INV977029,2024-06-07,CUST0233,Brazil,P1005,Office Chair,5,90.33,451.65
INV396015,2024-11-20,CUST0164,France,P1014,Running Shoes,4,67.03,268.12
INV155672,2024-11-21,CUST0536,France,P1010,Phone Case,3,10.28,30.84
INV349611,2024-08-12,CUST0524,France,P1009,Backpack,1,45.39,45.39
INV770847,2023-01-03,CUST0142,Germany,P1015,Winter Jacket,5,121.9,609.5
INV461829,2024-12-01,CUST0555,India,P1012,Gaming Headset,5,52.91,264.55
INV211185,2024-07-29,CUST0091,Brazil,P1014,Running Shoes,4,65.02,260.08
INV802280,2024-09-14,CUST0126,Brazil,P1002,Bluetooth Speaker,1,34.78,34.78
INV797492,2023-10-12,CUST0433,Usa,P1002,Bluetooth Speaker,2,32.9,65.8
INV515549,2024-11-12,CUST0025,Uk,P1002,Bluetooth Speaker,3,33.48,100.44
INV630487,2024-06-04,CUST0650,Germany,P1008,Water Bottle,3,11.15,33.45
INV640890,2024-12-12,CUST0734,Uk,P1005,Office Chair,5,88.59,442.95
INV509187,2023-01-01,CUST0056,Australia,P1011,Table Lamp,4,27.76,111.04
INV210311,2024-11-28,CUST0174,India,P1006,Coffee Mug,4,8.09,32.36
INV732893,2024-06-04,CUST0406,France,P1010,Phone Case,1,9.91,9.91
INV226852,2023-01-01,CUST0260,Canada,P1009,Backpack,4,45.22,180.88
INV532364,2024-09-26,CUST0692,Canada,P1011,Table Lamp,4,27.26,109.04
INV551602,2024-05-16,CUST0311,Uk,P1012,Gaming Headset,3,53.87,161.61
INV189718,2024-06-30,CUST0066,Brazil,P1002,Bluetooth Speaker,5,32.86,164.3
INV862454,2024-07-28,CUST0152,Uk,P1011,Table Lamp,5,26.98,134.9
INV662587,2024-12-29,CUST0379,Usa,P1004,Desk Lamp,5,22.14,110.7
INV961442,2024-12-16,CUST0347,India,P1005,Office Chair,1,87.25,87.25
INV686957,2023-01-01,CUST0418,Brazil,P1014,Running Shoes,4,62.21,248.84
INV369361,2023-01-01,CUST0652,Uk,P1013,Sticky Notes Pack,3,4.31,12.93
INV917807,2023-05-05,CUST0135,India,P1015,Winter Jacket,4,115.37,461.48
INV249648,2024-01-13,CUST0103,India,P1012,Gaming Headset,2,54.81,109.62
INV729089,2024-07-13,CUST0140,Australia,P1007,Yoga Mat,3,20.63,61.89
INV610015,2024-01-31,CUST0580,France,P1005,Office Chair,4,89.95,359.8
INV375035,2023-01-01,CUST0757,Usa,P1012,Gaming Headset,5,52.35,261.75
INV461534,2023-01-01,CUST0688,Usa,P1015,Winter Jacket,5,120.16,600.8
INV276527,2024-10-08,CUST0586,France,P1014,Running Shoes,3,67.41,202.23
INV990941,2024-10-08,CUST0573,Germany,P1002,Bluetooth Speaker,4,34.55,138.2
INV953397,2023-01-01,CUST0098,Australia,P1003,Notebook Set,3,6.54,19.62
INV351444,2024-09-24,CUST0313,Australia,P1011,Table Lamp,4,28.19,112.76
INV742395,2023-09-26,CUST0555,India,P1005,Office Chair,3,87.75,263.25
INV553178,2024-06-22,CUST0472,Brazil,P1010,Phone Case,3,9.79,29.37
INV734884,2024-09-27,CUST0434,Usa,P1001,Wireless Mouse,5,15.86,79.3
INV909366,2023-10-14,CUST0119,Usa,P1012,Gaming Headset,2,55.91,111.82
INV144270,2024-10-23,CUST0732,Germany,P1013,Sticky Notes Pack,5,4.16,20.8
INV331428,2024-07-01,CUST0674,Germany,P1001,Wireless Mouse,4,15.96,63.84
INV182845,2024-03-21,CUST0637,France,P1008,Water Bottle,1,10.93,10.93
INV729540,2024-08-22,CUST0608,Canada,P1004,Desk Lamp,2,22.34,44.68
INV393907,2024-10-13,CUST0773,France,P1012,Gaming Headset,1,56.6,56.6
INV156996,2023-09-30,CUST0322,India,P1005,Office Chair,1,86.45,86.45
INV506927,2024-09-17,CUST0548,Brazil,P1015,Winter Jacket,2,116.6,233.2
INV656484,2024-02-01,CUST0792,Usa,P1003,Notebook Set,3,6.73,20.19
INV772527,2023-12-13,CUST0655,Uk,P1004,Desk Lamp,3,21.36,64.08
INV824880,2024-08-04,CUST0293,India,P1009,Backpack,4,45.41,181.64
INV218225,2023-09-12,CUST0343,Usa,P1014,Running Shoes,5,67.38,336.9
INV177449,2024-11-09,CUST0090,Canada,P1002,Bluetooth Speaker,4,36.16,144.64
INV930957,2023-01-01,CUST0688,Usa,P1011,Table Lamp,1,28.56,28.56
INV698274,2023-10-16,CUST0452,India,P1004,Desk Lamp,5,21.9,109.5
INV781423,2024-04-19,CUST0274,Germany,P1007,Yoga Mat,2,19.57,39.14
INV750482,2024-01-29,CUST0665,India,P1014,Running Shoes,3,62.66,187.98
INV551602,2024-05-16,CUST0311,Uk,P1007,Yoga Mat,5,20.16,100.8
INV935842,2024-05-12,CUST0114,Brazil,P1003,Notebook Set,4,6.67,26.68
INV333003,2024-07-13,CUST0636,Australia,P1011,Table Lamp,4,27.66,110.64
INV903845,2024-10-25,CUST0025,Uk,P1008,Water Bottle,4,11.05,44.2
INV462493,2023-12-06,CUST0630,India,P1013,Sticky Notes Pack,1,4.17,4.17
INV686957,2023-01-01,CUST0418,Brazil,P1010,Phone Case,2,10.43,20.86
INV955238,2024-06-12,CUST0791,Germany,P1007,Yoga Mat,4,19.74,78.96
INV393589,2024-07-30,CUST0389,Uk,P1013,Sticky Notes Pack,2,4.43,8.86
INV868936,2024-08-21,CUST0692,Canada,P1007,Yoga Mat,2,20.97,41.94
INV737047,2024-08-17,CUST0291,Germany,P1009,Backpack,5,43.68,218.4
INV686957,2023-01-01,CUST0418,Brazil,P1012,Gaming Headset,1,54.42,54.42
INV238281,2024-05-29,CUST0107,France,P1004,Desk Lamp,1,22.19,22.19
INV230686,2024-05-14,CUST0311,Uk,P1006,Coffee Mug,5,8.42,42.1
INV139267,2024-09-23,CUST0262,Germany,P1011,Table Lamp,4,27.01,108.04
INV525191,2024-07-17,CUST0498,Brazil,P1014,Running Shoes,5,64.62,323.1
INV101657,2023-10-01,CUST0413,Germany,P1012,Gaming Headset,1,54.45,54.45
INV969313,2024-12-20,CUST0004,India,P1002,Bluetooth Speaker,3,32.93,98.79
INV648520,2023-11-24,CUST0176,Usa,P1012,Gaming Headset,1,57.54,57.54
INV878824,2024-02-27,CUST0755,Uk,P1002,Bluetooth Speaker,5,33.33,166.65
INV839884,2024-08-26,CUST0229,Brazil,P1014,Running Shoes,5,64.37,321.85
INV712732,2024-11-04,CUST0746,India,P1002,Bluetooth Speaker,5,33.63,168.15
INV319550,2024-05-19,CUST0194,Canada,P1005,Office Chair,2,90.03,180.06
INV301424,2023-11-13,CUST0136,Canada,P1007,Yoga Mat,3,19.22,57.66
INV619928,2023-01-01,CUST0130,Germany,P1006,Coffee Mug,3,8.61,25.83
INV557725,2024-12-14,CUST0144,Uk,P1004,Desk Lamp,4,21.97,87.88
INV515549,2024-11-12,CUST0025,Uk,P1005,Office Chair,4,91.08,364.32
INV339996,2024-06-10,CUST0480,India,P1014,Running Shoes,1,61.9,61.9
INV116668,2024-10-30,CUST0462,France,P1009,Backpack,5,42.88,214.4
INV342775,2024-07-05,CUST0678,Germany,P1008,Water Bottle,4,11.07,44.28
INV227419,2024-11-25,CUST0570,Brazil,P1012,Gaming Headset,4,55.34,221.36
INV837065,2024-06-28,CUST0588,France,P1002,Bluetooth Speaker,1,33.99,33.99
INV835828,2024-11-21,CUST0491,Australia,P1014,Running Shoes,5,67.14,335.7
INV987933,2024-06-24,CUST0546,Australia,P1009,Backpack,2,46.05,92.1
INV923968,2024-08-16,CUST0147,Germany,P1009,Backpack,5,46.05,230.25
INV282576,2024-12-20,CUST0331,Uk,P1004,Desk Lamp,5,21.62,108.1
INV444034,2024-01-30,CUST0202,Brazil,P1013,Sticky Notes Pack,2,4.36,8.72
INV982552,2023-01-01,CUST0245,Germany,P1004,Desk Lamp,1,22.93,22.93
INV767075,2023-01-01,CUST0378,India,P1009,Backpack,2,44.66,89.32
INV871940,2024-05-12,CUST0476,Canada,P1005,Office Chair,1,91.95,91.95
INV219322,2024-08-04,CUST0157,Australia,P1008,Water Bottle,3,11.54,34.62
INV546125,2024-12-12,CUST0382,Germany,P1011,Table Lamp,3,27.41,82.23
INV888129,2024-11-14,CUST0208,Usa,P1003,Notebook Set,4,6.99,27.96
INV933566,2023-01-01,CUST0536,France,P1010,Phone Case,2,10.41,20.82
INV512058,2024-08-30,CUST0717,Brazil,P1013,Sticky Notes Pack,2,4.45,8.9
INV363872,2024-12-28,CUST0132,Australia,P1003,Notebook Set,5,6.98,34.9
INV242925,2024-08-31,CUST0267,Germany,P1003,Notebook Set,4,6.7,26.8
INV116664,2024-12-08,CUST0655,Uk,P1008,Water Bottle,2,11.05,22.1
INV359710,2023-08-27,CUST0389,Uk,P1009,Backpack,1,43.42,43.42
INV431312,2024-12-14,CUST0153,India,P1004,Desk Lamp,5,21.52,107.6
INV200631,2024-10-04,CUST0720,Germany,P1015,Winter Jacket,5,121.94,609.7
INV398323,2024-11-18,CUST0678,Germany,P1002,Bluetooth Speaker,4,35.06,140.24
INV139053,2023-01-01,CUST0090,Canada,P1015,Winter Jacket,5,118.16,590.8
INV533844,2024-12-12,CUST0122,Germany,P1013,Sticky Notes Pack,5,4.17,20.85
INV427658,2023-09-12,CUST0502,Usa,P1001,Wireless Mouse,5,16.31,81.55
INV882711,2024-02-13,CUST0646,Usa,P1004,Desk Lamp,5,21.99,109.95
INV384022,2024-09-15,CUST0190,Canada,P1001,Wireless Mouse,5,15.66,78.3
INV844519,2023-11-19,CUST0793,France,P1005,Office Chair,5,88.99,444.95
INV643233,2024-08-12,CUST0315,Germany,P1012,Gaming Headset,3,52.4,157.2
INV804398,2024-05-13,CUST0454,Canada,P1006,Coffee Mug,2,7.93,15.86
INV454311,2024-08-25,CUST0320,Canada,P1007,Yoga Mat,3,20.92,62.76
INV990067,2023-01-01,CUST0213,Australia,P1009,Backpack,4,44.88,179.52
INV882141,2024-05-01,CUST0212,India,P1010,Phone Case,3,10.39,31.17
INV204264,2024-05-16,CUST0756,Canada,P1003,Notebook Set,4,6.42,25.68
INV748862,2024-09-02,CUST0049,France,P1004,Desk Lamp,5,22.35,111.75
INV364335,2024-12-30,CUST0630,India,P1007,Yoga Mat,4,19.61,78.44
INV288118,2024-06-30,CUST0232,Brazil,P1006,Coffee Mug,4,8.26,33.04
INV266756,2024-08-04,CUST0292,Uk,P1003,Notebook Set,5,6.7,33.5
INV308925,2024-09-07,CUST0100,Usa,P1004,Desk Lamp,4,22.26,89.04
INV826598,2024-09-27,CUST0172,Germany,P1005,Office Chair,5,86.52,432.6
INV507378,2024-11-22,CUST0574,India,P1003,Notebook Set,3,6.41,19.23
INV108172,2024-08-31,CUST0505,Uk,P1001,Wireless Mouse,2,15.57,31.14
INV460519,2024-10-30,CUST0276,India,P1001,Wireless Mouse,1,15.74,15.74
INV572382,2023-01-01,CUST0033,Germany,P1012,Gaming Headset,4,52.76,211.04
INV283848,2023-11-01,CUST0475,Canada,P1013,Sticky Notes Pack,3,4.38,13.14
INV936784,2024-08-14,CUST0203,Australia,P1015,Winter Jacket,4,124.02,496.08
INV129546,2024-01-12,CUST0143,Germany,P1011,Table Lamp,2,28.15,56.3
INV284506,2023-08-14,CUST0340,India,P1008,Water Bottle,2,11.54,23.08
INV333126,2024-12-07,CUST0682,Usa,P1006,Coffee Mug,1,8.29,8.29
INV645311,2024-11-19,CUST0692,Canada,P1003,Notebook Set,1,6.76,6.76
INV457213,2023-09-12,CUST0649,Uk,P1001,Wireless Mouse,2,16.21,32.42
INV564700,2024-06-04,CUST0096,Uk,P1010,Phone Case,5,10.29,51.45
INV729040,2024-11-14,CUST0522,Germany,P1002,Bluetooth Speaker,5,33.28,166.4
INV686983,2024-09-04,CUST0369,Uk,P1008,Water Bottle,3,11.05,33.15
INV131922,2024-06-02,CUST0274,Germany,P1012,Gaming Headset,2,55.49,110.98
INV309435,2024-07-18,CUST0669,India,P1005,Office Chair,5,92.84,464.2
INV847784,2024-12-05,CUST0546,Australia,P1009,Backpack,2,47.02,94.04
INV950331,2023-09-13,CUST0502,Usa,P1003,Notebook Set,3,6.59,19.77
INV288985,2024-08-11,CUST0033,Germany,P1007,Yoga Mat,1,19.32,19.32
INV198409,2024-12-04,CUST0688,Usa,P1004,Desk Lamp,4,22.15,88.6
INV204378,2023-08-06,CUST0704,France,P1013,Sticky Notes Pack,5,4.35,21.75
INV793433,2024-12-03,CUST0631,France,P1010,Phone Case,4,9.56,38.24
INV534945,2024-09-08,CUST0514,India,P1008,Water Bottle,3,11.11,33.33
INV699230,2024-10-24,CUST0657,Uk,P1008,Water Bottle,1,11.91,11.91
INV992357,2024-11-12,CUST0076,India,P1005,Office Chair,5,89.66,448.3
INV943723,2023-04-15,CUST0096,Uk,P1014,Running Shoes,5,66.12,330.6
INV949601,2023-05-22,CUST0688,Usa,P1003,Notebook Set,4,6.43,25.72
INV261813,2023-01-01,CUST0590,Brazil,P1013,Sticky Notes Pack,3,4.28,12.84
INV508485,2024-06-07,CUST0694,Germany,P1004,Desk Lamp,3,21.34,64.02
INV127330,2024-04-30,CUST0320,Canada,P1008,Water Bottle,4,11.54,46.16
INV509223,2023-01-01,CUST0098,Australia,P1006,Coffee Mug,3,8.36,25.08
INV100466,2023-03-22,CUST0791,Germany,P1014,Running Shoes,4,64.59,258.36
INV248934,2024-10-15,CUST0748,Germany,P1010,Phone Case,4,10.32,41.28
INV476028,2024-12-04,CUST0441,Usa,P1004,Desk Lamp,3,23.09,69.27
INV740972,2024-09-05,CUST0338,Usa,P1001,Wireless Mouse,3,16.79,50.37
INV184722,2024-02-08,CUST0008,Germany,P1014,Running Shoes,3,64.58,193.74
INV460394,2023-01-12,CUST0072,Germany,P1001,Wireless Mouse,1,15.82,15.82
INV108094,2024-11-29,CUST0139,India,P1008,Water Bottle,2,11.56,23.12
INV923904,2024-05-12,CUST0625,Australia,P1010,Phone Case,3,10.38,31.14
INV305765,2023-11-20,CUST0289,France,P1014,Running Shoes,3,66.48,199.44
INV187106,2024-12-06,CUST0631,France,P1006,Coffee Mug,5,7.89,39.45
INV278762,2024-10-19,CUST0454,Canada,P1013,Sticky Notes Pack,5,4.32,21.6
INV859346,2024-07-07,CUST0762,Canada,P1005,Office Chair,5,90.65,453.25
INV393845,2024-08-25,CUST0652,Uk,P1015,Winter Jacket,4,124.19,496.76
INV525159,2024-11-02,CUST0350,France,P1013,Sticky Notes Pack,5,4.13,20.65
INV445529,2024-08-27,CUST0301,Australia,P1003,Notebook Set,3,6.96,20.88
INV453862,2024-11-13,CUST0679,Uk,P1002,Bluetooth Speaker,2,34.39,68.78
INV797138,2023-09-16,CUST0221,France,P1002,Bluetooth Speaker,5,33.88,169.4
INV889566,2024-07-05,CUST0676,Canada,P1010,Phone Case,5,10.22,51.1
INV762623,2024-06-10,CUST0268,Australia,P1011,Table Lamp,1,27.71,27.71
INV864188,2023-05-06,CUST0625,Australia,P1001,Wireless Mouse,5,16.01,80.05
INV827784,2024-03-27,CUST0108,Germany,P1005,Office Chair,3,86.95,260.85
INV987579,2024-03-06,CUST0771,Brazil,P1006,Coffee Mug,5,8.55,42.75
INV607863,2023-03-05,CUST0271,Australia,P1014,Running Shoes,5,64.27,321.35
INV205507,2024-10-11,CUST0632,France,P1003,Notebook Set,5,6.59,32.95
INV131503,2024-10-23,CUST0172,Germany,P1015,Winter Jacket,2,114.16,228.32
INV280438,2023-04-13,CUST0265,India,P1008,Water Bottle,1,11.92,11.92
INV978476,2023-06-28,CUST0507,Brazil,P1003,Notebook Set,1,6.42,6.42
INV816676,2023-06-22,CUST0571,Canada,P1008,Water Bottle,4,11.57,46.28
INV123428,2023-01-01,CUST0260,Canada,P1010,Phone Case,5,9.68,48.4
INV494954,2024-06-30,CUST0016,France,P1003,Notebook Set,5,6.78,33.9
INV928234,2024-03-09,CUST0458,France,P1005,Office Chair,3,87.72,263.16
INV227419,2024-11-25,CUST0570,Brazil,P1008,Water Bottle,4,11.24,44.96
INV285626,2024-04-14,CUST0005,Brazil,P1012,Gaming Headset,4,52.3,209.2
INV184959,2024-05-17,CUST0298,Canada,P1014,Running Shoes,5,63.23,316.15
INV169300,2024-10-02,CUST0438,Brazil,P1003,Notebook Set,4,7.04,28.16
INV994647,2024-11-09,CUST0478,France,P1001,Wireless Mouse,4,15.71,62.84
INV283081,2024-11-20,CUST0725,Uk,P1014,Running Shoes,5,64.15,320.75
INV148843,2024-10-08,CUST0128,Germany,P1005,Office Chair,2,89.77,179.54
INV990404,2023-12-24,CUST0667,Usa,P1007,Yoga Mat,1,20.4,20.4
INV447403,2024-07-04,CUST0042,Uk,P1009,Backpack,3,46.23,138.69
INV460558,2023-12-11,CUST0544,Canada,P1008,Water Bottle,3,11.9,35.7
INV279834,2023-10-19,CUST0066,Brazil,P1006,Coffee Mug,3,8.28,24.84
INV421087,2023-11-15,CUST0541,Usa,P1009,Backpack,4,44.29,177.16
INV931255,2024-07-06,CUST0033,Germany,P1009,Backpack,2,46.07,92.14
INV894955,2023-01-01,CUST0725,Uk,P1006,Coffee Mug,4,8.46,33.84
INV354263,2024-07-18,CUST0739,Australia,P1007,Yoga Mat,4,19.85,79.4
INV270549,2023-07-24,CUST0040,Brazil,P1004,Desk Lamp,1,22.8,22.8
INV363970,2023-01-01,CUST0373,Brazil,P1005,Office Chair,3,92.26,276.78
INV396477,2024-12-10,CUST0168,Australia,P1008,Water Bottle,2,11.74,23.48
INV513291,2023-06-22,CUST0373,Brazil,P1002,Bluetooth Speaker,1,35.82,35.82
INV476739,2024-12-22,CUST0210,Usa,P1005,Office Chair,4,88.99,355.96
INV189259,2023-11-07,CUST0076,India,P1013,Sticky Notes Pack,3,4.44,13.32
INV688825,2024-12-16,CUST0406,France,P1003,Notebook Set,5,6.83,34.15
INV691647,2024-04-28,CUST0429,Germany,P1011,Table Lamp,3,28.13,84.39
INV341646,2024-11-14,CUST0572,Germany,P1013,Sticky Notes Pack,3,4.38,13.14
INV776452,2024-07-12,CUST0177,France,P1007,Yoga Mat,1,20.25,20.25
INV978077,2024-05-27,CUST0337,Germany,P1012,Gaming Headset,3,57.38,172.14
INV661110,2023-12-07,CUST0555,India,P1013,Sticky Notes Pack,4,4.06,16.24
INV580304,2024-10-30,CUST0350,France,P1015,Winter Jacket,5,116.09,580.45
INV999279,2024-02-06,CUST0035,Australia,P1015,Winter Jacket,1,122.12,122.12
INV156958,2023-12-09,CUST0729,Usa,P1009,Backpack,4,45.33,181.32
INV521165,2024-06-26,CUST0627,Australia,P1007,Yoga Mat,1,20.34,20.34
INV131081,2024-01-10,CUST0301,Australia,P1009,Backpack,5,44.43,222.15
INV588316,2024-05-29,CUST0612,Germany,P1003,Notebook Set,4,6.79,27.16
INV894855,2023-01-01,CUST0331,Uk,P1006,Coffee Mug,3,8.09,24.27
INV554053,2024-01-28,CUST0766,Brazil,P1009,Backpack,3,44.73,134.19
INV834663,2024-05-02,CUST0701,Australia,P1010,Phone Case,3,10.3,30.9
INV758830,2024-05-02,CUST0414,Australia,P1005,Office Chair,3,89.31,267.93
INV945029,2024-11-03,CUST0679,Uk,P1015,Winter Jacket,1,124.85,124.85
INV716732,2024-03-03,CUST0142,Germany,P1012,Gaming Headset,3,55.73,167.19
INV868306,2023-01-01,CUST0207,Usa,P1009,Backpack,3,46.75,140.25
INV850528,2024-12-20,CUST0489,Brazil,P1002,Bluetooth Speaker,2,35.22,70.44
INV709288,2024-12-05,CUST0590,Brazil,P1012,Gaming Headset,4,52.54,210.16
INV843237,2024-04-17,CUST0274,Germany,P1012,Gaming Headset,4,57.74,230.96
INV343702,2024-08-04,CUST0392,Germany,P1001,Wireless Mouse,4,16.2,64.8
INV817634,2023-01-01,CUST0103,India,P1013,Sticky Notes Pack,5,4.41,22.05
INV988397,2023-03-20,CUST0033,Germany,P1008,Water Bottle,2,11.57,23.14
INV614745,2023-01-01,CUST0228,France,P1008,Water Bottle,5,11.86,59.3
INV263067,2024-02-06,CUST0786,Uk,P1015,Winter Jacket,5,118.66,593.3
INV134382,2023-05-26,CUST0723,Australia,P1006,Coffee Mug,4,8.04,32.16
INV775755,2023-10-19,CUST0440,Brazil,P1013,Sticky Notes Pack,3,4.24,12.72
INV880945,2024-07-25,CUST0670,Brazil,P1013,Sticky Notes Pack,3,4.38,13.14
INV552116,2024-09-22,CUST0631,France,P1003,Notebook Set,5,7.07,35.35
INV492789,2024-01-06,CUST0217,Australia,P1006,Coffee Mug,2,8.28,16.56
INV803184,2023-01-01,CUST0546,Australia,P1005,Office Chair,2,86.99,173.98
INV686152,2024-10-20,CUST0755,Uk,P1013,Sticky Notes Pack,2,4.15,8.3
INV187454,2023-10-21,CUST0405,Germany,P1006,Coffee Mug,2,8.22,16.44
INV261271,2023-01-01,CUST0622,France,P1006,Coffee Mug,5,8.59,42.95
INV321137,2024-09-22,CUST0130,Germany,P1008,Water Bottle,4,11.71,46.84
INV441663,2023-10-27,CUST0216,France,P1013,Sticky Notes Pack,4,4.29,17.16
INV349611,2024-08-12,CUST0524,France,P1002,Bluetooth Speaker,3,32.85,98.55
INV596650,2024-09-05,CUST0343,Usa,P1002,Bluetooth Speaker,3,33.19,99.57
INV640011,2024-10-23,CUST0045,Uk,P1008,Water Bottle,3,11.01,33.03
INV802499,2024-08-13,CUST0127,India,P1012,Gaming Headset,5,57.05,285.25
INV215815,2023-01-01,CUST0389,Uk,P1015,Winter Jacket,3,120.06,360.18
INV472124,2023-12-16,CUST0213,Australia,P1008,Water Bottle,3,11.79,35.37
INV936833,2024-06-29,CUST0688,Usa,P1004,Desk Lamp,4,23.06,92.24
INV714169,2024-12-07,CUST0096,Uk,P1005,Office Chair,2,88.29,176.58
INV659977,2024-11-17,CUST0373,Brazil,P1011,Table Lamp,3,26.33,78.99
INV329015,2024-04-05,CUST0094,France,P1002,Bluetooth Speaker,1,35.3,35.3
INV312204,2024-05-29,CUST0587,Canada,P1001,Wireless Mouse,1,15.27,15.27
INV945129,2024-11-21,CUST0648,Usa,P1001,Wireless Mouse,5,16.02,80.1
INV141506,2024-12-15,CUST0004,India,P1011,Table Lamp,1,28.59,28.59
INV139468,2024-08-21,CUST0104,India,P1009,Backpack,3,43.98,131.94
INV417331,2023-01-01,CUST0001,Germany,P1008,Water Bottle,3,11.57,34.71
INV177773,2024-11-15,CUST0489,Brazil,P1002,Bluetooth Speaker,1,35.97,35.97
INV458173,2023-11-19,CUST0603,Canada,P1005,Office Chair,5,90.27,451.35
INV788485,2024-06-16,CUST0277,Uk,P1007,Yoga Mat,5,19.75,98.75
INV927559,2024-07-19,CUST0188,France,P1005,Office Chair,2,90.74,181.48
INV467567,2024-10-31,CUST0478,France,P1004,Desk Lamp,1,21.85,21.85
INV280465,2024-02-07,CUST0191,France,P1004,Desk Lamp,5,22.55,112.75
INV953846,2024-12-19,CUST0584,Uk,P1011,Table Lamp,3,27.98,83.94
INV522833,2024-10-05,CUST0350,France,P1002,Bluetooth Speaker,3,32.87,98.61
INV335773,2024-11-14,CUST0457,Uk,P1002,Bluetooth Speaker,3,32.85,98.55
INV349485,2024-06-12,CUST0301,Australia,P1005,Office Chair,4,92.52,370.08
INV784340,2023-01-01,CUST0557,India,P1005,Office Chair,4,92.36,369.44
INV163402,2024-09-18,CUST0066,Brazil,P1011,Table Lamp,2,27.71,55.42
INV163402,2024-09-18,CUST0066,Brazil,P1009,Backpack,3,46.99,140.97
INV882584,2024-12-13,CUST0632,France,P1011,Table Lamp,1,26.82,26.82
INV299912,2024-05-31,CUST0586,France,P1015,Winter Jacket,3,125.8,377.4
INV147230,2024-12-04,CUST0060,India,P1002,Bluetooth Speaker,4,36.19,144.76
INV760673,2024-04-29,CUST0387,Brazil,P1008,Water Bottle,4,10.99,43.96
INV919165,2024-08-12,CUST0396,Usa,P1005,Office Chair,3,92.97,278.91
INV900876,2024-02-18,CUST0793,France,P1011,Table Lamp,3,27.25,81.75
INV874089,2024-10-09,CUST0434,Usa,P1014,Running Shoes,4,61.81,247.24
INV468612,2024-11-22,CUST0137,France,P1009,Backpack,4,42.86,171.44
INV508485,2024-06-07,CUST0694,Germany,P1015,Winter Jacket,4,122.58,490.32
INV316722,2023-08-03,CUST0414,Australia,P1013,Sticky Notes Pack,5,4.31,21.55
INV172297,2024-12-09,CUST0655,Uk,P1002,Bluetooth Speaker,5,34.37,171.85
INV376858,2024-12-11,CUST0153,India,P1010,Phone Case,5,10.07,50.35
INV680433,2024-09-12,CUST0098,Australia,P1015,Winter Jacket,3,117.82,353.46
INV431276,2024-03-06,CUST0632,France,P1008,Water Bottle,3,11.92,35.76
INV513969,2024-08-15,CUST0250,Uk,P1015,Winter Jacket,5,114.75,573.75
INV604795,2024-09-12,CUST0246,Uk,P1013,Sticky Notes Pack,1,4.1,4.1
INV408906,2024-10-24,CUST0621,Usa,P1010,Phone Case,5,9.69,48.45
INV133758,2024-12-01,CUST0493,Canada,P1001,Wireless Mouse,5,16.61,83.05
INV255076,2024-08-08,CUST0780,India,P1001,Wireless Mouse,3,16.34,49.02
INV910620,2023-11-01,CUST0594,Germany,P1007,Yoga Mat,3,19.55,58.65
INV881038,2023-09-13,CUST0751,Canada,P1011,Table Lamp,4,28.73,114.92
INV159065,2024-03-04,CUST0135,India,P1006,Coffee Mug,2,8.55,17.1
INV245702,2024-10-29,CUST0013,Australia,P1015,Winter Jacket,4,124.26,497.04
INV726539,2024-10-21,CUST0358,Germany,P1004,Desk Lamp,4,21.6,86.4
INV945723,2024-06-26,CUST0475,Canada,P1009,Backpack,2,43.02,86.04
INV440628,2024-11-18,CUST0489,Brazil,P1005,Office Chair,3,90.82,272.46
INV885035,2024-02-29,CUST0414,Australia,P1001,Wireless Mouse,5,16.24,81.2
INV864565,2024-03-12,CUST0098,Australia,P1013,Sticky Notes Pack,5,4.3,21.5
INV883959,2024-10-09,CUST0167,Usa,P1003,Notebook Set,1,6.76,6.76
INV899449,2023-10-28,CUST0006,France,P1015,Winter Jacket,5,116.24,581.2
INV283848,2023-11-01,CUST0475,Canada,P1011,Table Lamp,3,28.61,85.83
INV473240,2024-09-12,CUST0402,Canada,P1008,Water Bottle,2,12.03,24.06
INV539172,2024-06-02,CUST0013,Australia,P1011,Table Lamp,5,27.8,139.0
INV719696,2024-06-14,CUST0729,Usa,P1005,Office Chair,1,94.05,94.05
INV928479,2024-09-16,CUST0755,Uk,P1013,Sticky Notes Pack,1,4.07,4.07
INV842813,2024-05-01,CUST0054,Canada,P1008,Water Bottle,4,11.14,44.56
INV496547,2023-01-01,CUST0652,Uk,P1015,Winter Jacket,4,123.14,492.56
INV822274,2024-08-14,CUST0249,Brazil,P1010,Phone Case,1,9.68,9.68
INV932938,2024-10-14,CUST0664,Uk,P1009,Backpack,5,46.85,234.25
INV844472,2024-07-22,CUST0139,India,P1013,Sticky Notes Pack,4,4.13,16.52
INV510101,2024-08-17,CUST0345,France,P1001,Wireless Mouse,3,15.67,47.01
INV610259,2024-08-10,CUST0329,Uk,P1012,Gaming Headset,1,54.84,54.84
INV756280,2024-10-21,CUST0002,Australia,P1008,Water Bottle,3,11.89,35.67
INV133316,2024-07-28,CUST0282,Canada,P1012,Gaming Headset,5,53.36,266.8
INV659977,2024-11-17,CUST0373,Brazil,P1001,Wireless Mouse,4,16.58,66.32
INV587983,2024-07-17,CUST0327,Usa,P1014,Running Shoes,2,64.24,128.48
INV767945,2024-08-14,CUST0147,Germany,P1015,Winter Jacket,1,125.44,125.44
INV919862,2024-03-10,CUST0427,Germany,P1014,Running Shoes,3,67.22,201.66
INV359526,2024-11-08,CUST0204,Australia,P1001,Wireless Mouse,3,15.34,46.02
INV868936,2024-08-21,CUST0692,Canada,P1010,Phone Case,2,9.64,19.28
INV685650,2024-12-02,CUST0314,France,P1009,Backpack,4,44.77,179.08
INV206672,2024-11-06,CUST0636,Australia,P1014,Running Shoes,5,67.83,339.15
INV252122,2024-03-18,CUST0630,India,P1002,Bluetooth Speaker,5,34.91,174.55
INV868385,2024-11-13,CUST0651,Brazil,P1015,Winter Jacket,1,117.0,117.0
INV267908,2024-04-01,CUST0440,Brazil,P1004,Desk Lamp,1,22.67,22.67
INV406238,2024-07-14,CUST0017,France,P1009,Backpack,5,45.6,228.0
INV809124,2024-06-15,CUST0628,Usa,P1005,Office Chair,5,92.76,463.8
INV777002,2024-01-26,CUST0143,Germany,P1002,Bluetooth Speaker,2,33.36,66.72
INV223871,2024-05-21,CUST0798,Germany,P1005,Office Chair,5,86.41,432.05
INV972594,2024-12-24,CUST0342,Germany,P1015,Winter Jacket,3,120.9,362.7
INV416573,2024-12-04,CUST0382,Germany,P1001,Wireless Mouse,2,15.98,31.96
INV295598,2024-09-05,CUST0757,Usa,P1003,Notebook Set,4,6.99,27.96
INV241104,2024-11-04,CUST0329,Uk,P1001,Wireless Mouse,2,16.37,32.74
INV977029,2024-06-07,CUST0233,Brazil,P1014,Running Shoes,5,67.41,337.05
INV118371,2024-09-01,CUST0701,Australia,P1010,Phone Case,1,9.67,9.67
INV465366,2024-04-03,CUST0587,Canada,P1014,Running Shoes,3,67.01,201.03
INV322166,2024-07-10,CUST0712,France,P1007,Yoga Mat,4,20.73,82.92
INV832482,2023-01-01,CUST0057,Canada,P1012,Gaming Headset,3,53.44,160.32
INV506145,2024-11-25,CUST0510,Usa,P1007,Yoga Mat,5,20.14,100.7
INV309981,2024-05-04,CUST0760,France,P1010,Phone Case,4,10.44,41.76
INV714967,2024-08-28,CUST0496,Australia,P1004,Desk Lamp,3,22.74,68.22
INV968124,2024-08-19,CUST0473,France,P1010,Phone Case,5,10.13,50.65
INV732893,2024-06-04,CUST0406,France,P1005,Office Chair,3,93.14,279.42
INV200503,2024-05-24,CUST0027,Usa,P1006,Coffee Mug,5,8.12,40.6
INV401071,2024-06-06,CUST0472,Brazil,P1007,Yoga Mat,4,19.08,76.32
INV336536,2024-10-30,CUST0546,Australia,P1007,Yoga Mat,4,19.2,76.8
INV473280,2024-05-05,CUST0229,Brazil,P1004,Desk Lamp,2,22.87,45.74
INV691666,2023-12-05,CUST0733,Usa,P1009,Backpack,5,44.38,221.9
INV652500,2024-12-19,CUST0533,Usa,P1004,Desk Lamp,2,22.96,45.92
INV811819,2023-12-12,CUST0219,Canada,P1010,Phone Case,1,9.73,9.73
INV507946,2024-08-07,CUST0505,Uk,P1003,Notebook Set,3,7.03,21.09
INV119673,2024-07-09,CUST0378,India,P1011,Table Lamp,3,28.28,84.84
INV227642,2024-08-06,CUST0406,France,P1005,Office Chair,2,91.23,182.46
INV676339,2024-01-11,CUST0577,Uk,P1009,Backpack,3,42.79,128.37
INV435242,2023-08-26,CUST0667,Usa,P1012,Gaming Headset,5,54.47,272.35
INV564076,2024-08-27,CUST0434,Usa,P1008,Water Bottle,4,11.94,47.76
INV929771,2024-10-31,CUST0078,Uk,P1012,Gaming Headset,4,53.34,213.36
INV337572,2024-06-08,CUST0170,Uk,P1006,Coffee Mug,2,8.12,16.24
INV775063,2024-10-09,CUST0095,Germany,P1015,Winter Jacket,3,119.67,359.01
INV616293,2024-08-23,CUST0661,India,P1005,Office Chair,2,91.27,182.54
INV709139,2024-05-24,CUST0346,Canada,P1015,Winter Jacket,3,121.86,365.58
INV648866,2024-06-26,CUST0155,India,P1007,Yoga Mat,3,20.12,60.36
INV930195,2023-12-02,CUST0529,Uk,P1011,Table Lamp,5,27.46,137.3
INV891998,2024-12-08,CUST0587,Canada,P1006,Coffee Mug,5,8.3,41.5
INV497502,2024-11-18,CUST0571,Canada,P1001,Wireless Mouse,3,15.75,47.25
INV602085,2024-08-15,CUST0090,Canada,P1005,Office Chair,2,88.97,177.94
INV119974,2024-10-27,CUST0238,Germany,P1004,Desk Lamp,4,21.54,86.16
INV782766,2024-09-15,CUST0276,India,P1002,Bluetooth Speaker,3,33.13,99.39
INV534858,2024-11-14,CUST0057,Canada,P1013,Sticky Notes Pack,3,4.31,12.93
INV936833,2024-06-29,CUST0688,Usa,P1011,Table Lamp,3,26.38,79.14
INV375035,2023-01-01,CUST0757,Usa,P1003,Notebook Set,5,6.83,34.15
INV584682,2024-08-07,CUST0210,Usa,P1010,Phone Case,2,10.13,20.26
INV930672,2024-08-13,CUST0422,France,P1012,Gaming Headset,5,57.57,287.85
INV187311,2023-04-23,CUST0440,Brazil,P1015,Winter Jacket,5,117.59,587.95
INV826052,2024-09-27,CUST0461,India,P1004,Desk Lamp,1,22.63,22.63
INV185069,2024-12-08,CUST0187,India,P1011,Table Lamp,3,26.9,80.7
INV875414,2023-12-15,CUST0638,Brazil,P1013,Sticky Notes Pack,3,4.35,13.05
INV596650,2024-09-05,CUST0343,Usa,P1005,Office Chair,4,91.36,365.44
INV468484,2024-09-20,CUST0611,India,P1009,Backpack,3,44.59,133.77
INV288913,2024-09-17,CUST0545,Canada,P1009,Backpack,2,43.57,87.14
INV617571,2024-03-04,CUST0099,Brazil,P1003,Notebook Set,2,7.04,14.08
INV334649,2024-03-06,CUST0630,India,P1007,Yoga Mat,3,19.25,57.75
INV450915,2024-12-06,CUST0738,Canada,P1006,Coffee Mug,3,8.41,25.23
INV620330,2024-11-03,CUST0761,Brazil,P1011,Table Lamp,1,26.7,26.7
INV928677,2024-06-09,CUST0005,Brazil,P1006,Coffee Mug,2,8.32,16.64
INV142654,2024-06-16,CUST0762,Canada,P1010,Phone Case,1,10.11,10.11
INV174464,2024-07-17,CUST0753,Canada,P1002,Bluetooth Speaker,2,35.87,71.74
INV975817,2024-10-04,CUST0153,India,P1010,Phone Case,2,9.9,19.8
INV298351,2023-07-30,CUST0670,Brazil,P1015,Winter Jacket,5,114.48,572.4
INV279372,2023-12-23,CUST0664,Uk,P1009,Backpack,5,45.04,225.2
INV528587,2024-09-08,CUST0214,Australia,P1002,Bluetooth Speaker,4,33.08,132.32
INV285436,2024-05-23,CUST0731,India,P1001,Wireless Mouse,4,16.51,66.04
INV552568,2024-07-03,CUST0678,Germany,P1001,Wireless Mouse,4,15.2,60.8
INV996154,2023-09-26,CUST0432,Australia,P1007,Yoga Mat,5,19.4,97.0
INV946244,2024-12-10,CUST0005,Brazil,P1006,Coffee Mug,4,8.26,33.04
INV790111,2024-03-11,CUST0264,France,P1002,Bluetooth Speaker,3,35.93,107.79
INV321137,2024-09-22,CUST0130,Germany,P1011,Table Lamp,3,27.08,81.24
INV206835,2023-05-20,CUST0331,Uk,P1010,Phone Case,1,9.63,9.63
INV116668,2024-10-30,CUST0462,France,P1002,Bluetooth Speaker,1,34.37,34.37
INV224183,2024-03-28,CUST0378,India,P1004,Desk Lamp,2,21.09,42.18
INV990941,2024-10-08,CUST0573,Germany,P1005,Office Chair,3,90.63,271.89
INV461534,2023-01-01,CUST0688,Usa,P1005,Office Chair,1,92.42,92.42
INV645441,2024-10-15,CUST0513,Canada,P1009,Backpack,5,45.97,229.85
INV933553,2024-08-11,CUST0411,France,P1001,Wireless Mouse,3,16.43,49.29
INV724928,2024-12-19,CUST0589,Usa,P1011,Table Lamp,3,26.2,78.6
INV340965,2024-08-22,CUST0231,France,P1001,Wireless Mouse,1,16.34,16.34
INV460394,2023-01-12,CUST0072,Germany,P1015,Winter Jacket,5,116.04,580.2
INV419997,2024-06-24,CUST0015,Germany,P1011,Table Lamp,5,28.03,140.15
INV173904,2023-09-13,CUST0057,Canada,P1002,Bluetooth Speaker,4,35.74,142.96
INV231729,2024-12-21,CUST0791,Germany,P1003,Notebook Set,3,6.73,20.19
INV703050,2024-11-13,CUST0473,France,P1014,Running Shoes,4,67.52,270.08
INV437351,2024-10-21,CUST0670,Brazil,P1009,Backpack,3,44.12,132.36
INV784365,2024-11-29,CUST0329,Uk,P1013,Sticky Notes Pack,4,4.27,17.08
INV426881,2024-05-15,CUST0756,Canada,P1015,Winter Jacket,1,123.08,123.08
INV508499,2024-11-16,CUST0210,Usa,P1012,Gaming Headset,1,54.67,54.67
INV607320,2023-12-21,CUST0641,Australia,P1014,Running Shoes,5,63.01,315.05
INV684481,2023-10-06,CUST0751,Canada,P1015,Winter Jacket,3,119.29,357.87
INV205904,2023-12-11,CUST0215,Brazil,P1007,Yoga Mat,4,20.84,83.36
INV702636,2024-08-18,CUST0320,Canada,P1003,Notebook Set,5,6.55,32.75
INV596202,2024-11-14,CUST0238,Germany,P1015,Winter Jacket,2,117.69,235.38
INV142913,2024-10-15,CUST0441,Usa,P1008,Water Bottle,2,11.35,22.7
INV416618,2024-03-24,CUST0207,Usa,P1009,Backpack,3,44.52,133.56
INV909218,2024-09-29,CUST0738,Canada,P1004,Desk Lamp,2,21.01,42.02
INV525808,2023-01-01,CUST0288,Brazil,P1008,Water Bottle,4,11.86,47.44
INV436448,2024-05-02,CUST0781,Brazil,P1002,Bluetooth Speaker,4,35.32,141.28
INV351444,2024-09-24,CUST0313,Australia,P1004,Desk Lamp,4,21.45,85.8
INV841256,2023-06-05,CUST0404,Uk,P1007,Yoga Mat,2,20.32,40.64
INV759223,2024-09-28,CUST0219,Canada,P1001,Wireless Mouse,4,15.21,60.84
INV572152,2024-11-15,CUST0319,Brazil,P1007,Yoga Mat,3,20.33,60.99
INV500103,2024-07-08,CUST0130,Germany,P1001,Wireless Mouse,3,16.17,48.51
INV857772,2024-09-15,CUST0703,Canada,P1008,Water Bottle,3,11.81,35.43
INV936784,2024-08-14,CUST0203,Australia,P1011,Table Lamp,4,26.84,107.36
INV944802,2024-10-10,CUST0115,Usa,P1003,Notebook Set,5,6.5,32.5
INV366541,2024-05-16,CUST0752,India,P1008,Water Bottle,5,11.09,55.45
INV502899,2023-09-21,CUST0190,Canada,P1001,Wireless Mouse,5,16.59,82.95
INV801386,2024-12-01,CUST0713,India,P1011,Table Lamp,4,27.62,110.48
INV336082,2024-06-24,CUST0606,Brazil,P1004,Desk Lamp,1,22.01,22.01
INV736424,2024-07-18,CUST0661,India,P1005,Office Chair,1,92.03,92.03
INV797163,2024-06-13,CUST0757,Usa,P1002,Bluetooth Speaker,2,34.07,68.14
INV772389,2024-08-21,CUST0505,Uk,P1013,Sticky Notes Pack,5,4.24,21.2
INV955573,2023-04-12,CUST0322,India,P1005,Office Chair,1,85.73,85.73
INV379706,2023-11-06,CUST0619,India,P1009,Backpack,2,45.89,91.78
INV661607,2024-01-22,CUST0098,Australia,P1009,Backpack,4,43.69,174.76
INV974787,2023-05-27,CUST0730,Usa,P1011,Table Lamp,5,26.14,130.7
INV238397,2024-08-02,CUST0102,Usa,P1007,Yoga Mat,2,19.26,38.52
INV465542,2024-08-06,CUST0742,India,P1005,Office Chair,2,91.52,183.04
INV657107,2024-11-16,CUST0688,Usa,P1005,Office Chair,4,87.87,351.48
INV822487,2023-11-08,CUST0724,Brazil,P1006,Coffee Mug,5,8.41,42.05
INV287273,2024-10-13,CUST0773,France,P1004,Desk Lamp,3,22.33,66.99
INV443979,2024-09-03,CUST0673,Canada,P1003,Notebook Set,1,6.67,6.67
INV546125,2024-12-12,CUST0382,Germany,P1009,Backpack,4,44.52,178.08
INV233567,2024-05-24,CUST0539,France,P1006,Coffee Mug,3,7.98,23.94
INV743044,2024-07-08,CUST0016,France,P1014,Running Shoes,1,63.72,63.72
INV899775,2023-10-01,CUST0518,Germany,P1015,Winter Jacket,1,123.29,123.29
INV459059,2023-01-01,CUST0004,India,P1015,Winter Jacket,1,121.5,121.5
INV729447,2024-12-06,CUST0234,Australia,P1012,Gaming Headset,1,54.26,54.26
INV396046,2023-09-04,CUST0330,Germany,P1006,Coffee Mug,3,8.5,25.5
INV624970,2024-12-22,CUST0041,France,P1010,Phone Case,3,9.85,29.55
INV453848,2023-01-01,CUST0404,Uk,P1009,Backpack,1,46.34,46.34
INV509430,2023-09-27,CUST0532,France,P1002,Bluetooth Speaker,2,33.49,66.98
INV682858,2024-04-08,CUST0166,Usa,P1002,Bluetooth Speaker,5,33.88,169.4
INV680896,2024-10-27,CUST0651,Brazil,P1015,Winter Jacket,2,118.98,237.96
INV740972,2024-09-05,CUST0338,Usa,P1015,Winter Jacket,4,124.72,498.88
INV184126,2024-09-06,CUST0099,Brazil,P1012,Gaming Headset,2,55.48,110.96
INV479078,2024-06-11,CUST0434,Usa,P1010,Phone Case,1,10.3,10.3
INV653004,2024-11-06,CUST0491,Australia,P1012,Gaming Headset,3,55.72,167.16
INV808031,2024-05-18,CUST0625,Australia,P1007,Yoga Mat,4,19.38,77.52
INV310841,2024-10-29,CUST0430,Australia,P1012,Gaming Headset,3,55.55,166.65
INV564033,2024-04-26,CUST0207,Usa,P1005,Office Chair,1,89.57,89.57
INV805587,2024-07-07,CUST0476,Canada,P1013,Sticky Notes Pack,4,4.2,16.8
INV938156,2024-08-06,CUST0798,Germany,P1002,Bluetooth Speaker,5,33.33,166.65
INV467378,2023-10-07,CUST0276,India,P1006,Coffee Mug,2,7.88,15.76
INV969208,2024-08-16,CUST0265,India,P1002,Bluetooth Speaker,1,34.22,34.22
INV346449,2024-08-03,CUST0199,Brazil,P1014,Running Shoes,5,64.71,323.55
INV396773,2024-08-05,CUST0633,Uk,P1010,Phone Case,3,10.25,30.75
INV735053,2024-10-23,CUST0563,India,P1012,Gaming Headset,3,54.86,164.58
INV535770,2024-04-27,CUST0114,Brazil,P1007,Yoga Mat,3,20.1,60.3
INV925275,2024-12-16,CUST0072,Germany,P1015,Winter Jacket,2,116.26,232.52
INV333250,2024-10-05,CUST0412,India,P1003,Notebook Set,1,6.95,6.95
INV624970,2024-12-22,CUST0041,France,P1010,Phone Case,1,9.65,9.65
INV723003,2024-10-23,CUST0381,Germany,P1004,Desk Lamp,2,21.65,43.3
INV649697,2024-12-16,CUST0790,France,P1002,Bluetooth Speaker,1,33.13,33.13
INV774505,2024-12-25,CUST0679,Uk,P1001,Wireless Mouse,5,15.32,76.6
INV170337,2024-08-13,CUST0298,Canada,P1002,Bluetooth Speaker,4,34.02,136.08
INV586953,2024-08-16,CUST0099,Brazil,P1004,Desk Lamp,3,22.69,68.07
INV399177,2024-09-22,CUST0061,Usa,P1001,Wireless Mouse,4,16.71,66.84
INV363149,2024-09-08,CUST0096,Uk,P1007,Yoga Mat,5,20.85,104.25
INV219528,2024-11-19,CUST0410,France,P1010,Phone Case,5,9.97,49.85
INV647701,2024-10-05,CUST0264,France,P1009,Backpack,1,44.4,44.4
INV436966,2024-12-14,CUST0665,India,P1014,Running Shoes,2,64.0,128.0
INV266670,2024-11-10,CUST0329,Uk,P1013,Sticky Notes Pack,1,4.21,4.21
INV862987,2023-12-27,CUST0191,France,P1003,Notebook Set,1,6.85,6.85
INV997535,2024-07-05,CUST0763,Brazil,P1008,Water Bottle,3,11.38,34.14
INV781792,2024-12-08,CUST0670,Brazil,P1010,Phone Case,3,9.98,29.94
INV417718,2024-12-03,CUST0400,Uk,P1015,Winter Jacket,5,119.91,599.55
INV908302,2023-08-25,CUST0346,Canada,P1011,Table Lamp,2,26.85,53.7
INV926151,2023-12-21,CUST0302,Usa,P1002,Bluetooth Speaker,2,34.55,69.1
INV187311,2023-04-23,CUST0440,Brazil,P1005,Office Chair,3,90.25,270.75
INV734424,2024-12-29,CUST0244,Uk,P1010,Phone Case,4,10.27,41.08
INV861734,2024-04-08,CUST0331,Uk,P1014,Running Shoes,2,64.48,128.96
INV207186,2023-01-01,CUST0692,Canada,P1008,Water Bottle,1,11.97,11.97
INV127190,2023-01-01,CUST0190,Canada,P1009,Backpack,3,46.36,139.08
INV797292,2024-12-09,CUST0710,India,P1011,Table Lamp,2,27.09,54.18
INV755196,2024-12-13,CUST0170,Uk,P1006,Coffee Mug,3,8.28,24.84
INV889849,2023-01-01,CUST0648,Usa,P1007,Yoga Mat,3,19.96,59.88
INV565117,2024-12-08,CUST0267,Germany,P1004,Desk Lamp,4,22.8,91.2
INV603200,2024-11-16,CUST0204,Australia,P1009,Backpack,1,46.31,46.31
INV436386,2024-06-16,CUST0512,Canada,P1011,Table Lamp,3,28.81,86.43
INV456928,2024-10-10,CUST0115,Usa,P1010,Phone Case,5,10.24,51.2
INV814819,2024-05-31,CUST0278,France,P1004,Desk Lamp,1,21.21,21.21
INV398323,2024-11-18,CUST0678,Germany,P1007,Yoga Mat,4,20.34,81.36
INV304531,2024-02-17,CUST0082,Australia,P1004,Desk Lamp,5,21.7,108.5
INV862454,2024-07-28,CUST0152,Uk,P1007,Yoga Mat,2,20.38,40.76
INV849385,2023-12-31,CUST0228,France,P1006,Coffee Mug,1,8.06,8.06
INV883309,2024-11-06,CUST0563,India,P1011,Table Lamp,1,27.8,27.8
INV399177,2024-09-22,CUST0061,Usa,P1012,Gaming Headset,1,53.75,53.75
INV862691,2024-11-03,CUST0004,India,P1007,Yoga Mat,5,20.59,102.95
INV165583,2023-01-22,CUST0032,Brazil,P1005,Office Chair,2,93.16,186.32
INV785954,2023-01-01,CUST0599,Usa,P1004,Desk Lamp,4,22.24,88.96
INV564842,2024-10-07,CUST0665,India,P1009,Backpack,3,43.11,129.33
INV517821,2024-10-24,CUST0276,India,P1006,Coffee Mug,1,8.59,8.59
INV783176,2024-04-19,CUST0771,Brazil,P1013,Sticky Notes Pack,4,4.35,17.4
INV171203,2024-03-05,CUST0348,Australia,P1012,Gaming Headset,4,55.75,223.0
INV109131,2023-12-13,CUST0541,Usa,P1003,Notebook Set,1,6.68,6.68
INV673605,2024-08-05,CUST0252,Australia,P1005,Office Chair,2,94.17,188.34
INV161751,2024-04-04,CUST0193,Uk,P1012,Gaming Headset,2,55.68,111.36
INV836517,2024-10-05,CUST0462,France,P1002,Bluetooth Speaker,5,34.76,173.8
INV912931,2024-12-24,CUST0288,Brazil,P1013,Sticky Notes Pack,5,4.44,22.2
INV508903,2024-08-08,CUST0062,Uk,P1013,Sticky Notes Pack,5,4.36,21.8
INV316444,2023-12-12,CUST0398,Usa,P1001,Wireless Mouse,4,16.02,64.08
INV197635,2023-11-01,CUST0006,France,P1010,Phone Case,2,10.26,20.52
INV982173,2024-02-23,CUST0139,India,P1010,Phone Case,1,9.85,9.85
INV309886,2023-01-01,CUST0153,India,P1011,Table Lamp,2,26.67,53.34
INV754460,2024-05-29,CUST0098,Australia,P1008,Water Bottle,3,11.02,33.06
INV867783,2023-01-01,CUST0400,Uk,P1005,Office Chair,5,88.43,442.15
INV442628,2023-11-01,CUST0540,Australia,P1010,Phone Case,5,9.92,49.6
INV889091,2024-07-25,CUST0667,Usa,P1010,Phone Case,1,9.52,9.52
INV547117,2024-11-12,CUST0248,Australia,P1013,Sticky Notes Pack,2,4.09,8.18
INV154354,2023-01-01,CUST0103,India,P1002,Bluetooth Speaker,2,32.9,65.8
INV349836,2024-08-26,CUST0446,Canada,P1001,Wireless Mouse,2,16.6,33.2
INV161431,2023-05-22,CUST0458,France,P1015,Winter Jacket,5,120.47,602.35
INV520644,2024-05-21,CUST0776,Germany,P1001,Wireless Mouse,1,16.44,16.44
INV264063,2024-01-16,CUST0232,Brazil,P1001,Wireless Mouse,2,15.79,31.58
INV915020,2023-10-30,CUST0444,Germany,P1014,Running Shoes,1,61.78,61.78
INV419548,2024-08-26,CUST0274,Germany,P1005,Office Chair,3,93.65,280.95
INV998779,2024-10-25,CUST0190,Canada,P1005,Office Chair,3,93.45,280.35
INV700803,2024-08-07,CUST0655,Uk,P1003,Notebook Set,3,6.77,20.31
INV329376,2024-06-28,CUST0217,Australia,P1008,Water Bottle,1,11.89,11.89
INV649182,2024-11-17,CUST0245,Germany,P1005,Office Chair,2,93.08,186.16
INV682858,2024-04-08,CUST0166,Usa,P1014,Running Shoes,1,64.93,64.93
INV434665,2024-07-23,CUST0157,Australia,P1011,Table Lamp,5,28.65,143.25
INV771335,2024-09-26,CUST0542,Australia,P1010,Phone Case,3,9.77,29.31
INV905021,2024-04-01,CUST0682,Usa,P1014,Running Shoes,2,65.72,131.44
INV537662,2023-09-11,CUST0287,Brazil,P1003,Notebook Set,3,6.68,20.04
INV806211,2023-12-05,CUST0608,Canada,P1003,Notebook Set,3,6.51,19.53
INV344907,2024-11-26,CUST0453,Uk,P1014,Running Shoes,3,67.75,203.25
INV477578,2024-06-21,CUST0289,France,P1013,Sticky Notes Pack,2,4.3,8.6
INV293982,2024-07-28,CUST0042,Uk,P1012,Gaming Headset,4,53.86,215.44
INV271550,2023-08-14,CUST0527,Uk,P1007,Yoga Mat,2,20.12,40.24
INV848429,2024-12-17,CUST0699,Germany,P1010,Phone Case,1,10.14,10.14
INV399808,2024-12-14,CUST0489,Brazil,P1012,Gaming Headset,2,57.18,114.36
INV811732,2024-12-05,CUST0148,Usa,P1002,Bluetooth Speaker,1,33.95,33.95
INV983961,2024-08-08,CUST0196,Uk,P1012,Gaming Headset,5,57.38,286.9
INV845355,2023-09-20,CUST0579,Brazil,P1003,Notebook Set,4,6.46,25.84
INV185188,2024-08-30,CUST0098,Australia,P1011,Table Lamp,1,26.25,26.25
INV866465,2024-11-21,CUST0666,Canada,P1007,Yoga Mat,5,19.83,99.15
INV320014,2023-07-19,CUST0350,France,P1007,Yoga Mat,2,19.46,38.92
INV226852,2024-12-20,CUST0652,Uk,P1007,Yoga Mat,5,20.36,101.8
INV202442,2024-08-24,CUST0768,France,P1003,Notebook Set,1,6.93,6.93
INV959553,2024-03-22,CUST0612,Germany,P1005,Office Chair,4,86.94,347.76
INV570404,2024-09-04,CUST0570,Brazil,P1009,Backpack,3,44.58,133.74
INV665037,2023-01-01,CUST0176,Usa,P1005,Office Chair,1,89.45,89.45
INV611215,2024-12-02,CUST0521,Usa,P1007,Yoga Mat,1,20.95,20.95
INV994198,2024-10-19,CUST0382,Germany,P1002,Bluetooth Speaker,2,34.97,69.94
INV139996,2024-09-05,CUST0498,Brazil,P1008,Water Bottle,5,11.9,59.5
INV993049,2024-07-27,CUST0348,Australia,P1009,Backpack,5,42.93,214.65
INV171370,2024-10-02,CUST0486,Usa,P1007,Yoga Mat,1,20.16,20.16
INV957044,2024-08-03,CUST0255,Canada,P1010,Phone Case,3,10.47,31.41
INV981483,2024-02-22,CUST0670,Brazil,P1004,Desk Lamp,5,21.94,109.7
INV774008,2023-12-09,CUST0648,Usa,P1002,Bluetooth Speaker,3,35.94,107.82
INV502899,2023-09-21,CUST0190,Canada,P1008,Water Bottle,1,11.09,11.09
INV482621,2023-01-01,CUST0692,Canada,P1005,Office Chair,1,87.06,87.06
INV411083,2024-11-26,CUST0546,Australia,P1014,Running Shoes,3,64.44,193.32
INV849012,2024-09-01,CUST0491,Australia,P1014,Running Shoes,5,61.93,309.65
INV759124,2024-12-03,CUST0571,Canada,P1002,Bluetooth Speaker,1,33.38,33.38
INV341688,2023-01-01,CUST0756,Canada,P1014,Running Shoes,2,65.37,130.74
INV280465,2024-02-07,CUST0191,France,P1015,Winter Jacket,1,123.99,123.99
INV970893,2024-08-26,CUST0345,France,P1008,Water Bottle,4,11.05,44.2
INV792687,2024-05-14,CUST0109,Australia,P1015,Winter Jacket,4,119.88,479.52
INV782995,2023-01-01,CUST0652,Uk,P1014,Running Shoes,3,67.08,201.24
INV500103,2024-07-08,CUST0130,Germany,P1013,Sticky Notes Pack,1,4.11,4.11
INV648467,2024-10-05,CUST0252,Australia,P1002,Bluetooth Speaker,4,34.29,137.16
INV990643,2024-11-23,CUST0395,Germany,P1010,Phone Case,1,10.23,10.23
INV931620,2024-12-05,CUST0245,Germany,P1010,Phone Case,4,9.8,39.2
INV831966,2024-09-23,CUST0782,Australia,P1009,Backpack,4,46.88,187.52
INV677505,2024-10-29,CUST0172,Germany,P1012,Gaming Headset,3,52.5,157.5
INV897219,2024-10-10,CUST0117,Germany,P1006,Coffee Mug,1,7.95,7.95
INV156996,2023-09-30,CUST0322,India,P1008,Water Bottle,3,12.03,36.09
INV461096,2024-08-23,CUST0700,India,P1003,Notebook Set,1,6.79,6.79
INV816435,2023-07-13,CUST0136,Canada,P1006,Coffee Mug,4,7.84,31.36
INV578458,2023-01-01,CUST0745,France,P1009,Backpack,5,45.03,225.15
INV490660,2024-08-06,CUST0043,France,P1001,Wireless Mouse,5,16.01,80.05
INV361193,2024-12-13,CUST0631,France,P1007,Yoga Mat,1,20.53,20.53
INV334843,2024-04-20,CUST0533,Usa,P1004,Desk Lamp,3,22.01,66.03
INV295238,2024-06-11,CUST0015,Germany,P1008,Water Bottle,2,11.02,22.04
INV703338,2024-12-20,CUST0548,Brazil,P1009,Backpack,1,43.18,43.18
INV288959,2024-03-18,CUST0677,France,P1009,Backpack,3,46.36,139.08
INV351745,2024-09-14,CUST0229,Brazil,P1004,Desk Lamp,2,21.26,42.52
INV321905,2024-12-08,CUST0267,Germany,P1011,Table Lamp,4,27.49,109.96
INV847942,2023-01-01,CUST0493,Canada,P1015,Winter Jacket,1,125.85,125.85
INV518034,2024-08-12,CUST0315,Germany,P1005,Office Chair,5,91.06,455.3
INV247470,2024-11-19,CUST0732,Germany,P1004,Desk Lamp,1,22.43,22.43
INV789828,2024-06-06,CUST0666,Canada,P1011,Table Lamp,1,28.5,28.5
INV389628,2024-11-15,CUST0440,Brazil,P1014,Running Shoes,5,62.88,314.4
INV987579,2024-03-06,CUST0771,Brazil,P1013,Sticky Notes Pack,3,4.11,12.33
INV245900,2024-06-14,CUST0427,Germany,P1005,Office Chair,5,85.68,428.4
INV960565,2023-01-01,CUST0072,Germany,P1004,Desk Lamp,4,22.96,91.84
INV999896,2024-08-09,CUST0291,Germany,P1001,Wireless Mouse,4,15.49,61.96
INV740972,2024-09-05,CUST0338,Usa,P1009,Backpack,2,43.7,87.4
INV538453,2024-09-11,CUST0237,Usa,P1009,Backpack,5,43.99,219.95
INV606665,2023-10-11,CUST0240,France,P1008,Water Bottle,5,11.24,56.2
INV891090,2024-09-24,CUST0609,Australia,P1009,Backpack,4,45.86,183.44
INV889849,2023-01-01,CUST0648,Usa,P1005,Office Chair,4,91.28,365.12
INV855969,2024-06-26,CUST0403,India,P1005,Office Chair,3,92.07,276.21
INV447031,2024-10-07,CUST0240,France,P1005,Office Chair,4,93.47,373.88
INV577112,2023-09-20,CUST0389,Uk,P1013,Sticky Notes Pack,4,4.43,17.72
INV826301,2024-04-13,CUST0103,India,P1008,Water Bottle,4,11.42,45.68
INV788121,2024-05-21,CUST0759,France,P1002,Bluetooth Speaker,1,33.71,33.71
INV477100,2024-04-01,CUST0576,Australia,P1004,Desk Lamp,5,21.82,109.1
INV824686,2024-10-30,CUST0142,Germany,P1009,Backpack,3,43.37,130.11
INV833286,2024-10-03,CUST0190,Canada,P1007,Yoga Mat,4,20.29,81.16
INV868306,2023-01-01,CUST0207,Usa,P1009,Backpack,2,46.67,93.34
INV790465,2024-07-13,CUST0515,France,P1013,Sticky Notes Pack,5,4.45,22.25
INV760673,2024-04-29,CUST0387,Brazil,P1002,Bluetooth Speaker,4,35.68,142.72
INV440628,2024-11-18,CUST0489,Brazil,P1010,Phone Case,1,10.09,10.09
INV997605,2024-04-11,CUST0120,France,P1003,Notebook Set,4,6.96,27.84
INV995648,2024-12-06,CUST0372,France,P1004,Desk Lamp,3,21.38,64.14
INV886794,2024-07-31,CUST0725,Uk,P1002,Bluetooth Speaker,1,33.47,33.47
INV130995,2024-06-11,CUST0264,France,P1010,Phone Case,4,9.57,38.28
INV502652,2024-11-25,CUST0109,Australia,P1009,Backpack,2,44.83,89.66
INV250503,2023-03-17,CUST0442,Usa,P1001,Wireless Mouse,4,16.31,65.24
INV156926,2023-11-20,CUST0540,Australia,P1004,Desk Lamp,1,21.18,21.18
INV373769,2024-01-19,CUST0258,Uk,P1008,Water Bottle,3,11.75,35.25
INV504779,2024-08-28,CUST0270,Australia,P1010,Phone Case,3,10.4,31.2
INV530438,2024-04-17,CUST0644,Germany,P1012,Gaming Headset,1,56.15,56.15
INV349485,2024-06-12,CUST0301,Australia,P1002,Bluetooth Speaker,5,35.07,175.35
INV118505,2023-05-15,CUST0209,Australia,P1014,Running Shoes,4,65.7,262.8
INV894357,2024-09-04,CUST0034,Canada,P1009,Backpack,1,46.48,46.48
INV851477,2024-08-19,CUST0205,Uk,P1008,Water Bottle,4,11.23,44.92
INV499371,2024-10-06,CUST0546,Australia,P1014,Running Shoes,1,62.02,62.02
INV768644,2024-06-28,CUST0152,Uk,P1001,Wireless Mouse,5,16.4,82.0
INV222641,2024-09-10,CUST0382,Germany,P1012,Gaming Headset,5,54.42,272.1
INV105085,2024-01-22,CUST0207,Usa,P1003,Notebook Set,1,6.45,6.45
INV544562,2023-09-21,CUST0068,France,P1008,Water Bottle,5,11.72,58.6
INV151248,2024-05-18,CUST0327,Usa,P1009,Backpack,1,46.39,46.39
INV503431,2024-09-04,CUST0397,Australia,P1015,Winter Jacket,5,124.34,621.7
INV369195,2024-04-27,CUST0124,Australia,P1005,Office Chair,2,86.11,172.22
INV997317,2023-12-09,CUST0370,India,P1002,Bluetooth Speaker,4,33.72,134.88
INV379754,2024-12-11,CUST0709,France,P1003,Notebook Set,1,7.02,7.02
INV875916,2024-11-23,CUST0489,Brazil,P1004,Desk Lamp,3,21.02,63.06
INV507515,2024-01-22,CUST0118,Brazil,P1008,Water Bottle,2,11.59,23.18
INV744160,2024-06-29,CUST0580,France,P1006,Coffee Mug,4,8.27,33.08
INV822274,2024-08-14,CUST0249,Brazil,P1002,Bluetooth Speaker,3,35.53,106.59
INV161904,2024-11-26,CUST0596,Australia,P1014,Running Shoes,5,64.85,324.25
INV785797,2023-08-05,CUST0033,Germany,P1014,Running Shoes,2,64.83,129.66
INV409798,2024-12-12,CUST0342,Germany,P1007,Yoga Mat,3,20.6,61.8
INV148439,2024-08-27,CUST0320,Canada,P1011,Table Lamp,2,27.95,55.9
INV379706,2023-11-06,CUST0619,India,P1011,Table Lamp,5,26.96,134.8
INV686217,2024-12-20,CUST0358,Germany,P1004,Desk Lamp,3,21.01,63.03
INV610304,2024-12-05,CUST0699,Germany,P1015,Winter Jacket,1,122.63,122.63
INV985932,2024-11-30,CUST0264,France,P1012,Gaming Headset,2,55.27,110.54
INV568221,2024-12-10,CUST0574,India,P1001,Wireless Mouse,1,16.42,16.42
INV488585,2024-02-11,CUST0013,Australia,P1010,Phone Case,1,10.39,10.39
INV161751,2024-04-04,CUST0193,Uk,P1002,Bluetooth Speaker,2,34.0,68.0
INV991872,2023-09-11,CUST0580,France,P1001,Wireless Mouse,4,16.71,66.84
INV470488,2023-10-06,CUST0354,France,P1015,Winter Jacket,4,122.68,490.72
INV763164,2024-09-10,CUST0055,Brazil,P1014,Running Shoes,2,66.75,133.5
INV211565,2024-01-11,CUST0176,Usa,P1014,Running Shoes,2,65.2,130.4
INV523950,2023-01-01,CUST0289,France,P1014,Running Shoes,5,66.7,333.5
INV169994,2024-12-12,CUST0623,India,P1001,Wireless Mouse,1,15.59,15.59
INV631192,2024-07-02,CUST0209,Australia,P1004,Desk Lamp,4,22.37,89.48
INV749673,2024-02-09,CUST0546,Australia,P1002,Bluetooth Speaker,5,34.32,171.6
INV600265,2024-09-18,CUST0611,India,P1005,Office Chair,3,87.53,262.59
INV903427,2023-11-30,CUST0113,Germany,P1015,Winter Jacket,5,114.27,571.35
INV494615,2024-11-11,CUST0257,India,P1011,Table Lamp,3,27.91,83.73
INV868936,2024-08-21,CUST0692,Canada,P1005,Office Chair,2,88.4,176.8
INV304531,2024-02-17,CUST0082,Australia,P1015,Winter Jacket,3,116.12,348.36
INV437348,2023-01-01,CUST0264,France,P1015,Winter Jacket,3,122.99,368.97
INV797163,2024-06-13,CUST0757,Usa,P1015,Winter Jacket,1,118.13,118.13
INV660984,2023-07-06,CUST0536,France,P1012,Gaming Headset,1,54.63,54.63
INV595543,2024-06-22,CUST0759,France,P1015,Winter Jacket,3,124.74,374.22
INV574013,2023-01-01,CUST0098,Australia,P1013,Sticky Notes Pack,4,4.21,16.84
INV586018,2023-01-01,CUST0665,India,P1014,Running Shoes,5,64.8,324.0
INV278762,2024-10-19,CUST0454,Canada,P1007,Yoga Mat,5,20.44,102.2
INV231814,2024-09-10,CUST0086,France,P1004,Desk Lamp,1,21.95,21.95
INV555136,2024-10-11,CUST0026,Canada,P1003,Notebook Set,5,6.56,32.8
INV378439,2024-12-11,CUST0661,India,P1008,Water Bottle,1,11.13,11.13
INV327238,2024-08-25,CUST0268,Australia,P1013,Sticky Notes Pack,3,4.22,12.66
INV720860,2024-06-30,CUST0731,India,P1013,Sticky Notes Pack,2,4.22,8.44
INV413526,2024-08-26,CUST0770,Canada,P1012,Gaming Headset,5,53.07,265.35
INV799026,2023-01-01,CUST0301,Australia,P1014,Running Shoes,4,68.2,272.8
INV466141,2023-06-30,CUST0425,Brazil,P1005,Office Chair,2,92.84,185.68
INV836538,2024-08-01,CUST0693,France,P1006,Coffee Mug,2,8.26,16.52
INV261647,2024-03-03,CUST0258,Uk,P1007,Yoga Mat,4,20.02,80.08
INV103394,2024-06-01,CUST0149,Brazil,P1007,Yoga Mat,4,20.54,82.16
INV354774,2023-04-18,CUST0701,Australia,P1014,Running Shoes,1,63.22,63.22
INV394966,2023-10-22,CUST0426,India,P1005,Office Chair,1,89.33,89.33
INV408564,2024-04-28,CUST0304,France,P1013,Sticky Notes Pack,5,4.1,20.5
INV292328,2024-12-29,CUST0726,Brazil,P1009,Backpack,1,45.59,45.59
INV582220,2024-06-09,CUST0474,Usa,P1011,Table Lamp,3,27.61,82.83
INV347467,2023-08-25,CUST0565,India,P1009,Backpack,1,47.0,47.0
INV225500,2024-10-04,CUST0349,France,P1015,Winter Jacket,2,122.49,244.98
INV578755,2024-07-27,CUST0532,France,P1014,Running Shoes,2,62.24,124.48
INV880188,2023-09-11,CUST0010,Usa,P1003,Notebook Set,3,6.75,20.25
INV405299,2024-12-13,CUST0279,France,P1006,Coffee Mug,3,8.37,25.11
INV514726,2024-11-23,CUST0472,Brazil,P1014,Running Shoes,2,65.29,130.58
INV863463,2024-05-04,CUST0342,Germany,P1015,Winter Jacket,3,115.88,347.64
INV304214,2024-10-15,CUST0691,Germany,P1001,Wireless Mouse,5,15.5,77.5
INV948627,2023-10-28,CUST0590,Brazil,P1001,Wireless Mouse,2,15.46,30.92
INV816238,2023-11-14,CUST0594,Germany,P1008,Water Bottle,3,11.53,34.59
INV862157,2024-12-24,CUST0342,Germany,P1012,Gaming Headset,4,54.45,217.8
INV114334,2024-04-19,CUST0121,Canada,P1015,Winter Jacket,1,125.28,125.28
INV150709,2024-11-06,CUST0014,Uk,P1010,Phone Case,4,9.57,38.28
INV806330,2024-08-30,CUST0703,Canada,P1014,Running Shoes,2,65.82,131.64
INV624313,2023-03-26,CUST0153,India,P1012,Gaming Headset,4,52.72,210.88
INV803579,2024-08-02,CUST0220,Brazil,P1015,Winter Jacket,2,115.83,231.66
INV747866,2024-02-19,CUST0740,Brazil,P1003,Notebook Set,2,6.84,13.68
INV398295,2024-10-20,CUST0045,Uk,P1007,Yoga Mat,4,20.06,80.24
INV416672,2023-11-22,CUST0453,Uk,P1007,Yoga Mat,1,20.11,20.11
INV109131,2023-12-13,CUST0541,Usa,P1015,Winter Jacket,3,120.41,361.23
INV696238,2023-12-24,CUST0776,Germany,P1002,Bluetooth Speaker,1,35.78,35.78
INV699230,2024-10-24,CUST0657,Uk,P1008,Water Bottle,4,11.26,45.04
INV244321,2024-11-09,CUST0657,Uk,P1012,Gaming Headset,5,56.95,284.75
INV608123,2023-10-28,CUST0661,India,P1002,Bluetooth Speaker,2,35.89,71.78
INV162289,2024-02-22,CUST0758,Uk,P1007,Yoga Mat,1,19.77,19.77
INV557855,2024-09-09,CUST0707,India,P1012,Gaming Headset,3,52.43,157.29
INV184994,2024-04-13,CUST0052,Australia,P1008,Water Bottle,5,11.22,56.1
INV937154,2024-10-08,CUST0736,Uk,P1008,Water Bottle,2,11.14,22.28
INV471991,2023-07-30,CUST0579,Brazil,P1003,Notebook Set,3,6.54,19.62
INV556840,2023-10-11,CUST0704,France,P1010,Phone Case,2,9.6,19.2
INV342616,2024-05-18,CUST0745,France,P1013,Sticky Notes Pack,4,4.09,16.36
INV546502,2024-04-13,CUST0288,Brazil,P1011,Table Lamp,5,26.33,131.65
INV792711,2024-11-28,CUST0342,Germany,P1012,Gaming Headset,2,55.66,111.32
INV909358,2023-01-01,CUST0331,Uk,P1003,Notebook Set,4,6.59,26.36
INV247492,2024-09-11,CUST0753,Canada,P1014,Running Shoes,2,66.14,132.28
INV392162,2023-09-03,CUST0616,Canada,P1002,Bluetooth Speaker,4,35.84,143.36
INV879048,2024-07-21,CUST0442,Usa,P1001,Wireless Mouse,3,15.79,47.37
INV842462,2024-12-13,CUST0275,Australia,P1005,Office Chair,1,92.17,92.17
INV874545,2024-11-16,CUST0252,Australia,P1006,Coffee Mug,5,8.19,40.95
INV948968,2024-12-10,CUST0144,Uk,P1005,Office Chair,1,85.9,85.9
INV647445,2023-06-16,CUST0169,Brazil,P1008,Water Bottle,1,11.46,11.46
INV251088,2024-12-26,CUST0030,Uk,P1006,Coffee Mug,2,8.33,16.66
INV981480,2024-10-29,CUST0482,India,P1008,Water Bottle,3,11.77,35.31
INV399076,2024-09-04,CUST0325,India,P1002,Bluetooth Speaker,2,35.04,70.08
INV688409,2024-05-04,CUST0311,Uk,P1012,Gaming Headset,1,54.69,54.69
INV593770,2024-12-07,CUST0448,Canada,P1008,Water Bottle,4,11.25,45.0
INV750354,2023-06-08,CUST0688,Usa,P1005,Office Chair,4,90.72,362.88
INV522316,2024-12-02,CUST0748,Germany,P1006,Coffee Mug,1,7.84,7.84
INV203455,2024-06-10,CUST0717,Brazil,P1001,Wireless Mouse,4,16.12,64.48
INV750037,2024-06-24,CUST0795,Australia,P1008,Water Bottle,1,11.01,11.01
INV424653,2024-01-12,CUST0544,Canada,P1002,Bluetooth Speaker,1,34.84,34.84
INV832482,2024-11-23,CUST0596,Australia,P1013,Sticky Notes Pack,3,4.13,12.39
INV406323,2024-12-24,CUST0064,Brazil,P1009,Backpack,3,42.79,128.37
INV790845,2024-10-28,CUST0178,Australia,P1004,Desk Lamp,1,22.04,22.04
INV935243,2024-11-03,CUST0336,Usa,P1004,Desk Lamp,3,21.19,63.57
INV128371,2024-06-21,CUST0220,Brazil,P1007,Yoga Mat,4,19.86,79.44
INV296120,2024-07-17,CUST0296,Canada,P1004,Desk Lamp,2,22.39,44.78
INV124922,2024-08-16,CUST0250,Uk,P1012,Gaming Headset,3,52.83,158.49
INV307968,2023-12-30,CUST0568,India,P1005,Office Chair,1,88.3,88.3
INV187106,2024-12-06,CUST0631,France,P1003,Notebook Set,3,6.66,19.98
INV278242,2024-09-28,CUST0098,Australia,P1002,Bluetooth Speaker,3,35.32,105.96
INV346298,2024-12-13,CUST0505,Uk,P1012,Gaming Headset,5,53.48,267.4
INV986595,2023-11-21,CUST0493,Canada,P1001,Wireless Mouse,5,16.66,83.3
INV884910,2023-01-01,CUST0252,Australia,P1003,Notebook Set,4,7.04,28.16
INV422156,2024-07-14,CUST0575,India,P1007,Yoga Mat,1,19.17,19.17
INV466036,2024-10-24,CUST0331,Uk,P1007,Yoga Mat,4,20.19,80.76
INV622759,2024-05-16,CUST0004,India,P1006,Coffee Mug,1,8.61,8.61
INV282736,2024-12-15,CUST0621,Usa,P1003,Notebook Set,1,7.08,7.08
INV920420,2023-06-19,CUST0287,Brazil,P1003,Notebook Set,3,6.85,20.55
INV787712,2024-11-24,CUST0375,Usa,P1012,Gaming Headset,4,53.87,215.48
INV899449,2023-10-28,CUST0006,France,P1012,Gaming Headset,5,55.06,275.3
INV297899,2024-06-12,CUST0740,Brazil,P1009,Backpack,2,45.08,90.16
INV830101,2024-01-06,CUST0006,France,P1004,Desk Lamp,1,22.56,22.56
INV999673,2023-11-05,CUST0745,France,P1014,Running Shoes,3,66.66,199.98
INV436139,2024-07-18,CUST0422,France,P1011,Table Lamp,1,28.21,28.21
INV392545,2023-10-24,CUST0677,France,P1003,Notebook Set,3,6.64,19.92
INV198209,2024-10-30,CUST0718,Brazil,P1007,Yoga Mat,1,19.9,19.9
INV333876,2024-11-24,CUST0381,Germany,P1003,Notebook Set,4,6.97,27.88
INV783339,2024-05-31,CUST0387,Brazil,P1006,Coffee Mug,4,8.17,32.68
INV847167,2024-01-14,CUST0106,Australia,P1002,Bluetooth Speaker,1,35.04,35.04
INV729040,2024-11-14,CUST0522,Germany,P1013,Sticky Notes Pack,1,4.27,4.27
INV622701,2024-09-04,CUST0438,Brazil,P1004,Desk Lamp,4,21.15,84.6
INV992577,2024-11-12,CUST0213,Australia,P1014,Running Shoes,4,65.79,263.16
INV336327,2024-05-24,CUST0602,Germany,P1010,Phone Case,2,9.88,19.76
INV685828,2024-03-30,CUST0694,Germany,P1014,Running Shoes,5,65.35,326.75
INV581913,2024-12-21,CUST0206,France,P1002,Bluetooth Speaker,4,34.08,136.32
INV839081,2024-09-24,CUST0165,Usa,P1015,Winter Jacket,2,121.95,243.9
INV452862,2024-08-25,CUST0490,Canada,P1005,Office Chair,1,90.71,90.71
INV794790,2023-01-01,CUST0287,Brazil,P1011,Table Lamp,5,28.02,140.1
INV568408,2024-04-04,CUST0019,Australia,P1013,Sticky Notes Pack,3,4.45,13.35
INV440628,2024-11-18,CUST0489,Brazil,P1011,Table Lamp,2,27.39,54.78
INV652035,2023-10-29,CUST0001,Germany,P1011,Table Lamp,4,26.59,106.36
INV608123,2023-10-28,CUST0661,India,P1011,Table Lamp,3,26.22,78.66
INV677505,2024-10-29,CUST0172,Germany,P1009,Backpack,4,44.36,177.44
INV100620,2023-01-01,CUST0011,Usa,P1013,Sticky Notes Pack,3,4.3,12.9
INV919862,2024-03-10,CUST0427,Germany,P1014,Running Shoes,5,67.52,337.6
INV611305,2023-09-06,CUST0327,Usa,P1010,Phone Case,2,10.24,20.48
INV970344,2024-01-13,CUST0337,Germany,P1007,Yoga Mat,3,20.15,60.45
INV933553,2024-08-11,CUST0411,France,P1009,Backpack,3,44.24,132.72
INV926683,2023-02-06,CUST0191,France,P1012,Gaming Headset,5,55.6,278.0
INV968842,2024-03-02,CUST0118,Brazil,P1006,Coffee Mug,3,8.48,25.44
INV269472,2024-10-14,CUST0011,Usa,P1010,Phone Case,5,9.72,48.6
INV639450,2024-09-07,CUST0694,Germany,P1005,Office Chair,2,87.14,174.28
INV877567,2024-08-02,CUST0634,Usa,P1003,Notebook Set,4,6.57,26.28
INV542717,2024-10-29,CUST0457,Uk,P1007,Yoga Mat,5,19.48,97.4
INV907821,2024-12-28,CUST0303,India,P1014,Running Shoes,3,66.77,200.31
INV454810,2024-11-21,CUST0104,India,P1014,Running Shoes,1,64.75,64.75
INV966359,2023-01-01,CUST0260,Canada,P1004,Desk Lamp,3,22.37,67.11
INV892048,2024-10-26,CUST0336,Usa,P1005,Office Chair,2,88.13,176.26
INV164080,2024-03-23,CUST0630,India,P1013,Sticky Notes Pack,4,4.33,17.32
INV817193,2023-01-01,CUST0665,India,P1005,Office Chair,2,88.84,177.68
INV346403,2024-05-12,CUST0800,France,P1013,Sticky Notes Pack,1,4.15,4.15
INV711896,2023-11-11,CUST0315,Germany,P1004,Desk Lamp,2,21.85,43.7
INV593770,2024-12-07,CUST0448,Canada,P1004,Desk Lamp,5,21.63,108.15
INV757136,2024-09-08,CUST0072,Germany,P1002,Bluetooth Speaker,3,32.95,98.85
INV657744,2024-10-22,CUST0574,India,P1013,Sticky Notes Pack,3,4.12,12.36
INV172297,2024-12-09,CUST0655,Uk,P1006,Coffee Mug,1,8.12,8.12
INV238137,2024-10-22,CUST0479,Germany,P1013,Sticky Notes Pack,1,4.42,4.42
INV794374,2024-08-06,CUST0749,Germany,P1011,Table Lamp,5,26.72,133.6
INV962019,2024-10-27,CUST0636,Australia,P1011,Table Lamp,5,27.24,136.2
INV620357,2024-11-09,CUST0137,France,P1001,Wireless Mouse,4,16.69,66.76
INV763213,2024-11-27,CUST0143,Germany,P1014,Running Shoes,4,67.05,268.2
INV901878,2024-11-08,CUST0598,Germany,P1007,Yoga Mat,3,19.06,57.18
INV325535,2023-01-01,CUST0493,Canada,P1015,Winter Jacket,1,121.75,121.75
INV144027,2024-10-29,CUST0192,Canada,P1008,Water Bottle,1,11.06,11.06
INV484200,2024-12-29,CUST0245,Germany,P1003,Notebook Set,4,6.64,26.56
INV781814,2024-03-21,CUST0157,Australia,P1010,Phone Case,1,10.06,10.06
INV611749,2023-07-23,CUST0245,Germany,P1008,Water Bottle,2,11.69,23.38
INV584318,2024-05-06,CUST0117,Germany,P1015,Winter Jacket,3,116.6,349.8
INV146938,2024-07-30,CUST0722,Usa,P1001,Wireless Mouse,5,15.75,78.75
INV905190,2024-08-29,CUST0686,Canada,P1004,Desk Lamp,5,21.98,109.9
INV360888,2024-07-29,CUST0193,Uk,P1014,Running Shoes,1,63.81,63.81
INV632881,2024-05-15,CUST0791,Germany,P1004,Desk Lamp,1,23.08,23.08
INV918195,2024-01-18,CUST0301,Australia,P1008,Water Bottle,5,11.85,59.25
INV719064,2024-05-02,CUST0331,Uk,P1011,Table Lamp,3,27.5,82.5
INV246540,2024-04-15,CUST0037,Germany,P1014,Running Shoes,5,68.18,340.9
INV838781,2023-01-01,CUST0276,India,P1014,Running Shoes,2,63.82,127.64
INV636924,2024-08-15,CUST0588,France,P1010,Phone Case,4,9.75,39.0
INV316675,2024-07-06,CUST0686,Canada,P1006,Coffee Mug,4,8.56,34.24
INV117733,2024-12-21,CUST0761,Brazil,P1004,Desk Lamp,4,21.69,86.76
INV489066,2023-01-01,CUST0301,Australia,P1005,Office Chair,5,92.75,463.75
INV971154,2023-01-25,CUST0227,Canada,P1012,Gaming Headset,1,56.73,56.73
INV488695,2023-11-22,CUST0089,Usa,P1010,Phone Case,3,9.5,28.5
INV358474,2024-10-25,CUST0778,Uk,P1014,Running Shoes,4,66.59,266.36
INV475405,2024-10-11,CUST0501,France,P1009,Backpack,1,44.79,44.79
INV320318,2024-08-04,CUST0437,France,P1011,Table Lamp,2,28.75,57.5
INV918044,2024-11-12,CUST0570,Brazil,P1012,Gaming Headset,1,53.33,53.33
INV317388,2024-07-10,CUST0683,Canada,P1001,Wireless Mouse,4,15.29,61.16
INV818315,2024-04-27,CUST0731,India,P1010,Phone Case,4,9.9,39.6
INV636294,2024-11-27,CUST0623,India,P1012,Gaming Headset,2,56.23,112.46
INV739703,2024-11-11,CUST0679,Uk,P1002,Bluetooth Speaker,4,33.7,134.8
INV572152,2024-11-15,CUST0319,Brazil,P1014,Running Shoes,4,63.73,254.92
INV251304,2024-06-23,CUST0013,Australia,P1003,Notebook Set,4,6.68,26.72
INV492051,2023-01-01,CUST0153,India,P1014,Running Shoes,5,67.6,338.0
INV861526,2024-12-03,CUST0567,Uk,P1011,Table Lamp,1,28.67,28.67
INV174464,2024-07-17,CUST0753,Canada,P1006,Coffee Mug,3,7.84,23.52
INV126984,2023-01-01,CUST0238,Germany,P1011,Table Lamp,3,28.46,85.38
INV608073,2024-04-20,CUST0046,Uk,P1008,Water Bottle,5,11.73,58.65
INV628263,2024-09-17,CUST0015,Germany,P1006,Coffee Mug,3,8.15,24.45
INV450415,2023-05-24,CUST0665,India,P1013,Sticky Notes Pack,4,4.1,16.4
INV875890,2024-05-25,CUST0130,Germany,P1012,Gaming Headset,2,54.99,109.98
INV576197,2024-08-01,CUST0583,Australia,P1014,Running Shoes,3,64.32,192.96
INV438603,2023-01-01,CUST0260,Canada,P1014,Running Shoes,5,66.08,330.4
INV656041,2024-10-03,CUST0800,France,P1009,Backpack,4,44.8,179.2
INV970835,2024-07-13,CUST0228,France,P1011,Table Lamp,3,28.46,85.38
INV835128,2024-08-03,CUST0603,Canada,P1010,Phone Case,1,10.36,10.36
INV965740,2024-10-16,CUST0587,Canada,P1006,Coffee Mug,5,8.18,40.9
INV619928,2023-01-01,CUST0130,Germany,P1005,Office Chair,2,89.18,178.36
INV402439,2024-08-04,CUST0345,France,P1014,Running Shoes,3,62.47,187.41
INV810104,2024-07-04,CUST0311,Uk,P1001,Wireless Mouse,1,16.11,16.11
INV602756,2024-02-24,CUST0678,Germany,P1008,Water Bottle,2,11.35,22.7
INV253977,2023-11-12,CUST0252,Australia,P1003,Notebook Set,1,6.44,6.44
INV174022,2024-04-19,CUST0678,Germany,P1013,Sticky Notes Pack,2,4.15,8.3
INV915952,2023-12-03,CUST0712,France,P1015,Winter Jacket,1,121.24,121.24
INV228500,2024-11-18,CUST0686,Canada,P1004,Desk Lamp,1,21.07,21.07
INV117954,2024-07-23,CUST0068,France,P1011,Table Lamp,4,28.33,113.32
INV268891,2024-10-10,CUST0111,Canada,P1014,Running Shoes,1,66.97,66.97
INV901893,2024-08-03,CUST0754,Australia,P1003,Notebook Set,4,7.03,28.12
INV897742,2023-07-11,CUST0664,Uk,P1002,Bluetooth Speaker,1,35.3,35.3
INV642830,2024-10-13,CUST0734,Uk,P1015,Winter Jacket,1,125.02,125.02
INV378334,2024-08-26,CUST0015,Germany,P1015,Winter Jacket,2,122.97,245.94
INV417718,2024-12-03,CUST0400,Uk,P1005,Office Chair,4,91.22,364.88
INV545086,2024-01-07,CUST0737,Australia,P1005,Office Chair,1,92.57,92.57
INV928129,2023-07-19,CUST0330,Germany,P1015,Winter Jacket,3,122.02,366.06
INV861394,2024-10-23,CUST0256,France,P1008,Water Bottle,1,12.02,12.02
INV292429,2024-01-31,CUST0013,Australia,P1014,Running Shoes,1,62.91,62.91
INV453833,2024-04-24,CUST0142,Germany,P1004,Desk Lamp,4,22.52,90.08
INV718755,2024-10-11,CUST0717,Brazil,P1013,Sticky Notes Pack,2,4.23,8.46
INV421851,2023-10-29,CUST0702,India,P1007,Yoga Mat,4,20.35,81.4
INV195629,2024-07-24,CUST0169,Brazil,P1005,Office Chair,5,94.06,470.3
INV445426,2023-01-01,CUST0134,Usa,P1004,Desk Lamp,3,20.97,62.91
INV736268,2023-11-20,CUST0429,Germany,P1007,Yoga Mat,3,20.8,62.4
INV883309,2024-11-06,CUST0563,India,P1006,Coffee Mug,4,8.21,32.84
INV586460,2024-11-15,CUST0571,Canada,P1014,Running Shoes,2,65.44,130.88
INV852505,2023-01-01,CUST0505,Uk,P1008,Water Bottle,2,11.57,23.14
INV542616,2023-03-08,CUST0439,France,P1002,Bluetooth Speaker,2,35.76,71.52
INV794732,2024-07-16,CUST0612,Germany,P1014,Running Shoes,1,64.04,64.04
INV118505,2023-05-15,CUST0209,Australia,P1013,Sticky Notes Pack,4,4.09,16.36
INV188006,2024-07-15,CUST0596,Australia,P1015,Winter Jacket,2,119.8,239.6
INV902541,2024-07-09,CUST0539,France,P1011,Table Lamp,1,26.14,26.14
INV126984,2023-01-01,CUST0238,Germany,P1009,Backpack,3,44.67,134.01
INV481328,2024-08-20,CUST0615,Germany,P1006,Coffee Mug,5,7.92,39.6
INV303071,2024-10-13,CUST0343,Usa,P1014,Running Shoes,4,67.71,270.84
INV750495,2024-07-26,CUST0740,Brazil,P1003,Notebook Set,2,6.44,12.88
INV431064,2024-08-03,CUST0676,Canada,P1001,Wireless Mouse,2,16.32,32.64
INV278824,2024-09-20,CUST0397,Australia,P1004,Desk Lamp,5,21.91,109.55
INV705402,2023-03-16,CUST0646,Usa,P1004,Desk Lamp,5,21.61,108.05
INV184050,2024-07-17,CUST0245,Germany,P1014,Running Shoes,3,65.81,197.43
INV574803,2024-12-10,CUST0745,France,P1012,Gaming Headset,3,57.67,173.01
INV805934,2024-07-21,CUST0599,Usa,P1003,Notebook Set,2,6.59,13.18
INV376281,2024-11-28,CUST0742,India,P1004,Desk Lamp,3,22.41,67.23
INV377773,2023-09-11,CUST0252,Australia,P1008,Water Bottle,1,11.96,11.96
INV634923,2023-05-19,CUST0493,Canada,P1014,Running Shoes,4,62.46,249.84
INV525159,2024-11-02,CUST0350,France,P1005,Office Chair,2,89.11,178.22
INV989266,2024-06-09,CUST0466,Uk,P1015,Winter Jacket,4,125.39,501.56
INV593815,2023-01-01,CUST0056,Australia,P1006,Coffee Mug,1,8.62,8.62
INV688409,2024-05-04,CUST0311,Uk,P1001,Wireless Mouse,5,15.54,77.7
INV827880,2024-06-28,CUST0076,India,P1010,Phone Case,2,10.04,20.08
INV192551,2024-11-08,CUST0608,Canada,P1009,Backpack,3,45.24,135.72
INV303071,2024-10-13,CUST0343,Usa,P1014,Running Shoes,3,62.61,187.83
INV497907,2024-12-18,CUST0498,Brazil,P1010,Phone Case,5,9.65,48.25
INV148520,2024-06-05,CUST0090,Canada,P1009,Backpack,2,45.81,91.62
INV429480,2023-09-29,CUST0367,Usa,P1006,Coffee Mug,4,7.84,31.36
INV166959,2024-07-31,CUST0263,France,P1012,Gaming Headset,4,52.87,211.48
INV283848,2023-11-01,CUST0475,Canada,P1001,Wireless Mouse,3,16.0,48.0
INV753533,2023-12-06,CUST0667,Usa,P1003,Notebook Set,2,6.87,13.74
INV388492,2024-08-08,CUST0037,Germany,P1004,Desk Lamp,3,21.9,65.7
INV390331,2023-02-11,CUST0136,Canada,P1012,Gaming Headset,4,55.33,221.32
INV257290,2023-01-01,CUST0570,Brazil,P1004,Desk Lamp,3,22.56,67.68
INV463690,2023-12-28,CUST0663,Australia,P1012,Gaming Headset,3,53.96,161.88
INV506018,2024-11-05,CUST0563,India,P1013,Sticky Notes Pack,2,4.4,8.8
INV446020,2024-08-25,CUST0545,Canada,P1007,Yoga Mat,2,20.1,40.2
INV684425,2024-12-27,CUST0224,Brazil,P1010,Phone Case,1,10.04,10.04
INV680096,2024-05-25,CUST0130,Germany,P1008,Water Bottle,2,12.03,24.06
INV688825,2024-12-16,CUST0406,France,P1007,Yoga Mat,4,19.3,77.2
INV880945,2024-07-25,CUST0670,Brazil,P1010,Phone Case,5,10.29,51.45
INV606996,2023-01-01,CUST0546,Australia,P1011,Table Lamp,5,27.83,139.15
INV628965,2024-01-14,CUST0288,Brazil,P1011,Table Lamp,5,27.95,139.75
INV953059,2024-08-16,CUST0665,India,P1011,Table Lamp,1,28.55,28.55
INV294320,2024-11-09,CUST0064,Brazil,P1013,Sticky Notes Pack,3,4.14,12.42
INV848872,2024-05-24,CUST0785,India,P1013,Sticky Notes Pack,2,4.13,8.26
INV563414,2024-10-03,CUST0622,France,P1008,Water Bottle,4,11.97,47.88
INV287517,2024-08-16,CUST0415,Australia,P1002,Bluetooth Speaker,2,35.45,70.9
INV785391,2023-03-26,CUST0493,Canada,P1003,Notebook Set,2,7.06,14.12
INV506927,2024-09-17,CUST0548,Brazil,P1014,Running Shoes,4,62.97,251.88
INV787578,2024-12-29,CUST0228,France,P1004,Desk Lamp,1,21.81,21.81
INV748003,2024-06-28,CUST0277,Uk,P1002,Bluetooth Speaker,1,35.86,35.86
INV177216,2024-10-16,CUST0453,Uk,P1007,Yoga Mat,2,19.14,38.28
INV148642,2024-06-26,CUST0127,India,P1007,Yoga Mat,3,20.29,60.87
INV435771,2023-08-02,CUST0656,Canada,P1014,Running Shoes,4,65.86,263.44
INV412437,2024-12-12,CUST0646,Usa,P1013,Sticky Notes Pack,5,4.21,21.05
INV339583,2024-07-24,CUST0712,France,P1006,Coffee Mug,1,8.22,8.22
INV405337,2024-09-03,CUST0603,Canada,P1006,Coffee Mug,1,8.38,8.38
INV878146,2023-11-26,CUST0220,Brazil,P1005,Office Chair,3,88.41,265.23
INV774465,2024-11-11,CUST0623,India,P1015,Winter Jacket,5,125.34,626.7
INV581612,2024-12-17,CUST0693,France,P1015,Winter Jacket,5,122.57,612.85
INV315564,2024-12-04,CUST0453,Uk,P1001,Wireless Mouse,1,16.69,16.69
INV736424,2024-07-18,CUST0661,India,P1012,Gaming Headset,3,56.13,168.39
INV180916,2024-02-10,CUST0005,Brazil,P1011,Table Lamp,2,26.8,53.6
INV401989,2023-01-01,CUST0457,Uk,P1011,Table Lamp,2,27.66,55.32
INV288474,2024-05-02,CUST0600,France,P1007,Yoga Mat,2,19.73,39.46
INV574391,2023-11-23,CUST0786,Uk,P1013,Sticky Notes Pack,5,4.18,20.9
INV207003,2024-10-17,CUST0256,France,P1005,Office Chair,1,90.9,90.9
INV215248,2024-04-21,CUST0602,Germany,P1006,Coffee Mug,5,8.63,43.15
INV520015,2024-11-13,CUST0748,Germany,P1007,Yoga Mat,1,20.7,20.7
INV284886,2024-07-25,CUST0686,Canada,P1011,Table Lamp,5,28.22,141.1
INV526249,2024-07-30,CUST0178,Australia,P1004,Desk Lamp,5,22.15,110.75
INV256573,2024-12-20,CUST0074,Canada,P1010,Phone Case,3,10.03,30.09
INV497526,2023-05-06,CUST0056,Australia,P1015,Winter Jacket,1,123.03,123.03
INV574738,2024-11-21,CUST0682,Usa,P1010,Phone Case,1,9.88,9.88
INV183824,2024-02-06,CUST0101,India,P1013,Sticky Notes Pack,3,4.19,12.57
INV131819,2024-12-12,CUST0076,India,P1009,Backpack,2,45.29,90.58
INV514157,2024-12-25,CUST0207,Usa,P1013,Sticky Notes Pack,5,4.33,21.65
INV340450,2024-12-14,CUST0149,Brazil,P1008,Water Bottle,1,11.73,11.73
INV350689,2024-05-26,CUST0692,Canada,P1014,Running Shoes,4,61.81,247.24
INV770140,2024-12-23,CUST0660,Brazil,P1006,Coffee Mug,1,8.54,8.54
INV682533,2024-09-05,CUST0589,Usa,P1007,Yoga Mat,3,19.06,57.18
INV430386,2023-01-01,CUST0190,Canada,P1005,Office Chair,2,93.07,186.14
INV112171,2024-06-09,CUST0343,Usa,P1004,Desk Lamp,4,22.58,90.32
INV189259,2023-11-07,CUST0076,India,P1012,Gaming Headset,3,54.96,164.88
INV795418,2024-01-14,CUST0153,India,P1004,Desk Lamp,2,22.42,44.84
INV141142,2023-10-06,CUST0692,Canada,P1014,Running Shoes,4,66.47,265.88
INV655251,2024-05-22,CUST0409,Brazil,P1014,Running Shoes,3,67.16,201.48
INV387268,2024-10-06,CUST0091,Brazil,P1012,Gaming Headset,5,55.61,278.05
INV918226,2024-10-30,CUST0436,Brazil,P1014,Running Shoes,2,65.33,130.66
INV597681,2024-07-09,CUST0331,Uk,P1014,Running Shoes,1,66.99,66.99
INV740341,2024-11-19,CUST0104,India,P1010,Phone Case,1,9.87,9.87
INV840810,2024-10-02,CUST0325,India,P1012,Gaming Headset,1,55.52,55.52
INV848429,2024-12-17,CUST0699,Germany,P1015,Winter Jacket,3,115.55,346.65
INV159188,2024-11-28,CUST0175,Canada,P1004,Desk Lamp,1,21.72,21.72
INV580629,2024-04-14,CUST0269,Brazil,P1013,Sticky Notes Pack,5,4.11,20.55
INV923380,2023-01-01,CUST0760,France,P1006,Coffee Mug,5,7.84,39.2
INV684692,2024-07-06,CUST0585,Brazil,P1015,Winter Jacket,4,118.76,475.04
INV908463,2024-10-01,CUST0465,India,P1002,Bluetooth Speaker,1,34.1,34.1
INV473437,2024-11-14,CUST0035,Australia,P1012,Gaming Headset,5,57.38,286.9
INV431549,2024-08-19,CUST0536,France,P1004,Desk Lamp,3,21.63,64.89
INV797472,2024-03-06,CUST0561,Canada,P1008,Water Bottle,5,11.07,55.35
INV823947,2024-08-09,CUST0564,Australia,P1005,Office Chair,2,86.67,173.34
INV389990,2024-02-25,CUST0284,Uk,P1005,Office Chair,3,89.28,267.84
INV358919,2023-04-14,CUST0137,France,P1004,Desk Lamp,1,22.66,22.66
INV140991,2023-02-14,CUST0608,Canada,P1013,Sticky Notes Pack,2,4.31,8.62
INV249402,2024-10-14,CUST0028,Germany,P1013,Sticky Notes Pack,5,4.39,21.95
INV243061,2024-03-16,CUST0761,Brazil,P1005,Office Chair,3,92.65,277.95
INV463374,2024-08-01,CUST0236,Australia,P1007,Yoga Mat,2,20.12,40.24
INV728616,2024-08-08,CUST0635,France,P1010,Phone Case,5,10.45,52.25
INV794732,2024-07-16,CUST0612,Germany,P1002,Bluetooth Speaker,4,32.97,131.88
INV492789,2024-01-06,CUST0217,Australia,P1003,Notebook Set,2,6.76,13.52
INV747988,2024-01-26,CUST0004,India,P1001,Wireless Mouse,5,15.55,77.75
INV632196,2023-12-05,CUST0216,France,P1013,Sticky Notes Pack,5,4.35,21.75
INV548514,2024-07-03,CUST0674,Germany,P1006,Coffee Mug,5,8.48,42.4
INV417066,2023-08-27,CUST0635,France,P1002,Bluetooth Speaker,1,35.94,35.94
INV222823,2024-11-15,CUST0623,India,P1011,Table Lamp,3,27.7,83.1
INV906591,2024-03-25,CUST0110,Uk,P1015,Winter Jacket,1,117.15,117.15
INV179333,2024-05-04,CUST0098,Australia,P1004,Desk Lamp,4,22.89,91.56
INV295598,2024-04-13,CUST0644,Germany,P1007,Yoga Mat,5,19.44,97.2
INV150860,2023-11-15,CUST0263,France,P1010,Phone Case,1,10.17,10.17
INV206071,2023-07-31,CUST0204,Australia,P1007,Yoga Mat,1,19.54,19.54
INV199664,2024-06-17,CUST0665,India,P1012,Gaming Headset,2,52.86,105.72
INV813808,2024-06-16,CUST0437,France,P1004,Desk Lamp,5,22.43,112.15
INV842462,2024-12-13,CUST0275,Australia,P1008,Water Bottle,3,11.05,33.15
INV144027,2024-10-29,CUST0192,Canada,P1003,Notebook Set,3,6.56,19.68
INV945063,2024-10-16,CUST0037,Germany,P1008,Water Bottle,2,11.46,22.92
INV908433,2023-03-21,CUST0454,Canada,P1013,Sticky Notes Pack,1,4.15,4.15
INV749913,2024-10-12,CUST0248,Australia,P1014,Running Shoes,2,63.55,127.1
INV319227,2024-07-17,CUST0703,Canada,P1015,Winter Jacket,1,120.69,120.69
INV894172,2024-08-12,CUST0019,Australia,P1007,Yoga Mat,3,19.71,59.13
INV936278,2024-06-28,CUST0534,Uk,P1015,Winter Jacket,5,118.06,590.3
INV293657,2024-02-10,CUST0596,Australia,P1015,Winter Jacket,1,116.82,116.82
INV476674,2024-11-15,CUST0148,Usa,P1010,Phone Case,5,10.11,50.55
INV894777,2024-05-12,CUST0400,Uk,P1004,Desk Lamp,5,22.95,114.75
INV173904,2023-09-13,CUST0057,Canada,P1005,Office Chair,3,89.68,269.04
INV542669,2024-11-27,CUST0713,India,P1001,Wireless Mouse,1,16.73,16.73
INV892738,2023-01-01,CUST0688,Usa,P1008,Water Bottle,3,11.89,35.67
INV550965,2024-11-10,CUST0678,Germany,P1006,Coffee Mug,4,8.2,32.8
INV492789,2024-01-06,CUST0217,Australia,P1003,Notebook Set,3,6.91,20.73
INV809744,2023-07-29,CUST0420,Usa,P1015,Winter Jacket,2,117.89,235.78
INV378749,2024-11-06,CUST0771,Brazil,P1011,Table Lamp,1,27.24,27.24
INV630641,2023-01-01,CUST0301,Australia,P1014,Running Shoes,4,68.22,272.88
INV765165,2024-09-29,CUST0320,Canada,P1011,Table Lamp,2,28.04,56.08
INV682798,2024-07-12,CUST0104,India,P1011,Table Lamp,2,26.25,52.5
INV875934,2024-06-15,CUST0221,France,P1015,Winter Jacket,3,120.15,360.45
INV725437,2024-07-19,CUST0723,Australia,P1009,Backpack,2,45.07,90.14
INV396640,2024-12-05,CUST0448,Canada,P1004,Desk Lamp,4,21.74,86.96
INV427143,2024-09-04,CUST0465,India,P1014,Running Shoes,2,66.5,133.0
INV555977,2023-12-24,CUST0615,Germany,P1004,Desk Lamp,5,22.58,112.9
INV873572,2024-07-25,CUST0117,Germany,P1013,Sticky Notes Pack,2,4.43,8.86
INV253743,2023-01-01,CUST0694,Germany,P1010,Phone Case,1,10.15,10.15
INV681127,2024-08-17,CUST0757,Usa,P1005,Office Chair,2,89.92,179.84
INV231908,2024-03-13,CUST0066,Brazil,P1014,Running Shoes,1,63.23,63.23
INV209660,2024-04-11,CUST0666,Canada,P1015,Winter Jacket,3,124.76,374.28
INV617555,2024-08-29,CUST0657,Uk,P1002,Bluetooth Speaker,5,34.02,170.1
INV457300,2024-07-22,CUST0355,France,P1013,Sticky Notes Pack,4,4.16,16.64
INV864188,2023-05-06,CUST0625,Australia,P1002,Bluetooth Speaker,2,33.49,66.98
INV981856,2024-11-22,CUST0497,Brazil,P1013,Sticky Notes Pack,1,4.19,4.19
INV257480,2023-01-01,CUST0301,Australia,P1013,Sticky Notes Pack,2,4.41,8.82
INV559499,2024-11-17,CUST0677,France,P1015,Winter Jacket,1,120.43,120.43
INV769112,2024-06-20,CUST0627,Australia,P1002,Bluetooth Speaker,1,33.83,33.83
INV438799,2024-09-25,CUST0432,Australia,P1011,Table Lamp,1,27.06,27.06
INV891500,2024-02-11,CUST0275,Australia,P1003,Notebook Set,5,6.89,34.45
INV845312,2024-10-29,CUST0288,Brazil,P1002,Bluetooth Speaker,4,35.75,143.0
INV262899,2024-05-19,CUST0703,Canada,P1005,Office Chair,5,87.58,437.9
INV348104,2023-11-27,CUST0216,France,P1006,Coffee Mug,3,8.43,25.29
INV106822,2024-08-03,CUST0711,Canada,P1010,Phone Case,1,9.68,9.68
INV646867,2024-11-09,CUST0152,Uk,P1007,Yoga Mat,5,19.37,96.85
INV839293,2024-09-12,CUST0504,France,P1009,Backpack,4,45.12,180.48
INV944802,2024-10-10,CUST0115,Usa,P1011,Table Lamp,5,27.12,135.6
INV853775,2024-11-14,CUST0190,Canada,P1006,Coffee Mug,2,8.2,16.4
INV937923,2023-01-01,CUST0153,India,P1011,Table Lamp,3,26.82,80.46
INV728657,2024-10-10,CUST0671,Canada,P1009,Backpack,4,43.44,173.76
INV295908,2024-08-29,CUST0606,Brazil,P1013,Sticky Notes Pack,5,4.46,22.3
INV320148,2023-08-09,CUST0152,Uk,P1005,Office Chair,1,93.21,93.21
INV581312,2024-12-15,CUST0273,India,P1014,Running Shoes,1,67.9,67.9
INV687489,2024-08-24,CUST0676,Canada,P1015,Winter Jacket,3,122.6,367.8
INV309981,2024-05-04,CUST0760,France,P1015,Winter Jacket,5,120.36,601.8
INV999673,2023-11-05,CUST0745,France,P1006,Coffee Mug,5,8.66,43.3
INV518646,2023-01-01,CUST0110,Uk,P1015,Winter Jacket,1,115.08,115.08
INV245714,2024-10-26,CUST0212,India,P1009,Backpack,3,44.45,133.35
INV302117,2024-02-22,CUST0647,Germany,P1009,Backpack,3,42.99,128.97
INV934956,2023-01-01,CUST0499,France,P1004,Desk Lamp,3,21.57,64.71
INV882690,2023-01-01,CUST0699,Germany,P1005,Office Chair,3,93.98,281.94
INV712530,2023-09-05,CUST0355,France,P1003,Notebook Set,2,6.83,13.66
INV200573,2024-03-08,CUST0024,Brazil,P1003,Notebook Set,3,7.07,21.21
INV910570,2024-12-12,CUST0136,Canada,P1010,Phone Case,2,9.58,19.16
INV205214,2024-08-16,CUST0089,Usa,P1005,Office Chair,5,90.96,454.8
INV276226,2023-09-24,CUST0684,Usa,P1012,Gaming Headset,2,57.7,115.4
INV100954,2023-08-17,CUST0165,Usa,P1007,Yoga Mat,4,20.12,80.48
INV860998,2024-08-26,CUST0332,France,P1012,Gaming Headset,2,55.48,110.96
INV986895,2023-08-04,CUST0519,France,P1013,Sticky Notes Pack,5,4.12,20.6
INV172583,2024-12-10,CUST0780,India,P1014,Running Shoes,5,66.15,330.75
INV730983,2023-04-19,CUST0745,France,P1005,Office Chair,4,92.41,369.64
INV423865,2024-12-03,CUST0373,Brazil,P1005,Office Chair,5,90.38,451.9
INV901878,2024-11-08,CUST0598,Germany,P1009,Backpack,4,47.2,188.8
INV271520,2023-01-01,CUST0688,Usa,P1004,Desk Lamp,4,22.01,88.04
INV212392,2024-05-10,CUST0707,India,P1004,Desk Lamp,5,20.98,104.9
INV486008,2024-09-04,CUST0391,Australia,P1012,Gaming Headset,3,57.08,171.24
INV806211,2023-12-05,CUST0608,Canada,P1004,Desk Lamp,4,20.96,83.84
INV241104,2024-11-04,CUST0329,Uk,P1014,Running Shoes,3,62.17,186.51
INV801508,2024-09-01,CUST0474,Usa,P1012,Gaming Headset,5,56.95,284.75
INV640852,2024-11-09,CUST0080,Uk,P1010,Phone Case,5,10.32,51.6
INV848265,2024-11-27,CUST0736,Uk,P1009,Backpack,2,46.99,93.98
INV604497,2024-11-27,CUST0368,France,P1004,Desk Lamp,1,21.14,21.14
INV505421,2023-05-08,CUST0751,Canada,P1009,Backpack,2,44.21,88.42
INV578458,2023-01-01,CUST0745,France,P1012,Gaming Headset,4,52.36,209.44
INV117595,2024-06-09,CUST0021,Brazil,P1002,Bluetooth Speaker,3,32.92,98.76
INV231571,2024-08-02,CUST0088,Germany,P1005,Office Chair,3,92.11,276.33
INV773768,2023-01-01,CUST0117,Germany,P1011,Table Lamp,5,27.21,136.05
INV620330,2024-11-03,CUST0761,Brazil,P1009,Backpack,3,43.46,130.38
INV118371,2024-09-01,CUST0701,Australia,P1006,Coffee Mug,3,8.25,24.75
INV659133,2024-09-17,CUST0476,Canada,P1004,Desk Lamp,1,21.54,21.54
INV455099,2024-01-24,CUST0731,India,P1015,Winter Jacket,3,118.03,354.09
INV497352,2024-12-26,CUST0238,Germany,P1006,Coffee Mug,5,7.86,39.3
INV455910,2024-10-16,CUST0360,Canada,P1003,Notebook Set,3,7.02,21.06
INV545549,2024-10-18,CUST0458,France,P1009,Backpack,3,45.41,136.23
INV146258,2024-11-20,CUST0090,Canada,P1015,Winter Jacket,5,115.2,576.0
INV190569,2023-01-01,CUST0397,Australia,P1008,Water Bottle,4,11.77,47.08
INV255650,2023-01-01,CUST0301,Australia,P1013,Sticky Notes Pack,5,4.22,21.1
INV608856,2024-10-24,CUST0699,Germany,P1015,Winter Jacket,1,115.22,115.22
INV810184,2024-08-25,CUST0269,Brazil,P1011,Table Lamp,1,26.46,26.46
INV161113,2023-06-23,CUST0063,Germany,P1002,Bluetooth Speaker,5,35.24,176.2
INV228305,2023-12-19,CUST0039,Usa,P1004,Desk Lamp,2,21.24,42.48
INV213551,2024-07-28,CUST0430,Australia,P1011,Table Lamp,4,26.33,105.32
INV944471,2024-11-26,CUST0164,France,P1013,Sticky Notes Pack,3,4.42,13.26
INV656080,2024-08-26,CUST0692,Canada,P1015,Winter Jacket,5,118.36,591.8
INV453833,2024-04-24,CUST0142,Germany,P1010,Phone Case,4,10.21,40.84
INV439320,2023-10-07,CUST0719,Germany,P1011,Table Lamp,4,27.74,110.96
INV903923,2024-07-27,CUST0033,Germany,P1010,Phone Case,1,9.92,9.92
INV240199,2024-05-03,CUST0737,Australia,P1002,Bluetooth Speaker,2,34.6,69.2
INV566043,2024-04-18,CUST0147,Germany,P1012,Gaming Headset,4,56.88,227.52
INV396953,2024-10-12,CUST0001,Germany,P1010,Phone Case,5,9.95,49.75
INV789284,2023-11-01,CUST0631,France,P1001,Wireless Mouse,3,15.35,46.05
INV917738,2024-02-11,CUST0052,Australia,P1002,Bluetooth Speaker,2,32.92,65.84
INV161751,2024-04-04,CUST0193,Uk,P1006,Coffee Mug,5,8.57,42.85
INV148276,2024-03-24,CUST0715,France,P1007,Yoga Mat,5,19.82,99.1
INV122004,2024-10-22,CUST0096,Uk,P1008,Water Bottle,1,11.02,11.02
INV247309,2024-08-28,CUST0479,Germany,P1006,Coffee Mug,4,8.63,34.52
INV509898,2024-10-03,CUST0688,Usa,P1006,Coffee Mug,5,7.96,39.8
INV574002,2024-09-26,CUST0360,Canada,P1011,Table Lamp,4,28.45,113.8
INV801494,2024-08-22,CUST0357,Canada,P1013,Sticky Notes Pack,4,4.15,16.6
INV425988,2023-09-22,CUST0495,Canada,P1003,Notebook Set,2,6.76,13.52
INV262605,2024-05-25,CUST0666,Canada,P1003,Notebook Set,4,6.66,26.64
INV617155,2023-11-23,CUST0552,Germany,P1009,Backpack,1,43.36,43.36
INV126057,2024-08-08,CUST0176,Usa,P1003,Notebook Set,3,6.74,20.22
INV800632,2023-09-23,CUST0483,Australia,P1015,Winter Jacket,2,117.86,235.72
INV142654,2024-06-16,CUST0762,Canada,P1010,Phone Case,1,10.35,10.35
INV797138,2023-09-16,CUST0221,France,P1013,Sticky Notes Pack,1,4.13,4.13
INV925925,2024-12-17,CUST0716,Uk,P1004,Desk Lamp,2,22.73,45.46
INV919339,2024-10-12,CUST0694,Germany,P1012,Gaming Headset,5,54.16,270.8
INV122048,2024-08-11,CUST0143,Germany,P1014,Running Shoes,4,62.91,251.64
INV233049,2023-01-01,CUST0590,Brazil,P1007,Yoga Mat,5,20.6,103.0
INV871622,2024-12-20,CUST0273,India,P1011,Table Lamp,1,27.73,27.73
INV904799,2024-12-05,CUST0692,Canada,P1013,Sticky Notes Pack,1,4.33,4.33
INV295908,2024-08-29,CUST0606,Brazil,P1005,Office Chair,5,93.03,465.15
INV350428,2024-08-09,CUST0265,India,P1011,Table Lamp,4,26.17,104.68
INV460620,2024-09-09,CUST0419,India,P1015,Winter Jacket,4,120.65,482.6
INV923968,2024-08-16,CUST0147,Germany,P1011,Table Lamp,3,27.18,81.54
INV465247,2024-05-13,CUST0246,Uk,P1012,Gaming Headset,4,55.79,223.16
INV138947,2024-02-16,CUST0117,Germany,P1001,Wireless Mouse,2,15.31,30.62
INV529219,2023-01-01,CUST0755,Uk,P1001,Wireless Mouse,3,16.51,49.53
INV399810,2024-10-20,CUST0178,Australia,P1014,Running Shoes,5,62.35,311.75
INV365181,2023-08-15,CUST0232,Brazil,P1008,Water Bottle,3,11.77,35.31
INV156958,2023-12-09,CUST0729,Usa,P1015,Winter Jacket,3,124.14,372.42
INV561893,2024-02-14,CUST0723,Australia,P1013,Sticky Notes Pack,3,4.2,12.6
INV907651,2024-12-15,CUST0153,India,P1014,Running Shoes,2,66.26,132.52
INV666692,2024-10-29,CUST0136,Canada,P1010,Phone Case,5,9.62,48.1
INV315564,2024-12-04,CUST0453,Uk,P1003,Notebook Set,3,7.07,21.21
INV844472,2024-07-22,CUST0139,India,P1009,Backpack,5,46.68,233.4
INV960919,2024-09-01,CUST0732,Germany,P1013,Sticky Notes Pack,4,4.22,16.88
INV337508,2024-02-08,CUST0001,Germany,P1003,Notebook Set,5,6.59,32.95
INV296158,2024-04-12,CUST0172,Germany,P1010,Phone Case,4,9.72,38.88
INV263448,2024-08-07,CUST0512,Canada,P1002,Bluetooth Speaker,2,32.86,65.72
INV398186,2024-12-24,CUST0264,France,P1005,Office Chair,3,93.34,280.02
INV341688,2023-01-01,CUST0756,Canada,P1013,Sticky Notes Pack,4,4.09,16.36
INV575475,2023-08-21,CUST0076,India,P1001,Wireless Mouse,1,15.68,15.68
INV579372,2023-09-12,CUST0565,India,P1011,Table Lamp,2,28.45,56.9
INV938446,2024-08-18,CUST0014,Uk,P1003,Notebook Set,4,6.84,27.36
INV318080,2024-06-12,CUST0098,Australia,P1010,Phone Case,3,10.09,30.27
INV425447,2024-01-21,CUST0018,Usa,P1014,Running Shoes,1,67.54,67.54
INV452173,2024-07-08,CUST0784,France,P1001,Wireless Mouse,4,15.97,63.88
INV432707,2024-10-17,CUST0264,France,P1002,Bluetooth Speaker,1,35.22,35.22
INV753385,2024-10-28,CUST0740,Brazil,P1003,Notebook Set,5,6.52,32.6
INV849385,2023-12-31,CUST0228,France,P1001,Wireless Mouse,3,15.42,46.26
INV431047,2024-11-30,CUST0561,Canada,P1013,Sticky Notes Pack,1,4.12,4.12
INV953790,2024-09-20,CUST0325,India,P1011,Table Lamp,4,26.33,105.32
INV619977,2024-12-14,CUST0688,Usa,P1012,Gaming Headset,2,57.6,115.2
INV554094,2024-02-08,CUST0753,Canada,P1008,Water Bottle,2,11.85,23.7
INV490478,2024-02-22,CUST0493,Canada,P1002,Bluetooth Speaker,4,33.69,134.76
INV270549,2023-07-24,CUST0040,Brazil,P1008,Water Bottle,1,11.63,11.63
INV564084,2024-11-24,CUST0348,Australia,P1005,Office Chair,3,92.56,277.68
INV844633,2023-01-01,CUST0076,India,P1006,Coffee Mug,2,8.26,16.52
INV183199,2024-12-13,CUST0349,France,P1003,Notebook Set,3,6.43,19.29
INV352460,2023-11-09,CUST0623,India,P1009,Backpack,4,45.26,181.04
INV924137,2024-08-10,CUST0272,Brazil,P1008,Water Bottle,2,11.45,22.9
INV593939,2023-09-29,CUST0193,Uk,P1006,Coffee Mug,1,8.23,8.23
INV820784,2024-12-06,CUST0208,Usa,P1001,Wireless Mouse,2,15.38,30.76
INV986858,2023-01-01,CUST0370,India,P1005,Office Chair,5,89.94,449.7
INV236521,2024-11-09,CUST0331,Uk,P1004,Desk Lamp,1,22.71,22.71
INV363199,2024-03-14,CUST0739,Australia,P1008,Water Bottle,1,11.95,11.95
INV797198,2024-11-25,CUST0001,Germany,P1007,Yoga Mat,2,20.11,40.22
INV312204,2024-05-29,CUST0587,Canada,P1005,Office Chair,5,87.82,439.1
INV980499,2024-12-21,CUST0623,India,P1009,Backpack,3,45.49,136.47
INV964484,2024-06-09,CUST0359,Usa,P1009,Backpack,4,43.72,174.88
INV962019,2024-10-27,CUST0636,Australia,P1005,Office Chair,2,88.55,177.1
INV754316,2024-01-19,CUST0681,Germany,P1014,Running Shoes,5,61.94,309.7
INV967059,2024-11-15,CUST0301,Australia,P1015,Winter Jacket,4,125.97,503.88
INV390087,2024-07-16,CUST0585,Brazil,P1009,Backpack,5,45.65,228.25
INV899352,2023-07-05,CUST0190,Canada,P1012,Gaming Headset,4,55.51,222.04
INV243061,2024-03-16,CUST0761,Brazil,P1002,Bluetooth Speaker,3,35.9,107.7
INV894777,2024-05-12,CUST0400,Uk,P1013,Sticky Notes Pack,1,4.37,4.37
INV915952,2023-12-03,CUST0712,France,P1003,Notebook Set,5,6.77,33.85
INV620357,2024-11-09,CUST0137,France,P1013,Sticky Notes Pack,4,4.38,17.52
INV521165,2024-06-26,CUST0627,Australia,P1008,Water Bottle,2,11.23,22.46
INV789156,2024-07-05,CUST0204,Australia,P1012,Gaming Headset,5,56.87,284.35
INV871060,2024-10-20,CUST0439,France,P1007,Yoga Mat,3,19.93,59.79
INV169300,2024-10-02,CUST0438,Brazil,P1012,Gaming Headset,5,53.32,266.6
INV310903,2023-01-01,CUST0688,Usa,P1004,Desk Lamp,2,22.49,44.98
INV169014,2023-11-15,CUST0116,India,P1012,Gaming Headset,5,54.43,272.15
INV689675,2024-01-07,CUST0386,India,P1003,Notebook Set,2,6.93,13.86
INV893446,2024-10-13,CUST0180,India,P1008,Water Bottle,1,12.01,12.01
INV999279,2024-02-06,CUST0035,Australia,P1008,Water Bottle,2,11.97,23.94
INV867915,2024-09-26,CUST0073,Canada,P1014,Running Shoes,5,62.6,313.0
INV159708,2023-01-01,CUST0252,Australia,P1012,Gaming Headset,4,54.01,216.04
INV464467,2024-01-30,CUST0398,Usa,P1015,Winter Jacket,2,121.6,243.2
INV712530,2023-09-05,CUST0355,France,P1010,Phone Case,4,10.26,41.04
INV172926,2024-04-18,CUST0634,Usa,P1014,Running Shoes,5,62.69,313.45
INV160692,2024-09-18,CUST0546,Australia,P1005,Office Chair,2,90.06,180.12
INV566734,2024-05-01,CUST0621,Usa,P1005,Office Chair,3,89.76,269.28
INV535072,2024-07-28,CUST0651,Brazil,P1002,Bluetooth Speaker,5,36.19,180.95
INV459529,2023-10-19,CUST0003,Australia,P1011,Table Lamp,5,26.58,132.9
INV125297,2023-01-01,CUST0333,Canada,P1003,Notebook Set,2,6.91,13.82
INV771335,2024-09-26,CUST0542,Australia,P1010,Phone Case,2,10.29,20.58
INV515549,2024-11-12,CUST0025,Uk,P1010,Phone Case,2,9.8,19.6
INV911076,2024-07-14,CUST0754,Australia,P1014,Running Shoes,3,64.11,192.33
INV272056,2023-10-28,CUST0003,Australia,P1007,Yoga Mat,4,19.61,78.44
INV183633,2023-05-29,CUST0512,Canada,P1011,Table Lamp,4,28.7,114.8
INV351408,2024-07-21,CUST0220,Brazil,P1007,Yoga Mat,5,20.11,100.55
INV833836,2024-10-30,CUST0472,Brazil,P1007,Yoga Mat,3,20.57,61.71
INV241104,2024-11-04,CUST0329,Uk,P1010,Phone Case,5,10.19,50.95
INV485144,2023-01-01,CUST0505,Uk,P1006,Coffee Mug,4,8.5,34.0
INV541051,2024-08-21,CUST0112,Germany,P1001,Wireless Mouse,1,15.3,15.3
INV351834,2024-09-15,CUST0634,Usa,P1014,Running Shoes,4,66.0,264.0
INV364074,2024-01-08,CUST0357,Canada,P1011,Table Lamp,1,27.11,27.11
INV967841,2024-10-23,CUST0458,France,P1015,Winter Jacket,4,118.14,472.56
